,21145134
+NAME+ADDRESS+PHONE+SSN,144544
+NAME+ADDRESS+PHONE,130281
+NAME+PHONE+SSN,127312
+NAME+PHONE,104872
+NAME+ADDRESS+SSN,77326
+NAME+SSN,66656
+NAME+ADDRESS+PHONE+SSN+ACCT_NUM,63495
+NAME+ADDRESS+PHONE+ACCT_NUM,62940
+NAME+ADDRESS,62852
+NAME+DOB+ADDRESS+PHONE+SSN,60648
+NAME+PHONE+SSN+ACCT_NUM,57270
+PNAME+ADDRESS+PHONE+SSN,57170
+NAME+PHONE+ACCT_NUM,57058
+NAME+DOB+ADDRESS+PHONE,53130
+NAME+DOB+PHONE+SSN,51959
+PNAME+PHONE+SSN,49562
+NAME+ADDRESS+PHONE+SSN+DRLIC,43219
+NAME+ADDRESS+PHONE+DRLIC,41970
+NAME+DOB+PHONE,40549
+NAME+PHONE+SSN+DRLIC,38738
+NAME+PHONE+DRLIC,37385
+NAME+ADDRESS+SSN+ACCT_NUM,34804
+NAME+ADDRESS+ACCT_NUM,34530
+NAME+ACCT_NUM,33559
+NAME+ADDRESS+PHONE+SSN+PASSPORT,32882
+NAME+SSN+ACCT_NUM,32573
+NAME+DOB+ADDRESS+SSN,31441
+NAME+ADDRESS+PHONE+PASSPORT,31132
+PNAME+ADDRESS+SSN,30269
+NAME+PHONE+SSN+PASSPORT,29043
+NAME+DOB+SSN,28239
+NAME+PHONE+PASSPORT,26917
+NAME+DOB+ADDRESS+PHONE+ACCT_NUM,26337
+NAME+DOB+ADDRESS+PHONE+SSN+ACCT_NUM,25788
+PNAME+ADDRESS+PHONE+SSN+ACCT_NUM,25655
+PNAME+ADDRESS+PHONE+ACCT_NUM,25349
+NAME+DOB+ADDRESS,25093
+PNAME+PHONE+ACCT_NUM,24947
+PNAME+PHONE+SSN+ACCT_NUM,24023
+NAME+ADDRESS+SSN+DRLIC,23548
+PNAME+DOB+ADDRESS+PHONE+SSN,23329
+NAME+DOB+PHONE+ACCT_NUM,23177
+NAME+DOB+PHONE+SSN+ACCT_NUM,22620
+NAME+ADDRESS+DRLIC,22536
+PNAME+SSN,22376
+NAME+SSN+DRLIC,21878
+PNAME+DOB+PHONE+SSN,20642
+NAME+ADDRESS+PHONE+SSN+LOGIN_ID,19629
+NAME+ADDRESS+PHONE+LOGIN_ID,19001
+NAME+ADDRESS+PHONE+SSN+DRLIC+ACCT_NUM,18614
+NAME+ADDRESS+PHONE+DRLIC+ACCT_NUM,18108
+NAME+DOB+ADDRESS+PHONE+DRLIC,17862
+NAME+DOB+ADDRESS+PHONE+SSN+DRLIC,17792
+NAME+PHONE+SSN+LOGIN_ID,17765
+NAME+ADDRESS+SSN+PASSPORT,17507
+PNAME+ADDRESS+PHONE+SSN+DRLIC,17426
+NAME+PHONE+LOGIN_ID,17202
+NAME+ADDRESS+PASSPORT,16465
+NAME+PHONE+DRLIC+ACCT_NUM,16107
+PNAME+PHONE+SSN+DRLIC,16102
+NAME+SSN+PASSPORT,16061
+NAME+PHONE+SSN+DRLIC+ACCT_NUM,16017
+NAME+DOB+PHONE+SSN+DRLIC,15307
+NAME+DOB,15248
+PNAME+ADDRESS+ACCT_NUM,15064
+NAME+DOB+PHONE+DRLIC,14946
+PNAME+ADDRESS+SSN+ACCT_NUM,14581
+PNAME+SSN+ACCT_NUM,14469
+NAME+ADDRESS+PHONE+PASSPORT+ACCT_NUM,14220
+PNAME+DOB+ADDRESS+PHONE,14150
+NAME+DOB+ADDRESS+ACCT_NUM,14020
+NAME+ADDRESS+PHONE+SSN+PASSPORT+ACCT_NUM,13928
+NAME+DOB+ADDRESS+PHONE+SSN+PASSPORT,13729
+NAME+DOB+ADDRESS+SSN+ACCT_NUM,13708
+NAME+DOB+ADDRESS+PHONE+PASSPORT,13535
+PNAME+ADDRESS+PHONE+SSN+PASSPORT,13078
+NAME+DOB+ACCT_NUM,12876
+NAME+DRLIC,12440
+PNAME+DOB+ADDRESS+SSN,12431
+NAME+PHONE+SSN+PASSPORT+ACCT_NUM,12279
+NAME+DOB+SSN+ACCT_NUM,12269
+NAME+PHONE+PASSPORT+ACCT_NUM,12051
+PNAME+PHONE+SSN+PASSPORT,11677
+NAME+DOB+PHONE+SSN+PASSPORT,11397
+PNAME+ADDRESS+PHONE+PASSPORT,11328
+PNAME+DOB+SSN,11230
+NAME+PASSPORT,11047
+NAME+DOB+PHONE+PASSPORT,11002
+PNAME+ADDRESS+PHONE+DRLIC,10732
+NAME+ADDRESS+SSN+LOGIN_ID,10711
+NAME+ADDRESS+LOGIN_ID,10516
+PNAME+DOB+ADDRESS+PHONE+ACCT_NUM,10503
+PNAME+DOB+ADDRESS+PHONE+SSN+ACCT_NUM,10478
+NAME+LOGIN_ID,10137
+NAME+SSN+LOGIN_ID,9844
+NAME+ADDRESS+SSN+DRLIC+ACCT_NUM,9746
+PNAME+ADDRESS+SSN+DRLIC,9706
+PNAME+DOB+PHONE+ACCT_NUM,9672
+NAME+ADDRESS+PHONE+SSN+DRLIC+PASSPORT,9667
+NAME+ADDRESS+DRLIC+ACCT_NUM,9553
+NAME+ADDRESS+PHONE+DRLIC+PASSPORT,9412
+PNAME+DOB+PHONE+SSN+ACCT_NUM,9386
+NAME+DOB+ADDRESS+SSN+DRLIC,9346
+NAME+DOB+ADDRESS+DRLIC,9062
+NAME+SSN+DRLIC+ACCT_NUM,8976
+PNAME+PHONE+DRLIC,8957
+NAME+DRLIC+ACCT_NUM,8626
+NAME+ADDRESS+PHONE+LOGIN_ID+ACCT_NUM,8401
+NAME+PHONE+SSN+DRLIC+PASSPORT,8368
+NAME+DOB+SSN+DRLIC,8318
+NAME+PHONE+DRLIC+PASSPORT,8201
+PNAME+PHONE+PASSPORT,8194
+NAME+DOB+ADDRESS+PHONE+LOGIN_ID,8160
+NAME+DOB+DRLIC,8148
+PNAME+SSN+DRLIC,7981
+NAME+ADDRESS+PHONE+SSN+LOGIN_ID+ACCT_NUM,7887
+NAME+DOB+ADDRESS+PHONE+DRLIC+ACCT_NUM,7884
+NAME+DOB+ADDRESS+PHONE+SSN+LOGIN_ID,7786
+PNAME+ADDRESS+PHONE+SSN+LOGIN_ID,7774
+NAME+DOB+ADDRESS+PHONE+SSN+DRLIC+ACCT_NUM,7694
+PNAME+ADDRESS+PHONE+LOGIN_ID,7631
+PNAME+ADDRESS+PHONE+SSN+DRLIC+ACCT_NUM,7507
+NAME+ADDRESS+PASSPORT+ACCT_NUM,7477
+NAME+ADDRESS+SSN+PASSPORT+ACCT_NUM,7471
+PNAME+PHONE+SSN+LOGIN_ID,7408
+PNAME+PHONE+LOGIN_ID,7394
+NAME+PHONE+LOGIN_ID+ACCT_NUM,7282
+PNAME+ADDRESS+PHONE+DRLIC+ACCT_NUM,7276
+NAME+DOB+PHONE+LOGIN_ID,7125
+NAME+DOB+ADDRESS+SSN+PASSPORT,7102
+NAME+PHONE+SSN+LOGIN_ID+ACCT_NUM,7063
+PNAME+DOB+ADDRESS+PHONE+SSN+DRLIC,7030
+PNAME+ADDRESS+SSN+PASSPORT,6945
+PNAME+DOB+ADDRESS+PHONE+DRLIC,6864
+NAME+DOB+PHONE+SSN+LOGIN_ID,6752
+NAME+SSN+PASSPORT+ACCT_NUM,6679
+PNAME+PHONE+DRLIC+ACCT_NUM,6679
+NAME+PASSPORT+ACCT_NUM,6665
+PNAME+PHONE+SSN+DRLIC+ACCT_NUM,6632
+NAME+DOB+ADDRESS+PASSPORT,6611
+NAME+DOB+PHONE+DRLIC+ACCT_NUM,6605
+PNAME+SSN+PASSPORT,6448
+NAME+DOB+PHONE+SSN+DRLIC+ACCT_NUM,6329
+NAME+DOB+SSN+PASSPORT,6220
+PNAME+DOB+PHONE+DRLIC,6188
+NAME+DOB+ADDRESS+PHONE+PASSPORT+ACCT_NUM,6110
+PNAME+DOB+PHONE+SSN+DRLIC,6082
+PNAME+DOB+ADDRESS+ACCT_NUM,5880
+PNAME+ADDRESS+PHONE+SSN+PASSPORT+ACCT_NUM,5812
+PNAME+DOB+ACCT_NUM,5790
+PNAME+DOB+ADDRESS+SSN+ACCT_NUM,5785
+NAME+DOB+ADDRESS+PHONE+SSN+PASSPORT+ACCT_NUM,5748
+NAME+ADDRESS+PHONE+DRLIC+LOGIN_ID,5731
+DOB+ADDRESS+PHONE+SSN,5537
+PNAME+ADDRESS+PHONE+PASSPORT+ACCT_NUM,5511
+NAME+ADDRESS+PHONE+SSN+DRLIC+LOGIN_ID,5494
+PNAME+ADDRESS+DRLIC,5465
+NAME+DOB+PASSPORT,5448
+PNAME+DOB+ADDRESS+PHONE+SSN+PASSPORT,5388
+PNAME+DOB+SSN+ACCT_NUM,5351
+PNAME+PHONE+PASSPORT+ACCT_NUM,5129
+PNAME+PHONE+SSN+PASSPORT+ACCT_NUM,5115
+NAME+ADDRESS+SSN+DRLIC+PASSPORT,5100
+NAME+ADDRESS+DRLIC+PASSPORT,5012
+PNAME+DOB+ADDRESS+PHONE+PASSPORT,5010
+NAME+DOB+PHONE+PASSPORT+ACCT_NUM,4995
+PNAME+ADDRESS+PASSPORT,4978
+NAME+PHONE+SSN+DRLIC+LOGIN_ID,4821
+NAME+DOB+PHONE+SSN+PASSPORT+ACCT_NUM,4763
+PNAME+DOB+PHONE+SSN+PASSPORT,4707
+NAME+PHONE+DRLIC+LOGIN_ID,4628
+NAME+ADDRESS+PHONE+DRLIC+PASSPORT+ACCT_NUM,4600
+PNAME+ADDRESS+LOGIN_ID,4544
+PNAME+ADDRESS+SSN+LOGIN_ID,4439
+NAME+ADDRESS+SSN+LOGIN_ID+ACCT_NUM,4438
+NAME+SSN+DRLIC+PASSPORT,4432
+NAME+DOB+ADDRESS+LOGIN_ID,4410
+NAME+ADDRESS+PHONE+PASSPORT+LOGIN_ID,4401
+PNAME+SSN+LOGIN_ID,4297
+NAME+ADDRESS+LOGIN_ID+ACCT_NUM,4290
+NAME+DOB+ADDRESS+SSN+LOGIN_ID,4215
+NAME+DOB+ADDRESS+PHONE+DRLIC+PASSPORT,4205
+NAME+ADDRESS+PHONE+SSN+PASSPORT+LOGIN_ID,4203
+NAME+ADDRESS+PHONE+SSN+DRLIC+PASSPORT+ACCT_NUM,4160
+PNAME+DOB+PHONE+PASSPORT,4147
+NAME+DOB+ADDRESS+PHONE+SSN+DRLIC+PASSPORT,4117
+PNAME+ADDRESS+SSN+DRLIC+ACCT_NUM,4094
+NAME+SSN+LOGIN_ID+ACCT_NUM,4070
+NAME+DOB+ADDRESS+DRLIC+ACCT_NUM,4027
+PNAME+ADDRESS+DRLIC+ACCT_NUM,4020
+PNAME+SSN+DRLIC+ACCT_NUM,3942
+NAME+DOB+SSN+LOGIN_ID,3863
+PNAME+ADDRESS+PHONE+SSN+DRLIC+PASSPORT,3858
+PNAME+DOB+ADDRESS+SSN+DRLIC,3840
+NAME+DOB+LOGIN_ID,3837
+NAME+DRLIC+PASSPORT,3822
+NAME+DOB+ADDRESS+SSN+DRLIC+ACCT_NUM,3795
+NAME+LOGIN_ID+ACCT_NUM,3792
+NAME+PHONE+SSN+PASSPORT+LOGIN_ID,3752
+PNAME+DOB+ADDRESS+DRLIC,3725
+NAME+PHONE+PASSPORT+LOGIN_ID,3694
+DOB+PHONE+SSN,3631
+PNAME+ADDRESS+PHONE+DRLIC+PASSPORT,3559
+NAME+PHONE+DRLIC+PASSPORT+ACCT_NUM,3513
+PNAME+DOB+SSN+DRLIC,3506
+NAME+DOB+DRLIC+ACCT_NUM,3489
+NAME+DOB+ADDRESS+PHONE+LOGIN_ID+ACCT_NUM,3448
+NAME+DOB+SSN+DRLIC+ACCT_NUM,3426
+NAME+DOB+PHONE+DRLIC+PASSPORT,3419
+NAME+PHONE+SSN+DRLIC+PASSPORT+ACCT_NUM,3417
+PNAME+PHONE+SSN+DRLIC+PASSPORT,3352
+PNAME+ADDRESS+PHONE+SSN+LOGIN_ID+ACCT_NUM,3282
+NAME+DOB+PHONE+SSN+DRLIC+PASSPORT,3237
+PNAME+DOB+ADDRESS+PHONE+LOGIN_ID,3198
+PNAME+DOB+ADDRESS+PHONE+SSN+LOGIN_ID,3190
+PNAME+ADDRESS+SSN+PASSPORT+ACCT_NUM,3120
+PNAME+ADDRESS+PASSPORT+ACCT_NUM,3088
+PNAME+ADDRESS+PHONE+LOGIN_ID+ACCT_NUM,3079
+PNAME+DOB+ADDRESS+PHONE+SSN+DRLIC+ACCT_NUM,3074
+NAME+DOB+ADDRESS+PASSPORT+ACCT_NUM,3045
+PNAME+DOB+ADDRESS+PHONE+DRLIC+ACCT_NUM,2991
+NAME+DOB+ADDRESS+SSN+PASSPORT+ACCT_NUM,2958
+NAME+ADDRESS+SSN+DRLIC+LOGIN_ID,2957
+PNAME+PHONE+SSN+LOGIN_ID+ACCT_NUM,2946
+PNAME+SSN+PASSPORT+ACCT_NUM,2928
+NAME+ADDRESS+DRLIC+LOGIN_ID,2924
+NAME+DOB+ADDRESS+PHONE+SSN+LOGIN_ID+ACCT_NUM,2920
+NAME+DOB+PHONE+LOGIN_ID+ACCT_NUM,2901
+PNAME+PHONE+DRLIC+PASSPORT,2892
+PNAME+PHONE+LOGIN_ID+ACCT_NUM,2836
+PNAME+DOB+PHONE+SSN+LOGIN_ID,2831
+PNAME+DOB+PHONE+LOGIN_ID,2824
+PNAME+DOB+ADDRESS+SSN+PASSPORT,2818
+NAME+SSN+DRLIC+LOGIN_ID,2746
+PNAME+DOB+PHONE+DRLIC+ACCT_NUM,2746
+NAME+DOB+PASSPORT+ACCT_NUM,2700
+NAME+ADDRESS+PHONE+DRLIC+LOGIN_ID+ACCT_NUM,2679
+NAME+DOB+PHONE+SSN+LOGIN_ID+ACCT_NUM,2637
+PNAME+DOB+SSN+PASSPORT,2592
+PNAME+DOB+PHONE+SSN+DRLIC+ACCT_NUM,2565
+NAME+DOB+SSN+PASSPORT+ACCT_NUM,2554
+PNAME+DOB+ADDRESS+PASSPORT,2553
+DOB+ADDRESS+PHONE+SSN+ACCT_NUM,2552
+NAME+DRLIC+LOGIN_ID,2552
+NAME+DOB+ADDRESS+PHONE+DRLIC+LOGIN_ID,2502
+PNAME+DOB+ADDRESS+PHONE+PASSPORT+ACCT_NUM,2361
+NAME+ADDRESS+SSN+PASSPORT+LOGIN_ID,2344
+DOB+ADDRESS+PHONE+SSN+DRLIC,2283
+PNAME+ADDRESS+PHONE+SSN+DRLIC+LOGIN_ID,2278
+PNAME+DOB+ADDRESS+PHONE+SSN+PASSPORT+ACCT_NUM,2272
+NAME+ADDRESS+PASSPORT+LOGIN_ID,2241
+NAME+ADDRESS+DRLIC+PASSPORT+ACCT_NUM,2180
+PNAME+DOB+DRLIC,2148
+NAME+ADDRESS+SSN+DRLIC+PASSPORT+ACCT_NUM,2127
+PNAME+ADDRESS+PHONE+DRLIC+LOGIN_ID,2122
+NAME+ADDRESS+PHONE+PASSPORT+LOGIN_ID+ACCT_NUM,2110
+PNAME+ADDRESS+SSN+DRLIC+PASSPORT,2101
+NAME+ADDRESS+PHONE+SSN+DRLIC+LOGIN_ID+ACCT_NUM,2098
+NAME+PHONE+DRLIC+LOGIN_ID+ACCT_NUM,2056
+NAME+DOB+ADDRESS+PHONE+SSN+DRLIC+LOGIN_ID,2055
+PNAME+PHONE+SSN+DRLIC+LOGIN_ID,2042
+NAME+SSN+PASSPORT+LOGIN_ID,2039
+SURNAME+DOB+ADDRESS+PHONE+SSN,2033
+NAME+DOB+ADDRESS+SSN+DRLIC+PASSPORT,2021
+PNAME+DOB+PHONE+SSN+PASSPORT+ACCT_NUM,2016
+NAME+PASSPORT+LOGIN_ID,2003
+NAME+DOB+PHONE+DRLIC+LOGIN_ID,1989
+PNAME+DOB+PHONE+PASSPORT+ACCT_NUM,1982
+PNAME+PHONE+DRLIC+LOGIN_ID,1981
+NAME+DOB+ADDRESS+DRLIC+PASSPORT,1962
+PNAME+DOB+PASSPORT,1928
+NAME+SSN+DRLIC+PASSPORT+ACCT_NUM,1910
+PNAME+SSN+DRLIC+PASSPORT,1873
+NAME+DOB+ADDRESS+PHONE+DRLIC+PASSPORT+ACCT_NUM,1871
+DOB+ADDRESS+PHONE+SSN+PASSPORT,1866
+NAME+DOB+PHONE+SSN+DRLIC+LOGIN_ID,1856
+NAME+DOB+ADDRESS+PHONE+PASSPORT+LOGIN_ID,1852
+NAME+DOB+DRLIC+PASSPORT,1852
+NAME+DOB+ADDRESS+LOGIN_ID+ACCT_NUM,1850
+DOB+ADDRESS+SSN,1820
+NAME+PHONE+SSN+DRLIC+LOGIN_ID+ACCT_NUM,1804
+NAME+DRLIC+PASSPORT+ACCT_NUM,1797
+PNAME+ADDRESS+SSN+LOGIN_ID+ACCT_NUM,1777
+NAME+DOB+ADDRESS+PHONE+SSN+DRLIC+PASSPORT+ACCT_NUM,1768
+PNAME+SSN+LOGIN_ID+ACCT_NUM,1762
+PNAME+DOB+LOGIN_ID,1753
+PNAME+DOB+ADDRESS+SSN+LOGIN_ID,1733
+PNAME+ADDRESS+DRLIC+PASSPORT,1732
+PNAME+DOB+ADDRESS+LOGIN_ID,1722
+NAME+DOB+SSN+DRLIC+PASSPORT,1722
+PNAME+ADDRESS+PHONE+SSN+PASSPORT+LOGIN_ID,1719
+NAME+DOB+ADDRESS+SSN+LOGIN_ID+ACCT_NUM,1712
+PNAME+ADDRESS+LOGIN_ID+ACCT_NUM,1706
+PNAME+ADDRESS+PHONE+SSN+DRLIC+PASSPORT+ACCT_NUM,1680
+PNAME+ADDRESS+PHONE+DRLIC+PASSPORT+ACCT_NUM,1639
+PNAME+DOB+ADDRESS+PHONE+SSN+DRLIC+PASSPORT,1624
+NAME+ADDRESS+PHONE+SSN+PASSPORT+LOGIN_ID+ACCT_NUM,1619
+PNAME+DOB+ADDRESS+SSN+DRLIC+ACCT_NUM,1614
+PNAME+DOB+ADDRESS+PHONE+DRLIC+PASSPORT,1594
+PNAME+ADDRESS+PHONE+PASSPORT+LOGIN_ID,1591
+NAME+DOB+LOGIN_ID+ACCT_NUM,1589
+NAME+PHONE+PASSPORT+LOGIN_ID+ACCT_NUM,1587
+PNAME+DOB+SSN+LOGIN_ID,1584
+PNAME+PHONE+SSN+PASSPORT+LOGIN_ID,1574
+NAME+DOB+ADDRESS+PHONE+SSN+PASSPORT+LOGIN_ID,1563
+PNAME+DOB+DRLIC+ACCT_NUM,1558
+DOB+PHONE+SSN+ACCT_NUM,1545
+PNAME+DOB+ADDRESS+DRLIC+ACCT_NUM,1543
+NAME+DOB+PHONE+PASSPORT+LOGIN_ID,1526
+NAME+DOB+PHONE+DRLIC+PASSPORT+ACCT_NUM,1502
+NAME+DOB+SSN+LOGIN_ID+ACCT_NUM,1500
+NAME+PHONE+SSN+PASSPORT+LOGIN_ID+ACCT_NUM,1496
+NAME+DOB+PHONE+SSN+PASSPORT+LOGIN_ID,1440
+PNAME+DOB+PHONE+DRLIC+PASSPORT,1430
+PNAME+PHONE+PASSPORT+LOGIN_ID,1426
+PNAME+DOB+SSN+DRLIC+ACCT_NUM,1420
+PNAME+PHONE+SSN+DRLIC+PASSPORT+ACCT_NUM,1402
+PNAME+PHONE+DRLIC+PASSPORT+ACCT_NUM,1393
+PNAME+DOB+ADDRESS+PHONE+SSN+LOGIN_ID+ACCT_NUM,1392
+DOB+PHONE+SSN+DRLIC,1384
+NAME+ADDRESS+PHONE+DRLIC+PASSPORT+LOGIN_ID,1383
+NAME+DOB+PHONE+SSN+DRLIC+PASSPORT+ACCT_NUM,1382
+PNAME+DOB+PHONE+SSN+DRLIC+PASSPORT,1321
+NAME+ADDRESS+DRLIC+LOGIN_ID+ACCT_NUM,1310
+PNAME+DOB+ADDRESS+PHONE+LOGIN_ID+ACCT_NUM,1303
+NAME+ADDRESS+SSN+DRLIC+LOGIN_ID+ACCT_NUM,1257
+PNAME+DOB+ADDRESS+PASSPORT+ACCT_NUM,1248
+PNAME+ADDRESS+SSN+DRLIC+LOGIN_ID,1229
+NAME+DOB+ADDRESS+DRLIC+LOGIN_ID,1229
+PNAME+DOB+ADDRESS+SSN+PASSPORT+ACCT_NUM,1214
+SURNAME+DOB+PHONE+SSN,1203
+PNAME+SSN+DRLIC+LOGIN_ID,1193
+PNAME+ADDRESS+DRLIC+LOGIN_ID,1183
+PNAME+DOB+PHONE+LOGIN_ID+ACCT_NUM,1179
+PNAME+DOB+PASSPORT+ACCT_NUM,1177
+NAME+DOB+ADDRESS+SSN+DRLIC+LOGIN_ID,1172
+NAME+ADDRESS+PHONE+SSN+DRLIC+PASSPORT+LOGIN_ID,1154
+NAME+SSN+DRLIC+LOGIN_ID+ACCT_NUM,1151
+DOB+ADDRESS+PHONE+SSN+DRLIC+ACCT_NUM,1149
+NAME+PHONE+DRLIC+PASSPORT+LOGIN_ID,1120
+DOB+PHONE+SSN+PASSPORT,1115
+PNAME+DOB+PHONE+SSN+LOGIN_ID+ACCT_NUM,1114
+PNAME+DOB+SSN+PASSPORT+ACCT_NUM,1094
+NAME+DOB+DRLIC+LOGIN_ID,1087
+NAME+DRLIC+LOGIN_ID+ACCT_NUM,1041
+NAME+DOB+SSN+DRLIC+LOGIN_ID,1023
+NAME+PHONE+SSN+DRLIC+PASSPORT+LOGIN_ID,1007
+SURNAME+DOB+ADDRESS+PHONE+SSN+ACCT_NUM,994
+NAME+DOB+ADDRESS+PHONE+DRLIC+LOGIN_ID+ACCT_NUM,990
+NAME+ADDRESS+PASSPORT+LOGIN_ID+ACCT_NUM,969
+DOB+ADDRESS+PHONE+SSN+PASSPORT+ACCT_NUM,969
+NAME+DOB+ADDRESS+PASSPORT+LOGIN_ID,967
+PNAME+ADDRESS+SSN+PASSPORT+LOGIN_ID,955
+PNAME+DOB+ADDRESS+PHONE+DRLIC+LOGIN_ID,926
+PNAME+ADDRESS+PHONE+SSN+DRLIC+LOGIN_ID+ACCT_NUM,924
+PNAME+DOB+ADDRESS+PHONE+SSN+DRLIC+LOGIN_ID,919
+NAME+DOB+ADDRESS+SSN+PASSPORT+LOGIN_ID,916
+PNAME+ADDRESS+PASSPORT+LOGIN_ID,905
+NAME+ADDRESS+SSN+PASSPORT+LOGIN_ID+ACCT_NUM,903
+SURNAME+DOB+ADDRESS+PHONE+SSN+DRLIC,901
+NAME+DOB+ADDRESS+DRLIC+PASSPORT+ACCT_NUM,899
+PNAME+ADDRESS+DRLIC+PASSPORT+ACCT_NUM,883
+PNAME+ADDRESS+SSN+DRLIC+PASSPORT+ACCT_NUM,872
+NAME+DOB+PHONE+DRLIC+LOGIN_ID+ACCT_NUM,865
+PNAME+ADDRESS+PHONE+DRLIC+LOGIN_ID+ACCT_NUM,856
+PNAME+DOB+SSN+DRLIC+PASSPORT,850
+PNAME+DOB+ADDRESS+DRLIC+PASSPORT,841
+PNAME+SSN+DRLIC+PASSPORT+ACCT_NUM,829
+PNAME+PHONE+SSN+DRLIC+LOGIN_ID+ACCT_NUM,827
+PNAME+DOB+PHONE+DRLIC+LOGIN_ID,827
+NAME+SSN+PASSPORT+LOGIN_ID+ACCT_NUM,820
+NAME+DOB+PASSPORT+LOGIN_ID,813
+PNAME+SSN+PASSPORT+LOGIN_ID,811
+NAME+DOB+ADDRESS+SSN+DRLIC+PASSPORT+ACCT_NUM,804
+NAME+DOB+SSN+PASSPORT+LOGIN_ID,803
+PNAME+PHONE+DRLIC+LOGIN_ID+ACCT_NUM,801
+NAME+PASSPORT+LOGIN_ID+ACCT_NUM,799
+NAME+DOB+ADDRESS+PHONE+SSN+DRLIC+LOGIN_ID+ACCT_NUM,794
+PNAME+DOB+ADDRESS+SSN+DRLIC+PASSPORT,791
+PNAME+DOB+PHONE+SSN+DRLIC+LOGIN_ID,785
+NAME+DOB+ADDRESS+PHONE+PASSPORT+LOGIN_ID+ACCT_NUM,783
+DOB+ADDRESS+SSN+ACCT_NUM,756
+NAME+DOB+DRLIC+PASSPORT+ACCT_NUM,751
+PNAME+DOB+ADDRESS+PHONE+SSN+PASSPORT+LOGIN_ID,743
+NAME+ADDRESS+PHONE+DRLIC+PASSPORT+LOGIN_ID+ACCT_NUM,742
+SURNAME+DOB+ADDRESS+PHONE+SSN+PASSPORT,739
+NAME+DOB+SSN+DRLIC+PASSPORT+ACCT_NUM,733
+PNAME+DOB+ADDRESS+LOGIN_ID+ACCT_NUM,732
+PNAME+DOB+ADDRESS+PHONE+SSN+DRLIC+PASSPORT+ACCT_NUM,732
+PNAME+ADDRESS+PHONE+SSN+PASSPORT+LOGIN_ID+ACCT_NUM,730
+PNAME+DOB+ADDRESS+PHONE+DRLIC+PASSPORT+ACCT_NUM,726
+PNAME+DOB+ADDRESS+PHONE+PASSPORT+LOGIN_ID,703
+PNAME+DOB+ADDRESS+SSN+LOGIN_ID+ACCT_NUM,700
+DOB+ADDRESS+PHONE+SSN+DRLIC+PASSPORT,692
+PNAME+DOB+LOGIN_ID+ACCT_NUM,690
+PNAME+DOB+DRLIC+PASSPORT,689
+NAME+DOB+PHONE+SSN+DRLIC+LOGIN_ID+ACCT_NUM,686
+DOB+ADDRESS+PHONE+SSN+LOGIN_ID,680
+PNAME+DOB+SSN+LOGIN_ID+ACCT_NUM,678
+NAME+ADDRESS+DRLIC+PASSPORT+LOGIN_ID,670
+DOB+ADDRESS+SSN+DRLIC,669
+NAME+ADDRESS+SSN+DRLIC+PASSPORT+LOGIN_ID,669
+PNAME+ADDRESS+PHONE+PASSPORT+LOGIN_ID+ACCT_NUM,647
+PNAME+DOB+PHONE+PASSPORT+LOGIN_ID,641
+PNAME+DOB+PHONE+SSN+PASSPORT+LOGIN_ID,627
+PNAME+PHONE+PASSPORT+LOGIN_ID+ACCT_NUM,627
+PNAME+PHONE+SSN+PASSPORT+LOGIN_ID+ACCT_NUM,627
+NAME+DOB+PHONE+PASSPORT+LOGIN_ID+ACCT_NUM,623
+DOB+PHONE+SSN+DRLIC+ACCT_NUM,617
+NAME+DOB+ADDRESS+PHONE+SSN+PASSPORT+LOGIN_ID+ACCT_NUM,613
+SURNAME+DOB+ADDRESS+SSN,597
+PNAME+DOB+PHONE+SSN+DRLIC+PASSPORT+ACCT_NUM,587
+PNAME+DOB+PHONE+DRLIC+PASSPORT+ACCT_NUM,581
+NAME+DRLIC+PASSPORT+LOGIN_ID,559
+NAME+SSN+DRLIC+PASSPORT+LOGIN_ID,557
+DOB+ADDRESS+SSN+PASSPORT,554
+NAME+DOB+ADDRESS+DRLIC+LOGIN_ID+ACCT_NUM,551
+NAME+DOB+ADDRESS+PHONE+DRLIC+PASSPORT+LOGIN_ID,550
+PNAME+ADDRESS+SSN+DRLIC+LOGIN_ID+ACCT_NUM,538
+NAME+DOB+PHONE+SSN+PASSPORT+LOGIN_ID+ACCT_NUM,534
+SURNAME+DOB+PHONE+SSN+ACCT_NUM,524
+NAME+PHONE+DRLIC+PASSPORT+LOGIN_ID+ACCT_NUM,511
+PNAME+ADDRESS+DRLIC+LOGIN_ID+ACCT_NUM,501
+PNAME+DOB+ADDRESS+DRLIC+LOGIN_ID,490
+PNAME+DOB+ADDRESS+SSN+DRLIC+LOGIN_ID,483
+DOB+PHONE+SSN+PASSPORT+ACCT_NUM,477
+PNAME+ADDRESS+PHONE+SSN+DRLIC+PASSPORT+LOGIN_ID,476
+PNAME+DOB+SSN+DRLIC+LOGIN_ID,476
+NAME+DOB+PHONE+DRLIC+PASSPORT+LOGIN_ID,474
+PNAME+ADDRESS+PHONE+DRLIC+PASSPORT+LOGIN_ID,473
+SURNAME+DOB+PHONE+SSN+DRLIC,468
+PNAME+DOB+DRLIC+LOGIN_ID,467
+PNAME+SSN+DRLIC+LOGIN_ID+ACCT_NUM,464
+NAME+DOB+DRLIC+LOGIN_ID+ACCT_NUM,449
+NAME+DOB+ADDRESS+SSN+DRLIC+LOGIN_ID+ACCT_NUM,445
+SURNAME+DOB+ADDRESS+PHONE+SSN+DRLIC+ACCT_NUM,437
+NAME+DOB+SSN+DRLIC+LOGIN_ID+ACCT_NUM,428
+NAME+DOB+ADDRESS+PHONE+SSN+DRLIC+PASSPORT+LOGIN_ID,426
+NAME+ADDRESS+PHONE+SSN+DRLIC+PASSPORT+LOGIN_ID+ACCT_NUM,425
+NAME+DOB+ADDRESS+PASSPORT+LOGIN_ID+ACCT_NUM,423
+PNAME+PHONE+DRLIC+PASSPORT+LOGIN_ID,419
+DOB+PHONE+SSN+LOGIN_ID,412
+PNAME+ADDRESS+SSN+PASSPORT+LOGIN_ID+ACCT_NUM,411
+NAME+PHONE+SSN+DRLIC+PASSPORT+LOGIN_ID+ACCT_NUM,409
+PNAME+DOB+ADDRESS+PHONE+SSN+DRLIC+LOGIN_ID+ACCT_NUM,396
+PNAME+PHONE+SSN+DRLIC+PASSPORT+LOGIN_ID,395
+SURNAME+DOB+PHONE+SSN+PASSPORT,395
+PNAME+DOB+ADDRESS+PHONE+DRLIC+LOGIN_ID+ACCT_NUM,394
+PNAME+DOB+ADDRESS+PASSPORT+LOGIN_ID,387
+LIKELY_NAME+ADDRESS+PHONE+SSN,386
+NAME+DOB+PHONE+SSN+DRLIC+PASSPORT+LOGIN_ID,380
+PNAME+SSN+PASSPORT+LOGIN_ID+ACCT_NUM,377
+NAME+DOB+PASSPORT+LOGIN_ID+ACCT_NUM,374
+DOB+ADDRESS+PHONE+SSN+DRLIC+PASSPORT+ACCT_NUM,371
+PNAME+DOB+ADDRESS+SSN+DRLIC+PASSPORT+ACCT_NUM,368
+DOB+ADDRESS+PHONE+SSN+LOGIN_ID+ACCT_NUM,361
+PNAME+DOB+ADDRESS+SSN+PASSPORT+LOGIN_ID,361
+SURNAME+DOB+ADDRESS+PHONE+SSN+PASSPORT+ACCT_NUM,359
+PNAME+DOB+PHONE+DRLIC+LOGIN_ID+ACCT_NUM,357
+PNAME+ADDRESS+PASSPORT+LOGIN_ID+ACCT_NUM,356
+DOB+PHONE+SSN+DRLIC+PASSPORT,352
+NAME+ADDRESS+DRLIC+PASSPORT+LOGIN_ID+ACCT_NUM,349
+NAME+DOB+ADDRESS+SSN+PASSPORT+LOGIN_ID+ACCT_NUM,341
+PNAME+DOB+DRLIC+PASSPORT+ACCT_NUM,339
+PNAME+DOB+ADDRESS+DRLIC+PASSPORT+ACCT_NUM,339
+DOB+ADDRESS+PHONE+SSN+DRLIC+LOGIN_ID,334
+PNAME+DOB+SSN+PASSPORT+LOGIN_ID,333
+NAME+DOB+SSN+PASSPORT+LOGIN_ID+ACCT_NUM,332
+PNAME+DOB+PASSPORT+LOGIN_ID,327
+PNAME+DOB+PHONE+SSN+DRLIC+LOGIN_ID+ACCT_NUM,320
+PNAME+DOB+ADDRESS+PHONE+SSN+PASSPORT+LOGIN_ID+ACCT_NUM,316
+PNAME+DOB+SSN+DRLIC+PASSPORT+ACCT_NUM,316
+PNAME+DOB+ADDRESS+PHONE+PASSPORT+LOGIN_ID+ACCT_NUM,312
+DOB+ADDRESS+SSN+DRLIC+ACCT_NUM,307
+PNAME+SSN+DRLIC+PASSPORT+LOGIN_ID,271
+PNAME+ADDRESS+SSN+DRLIC+PASSPORT+LOGIN_ID,270
+SURNAME+DOB+ADDRESS+PHONE+SSN+LOGIN_ID,268
+SURNAME+DOB+ADDRESS+PHONE+SSN+DRLIC+PASSPORT,267
+SURNAME+DOB+ADDRESS+SSN+DRLIC,267
+DOB+ADDRESS+PHONE+SSN+PASSPORT+LOGIN_ID,264
+NAME+DOB+ADDRESS+DRLIC+PASSPORT+LOGIN_ID,261
+NAME+ADDRESS+SSN+DRLIC+PASSPORT+LOGIN_ID+ACCT_NUM,253
+SURNAME+DOB+ADDRESS+SSN+ACCT_NUM,251
+NAME+DRLIC+PASSPORT+LOGIN_ID+ACCT_NUM,250
+DOB+ADDRESS+SSN+PASSPORT+ACCT_NUM,250
+PNAME+DOB+PHONE+PASSPORT+LOGIN_ID+ACCT_NUM,244
+PNAME+ADDRESS+DRLIC+PASSPORT+LOGIN_ID,242
+PNAME+DOB+PHONE+SSN+PASSPORT+LOGIN_ID+ACCT_NUM,241
+SURNAME+DOB+PHONE+SSN+DRLIC+ACCT_NUM,232
+PNAME+ADDRESS+PHONE+SSN+DRLIC+PASSPORT+LOGIN_ID+ACCT_NUM,225
+DOB+PHONE+SSN+LOGIN_ID+ACCT_NUM,225
+NAME+DOB+DRLIC+PASSPORT+LOGIN_ID,224
+NAME+SSN+DRLIC+PASSPORT+LOGIN_ID+ACCT_NUM,216
+PNAME+ADDRESS+PHONE+DRLIC+PASSPORT+LOGIN_ID+ACCT_NUM,215
+NAME+DOB+ADDRESS+SSN+DRLIC+PASSPORT+LOGIN_ID,212
+PNAME+DOB+ADDRESS+SSN+DRLIC+LOGIN_ID+ACCT_NUM,210
+PNAME+DOB+ADDRESS+PHONE+DRLIC+PASSPORT+LOGIN_ID,210
+DOB+ADDRESS+SSN+LOGIN_ID,200
+NAME+DOB+SSN+DRLIC+PASSPORT+LOGIN_ID,199
+SURNAME+DOB+PHONE+SSN+PASSPORT+ACCT_NUM,194
+NAME+DOB+PHONE+DRLIC+PASSPORT+LOGIN_ID+ACCT_NUM,193
+PNAME+DOB+ADDRESS+DRLIC+LOGIN_ID+ACCT_NUM,192
+PNAME+DOB+SSN+DRLIC+LOGIN_ID+ACCT_NUM,192
+SURNAME+DOB+ADDRESS+SSN+PASSPORT,192
+PNAME+PHONE+DRLIC+PASSPORT+LOGIN_ID+ACCT_NUM,192
+PNAME+DOB+ADDRESS+PHONE+SSN+DRLIC+PASSPORT+LOGIN_ID,190
+NAME+DOB+ADDRESS+PHONE+DRLIC+PASSPORT+LOGIN_ID+ACCT_NUM,189
+PNAME+DOB+PHONE+SSN+DRLIC+PASSPORT+LOGIN_ID,188
+DOB+ADDRESS+SSN+DRLIC+PASSPORT,184
+PNAME+PHONE+SSN+DRLIC+PASSPORT+LOGIN_ID+ACCT_NUM,180
+PNAME+DOB+DRLIC+LOGIN_ID+ACCT_NUM,180
+SURNAME+DOB+ADDRESS+PHONE+SSN+DRLIC+PASSPORT+ACCT_NUM,176
+PNAME+DOB+PHONE+DRLIC+PASSPORT+LOGIN_ID,174
+DOB+ADDRESS+PHONE+SSN+DRLIC+LOGIN_ID+ACCT_NUM,172
+PNAME+DOB+ADDRESS+SSN+PASSPORT+LOGIN_ID+ACCT_NUM,171
+DOB+PHONE+SSN+PASSPORT+LOGIN_ID,169
+NAME+DOB+ADDRESS+PHONE+SSN+DRLIC+PASSPORT+LOGIN_ID+ACCT_NUM,168
+LIKELY_NAME+ADDRESS+PHONE+SSN+ACCT_NUM,167
+DOB+PHONE+SSN+DRLIC+PASSPORT+ACCT_NUM,167
+DOB+PHONE+SSN+DRLIC+LOGIN_ID,166
+LIKELY_NAME+ADDRESS+PHONE+ACCT_NUM,165
+SURNAME+DOB+PHONE+SSN+LOGIN_ID,161
+PNAME+DOB+ADDRESS+PASSPORT+LOGIN_ID+ACCT_NUM,154
+LIKELY_NAME+DOB+ADDRESS+PHONE+SSN,153
+SURNAME+DOB+ADDRESS+PHONE+SSN+LOGIN_ID+ACCT_NUM,148
+NAME+DOB+PHONE+SSN+DRLIC+PASSPORT+LOGIN_ID+ACCT_NUM,146
+PNAME+DOB+PASSPORT+LOGIN_ID+ACCT_NUM,145
+SURNAME+DOB+PHONE+SSN+DRLIC+PASSPORT,141
+DOB+ADDRESS+PHONE+SSN+PASSPORT+LOGIN_ID+ACCT_NUM,139
+SURNAME+DOB+ADDRESS+PHONE+SSN+DRLIC+LOGIN_ID,134
+PNAME+DOB+SSN+PASSPORT+LOGIN_ID+ACCT_NUM,134
+LIKELY_NAME+DOB+ADDRESS+PHONE,127
+LIKELY_NAME+ADDRESS+PHONE+SSN+DRLIC,124
+NAME+DOB+ADDRESS+DRLIC+PASSPORT+LOGIN_ID+ACCT_NUM,121
+SURNAME+DOB+ADDRESS+SSN+DRLIC+ACCT_NUM,120
+PNAME+ADDRESS+SSN+DRLIC+PASSPORT+LOGIN_ID+ACCT_NUM,116
+PNAME+DOB+ADDRESS+DRLIC+PASSPORT+LOGIN_ID,114
+PNAME+SSN+DRLIC+PASSPORT+LOGIN_ID+ACCT_NUM,110
+DOB+ADDRESS+SSN+LOGIN_ID+ACCT_NUM,109
+PNAME+ADDRESS+DRLIC+PASSPORT+LOGIN_ID+ACCT_NUM,108
+LIKELY_NAME+ADDRESS+PHONE+SSN+PASSPORT,106
+PNAME+DOB+SSN+DRLIC+PASSPORT+LOGIN_ID,102
+PNAME+DOB+ADDRESS+SSN+DRLIC+PASSPORT+LOGIN_ID,98
+PNAME+DOB+ADDRESS+PHONE+SSN+DRLIC+PASSPORT+LOGIN_ID+ACCT_NUM,97
+DOB+ADDRESS+PHONE+SSN+DRLIC+PASSPORT+LOGIN_ID,96
+SURNAME+DOB+ADDRESS+PHONE+SSN+PASSPORT+LOGIN_ID,93
+DOB+ADDRESS+SSN+DRLIC+PASSPORT+ACCT_NUM,92
+NAME+DOB+DRLIC+PASSPORT+LOGIN_ID+ACCT_NUM,90
+PNAME+DOB+ADDRESS+PHONE+DRLIC+PASSPORT+LOGIN_ID+ACCT_NUM,90
+SURNAME+DOB+ADDRESS+SSN+PASSPORT+ACCT_NUM,89
+PNAME+DOB+DRLIC+PASSPORT+LOGIN_ID,89
+DOB+ADDRESS+SSN+DRLIC+LOGIN_ID,87
+LIKELY_NAME+DOB+PHONE+SSN,87
+DOB+PHONE+SSN+DRLIC+LOGIN_ID+ACCT_NUM,86
+NAME+DOB+ADDRESS+SSN+DRLIC+PASSPORT+LOGIN_ID+ACCT_NUM,82
+LIKELY_NAME+ADDRESS+PHONE+PASSPORT,82
+PNAME+DOB+PHONE+DRLIC+PASSPORT+LOGIN_ID+ACCT_NUM,81
+NAME+DOB+SSN+DRLIC+PASSPORT+LOGIN_ID+ACCT_NUM,72
+PNAME+DOB+PHONE+SSN+DRLIC+PASSPORT+LOGIN_ID+ACCT_NUM,72
+LIKELY_NAME+DOB+SSN,70
+SURNAME+DOB+PHONE+SSN+DRLIC+PASSPORT+ACCT_NUM,70
+SURNAME+DOB+ADDRESS+PHONE+SSN+DRLIC+LOGIN_ID+ACCT_NUM,69
+LIKELY_NAME+DOB+ADDRESS+PHONE+SSN+ACCT_NUM,68
+LIKELY_NAME+ADDRESS+PHONE+DRLIC,68
+SURNAME+DOB+PHONE+SSN+LOGIN_ID+ACCT_NUM,66
+DOB+PHONE+SSN+PASSPORT+LOGIN_ID+ACCT_NUM,64
+LIKELY_NAME+DOB+PHONE+SSN+ACCT_NUM,63
+DOB+ADDRESS+SSN+PASSPORT+LOGIN_ID,63
+DOB+ADDRESS+PHONE+SSN+DRLIC+PASSPORT+LOGIN_ID+ACCT_NUM,61
+LIKELY_NAME+DOB+ADDRESS+PHONE+ACCT_NUM,61
+LIKELY_NAME+DOB+ADDRESS+SSN,60
+SURNAME+ADDRESS+PHONE+SSN,59
+SURNAME+DOB+PHONE+SSN+DRLIC+LOGIN_ID,57
+DOB+PHONE+SSN+DRLIC+PASSPORT+LOGIN_ID,56
+SURNAME+DOB+ADDRESS+PHONE+SSN+PASSPORT+LOGIN_ID+ACCT_NUM,53
+SURNAME+DOB+ADDRESS+SSN+LOGIN_ID,51
+LIKELY_NAME+DOB+ADDRESS+PHONE+SSN+DRLIC,51
+PNAME+DOB+ADDRESS+DRLIC+PASSPORT+LOGIN_ID+ACCT_NUM,50
+SURNAME+DOB+ADDRESS+SSN+DRLIC+PASSPORT,50
+LIKELY_NAME+ADDRESS+PHONE+LOGIN_ID,49
+PNAME+DOB+DRLIC+PASSPORT+LOGIN_ID+ACCT_NUM,46
+SURNAME+DOB+PHONE+SSN+PASSPORT+LOGIN_ID,46
+DOB+ADDRESS+SSN+DRLIC+LOGIN_ID+ACCT_NUM,45
+LIKELY_NAME+DOB+ADDRESS+PHONE+DRLIC,44
+LIKELY_NAME+ADDRESS+PHONE+SSN+DRLIC+ACCT_NUM,43
+LIKELY_NAME+ADDRESS+PHONE+DRLIC+ACCT_NUM,41
+LIKELY_NAME+DOB+ADDRESS+SSN+ACCT_NUM,40
+LIKELY_NAME+DOB+ADDRESS+PHONE+PASSPORT,39
+LIKELY_NAME+ADDRESS+PHONE+PASSPORT+ACCT_NUM,39
+DOB+ADDRESS+SSN+PASSPORT+LOGIN_ID+ACCT_NUM,38
+LIKELY_NAME+ADDRESS+PHONE+SSN+LOGIN_ID,37
+LIKELY_NAME+DOB+ADDRESS+PHONE+SSN+PASSPORT,37
+PNAME+DOB+SSN+DRLIC+PASSPORT+LOGIN_ID+ACCT_NUM,36
+LIKELY_NAME+ADDRESS+PHONE+SSN+PASSPORT+ACCT_NUM,36
+SURNAME+DOB+PHONE+SSN+DRLIC+LOGIN_ID+ACCT_NUM,35
+SURNAME+DOB+ADDRESS+SSN+DRLIC+LOGIN_ID,35
+SURNAME+DOB+ADDRESS+PHONE+SSN+DRLIC+PASSPORT+LOGIN_ID,34
+LIKELY_NAME+DOB+SSN+ACCT_NUM,34
+SURNAME+DOB+ADDRESS+SSN+LOGIN_ID+ACCT_NUM,34
+PNAME+DOB+ADDRESS+SSN+DRLIC+PASSPORT+LOGIN_ID+ACCT_NUM,33
+LIKELY_NAME+DOB+PHONE+SSN+DRLIC,33
+SURNAME+DOB+ADDRESS+PHONE+SSN+DRLIC+PASSPORT+LOGIN_ID+ACCT_NUM,30
+SURNAME+DOB+ADDRESS+SSN+DRLIC+PASSPORT+ACCT_NUM,30
+SURNAME+DOB+ADDRESS+SSN+PASSPORT+LOGIN_ID,28
+LIKELY_NAME+DOB+PHONE+SSN+PASSPORT,27
+LIKELY_NAME+DOB+SSN+DRLIC,26
+SURNAME+ADDRESS+PHONE+SSN+ACCT_NUM,25
+LIKELY_NAME+DOB+PHONE+SSN+LOGIN_ID,25
+LIKELY_NAME+ADDRESS+PHONE+LOGIN_ID+ACCT_NUM,23
+LIKELY_NAME+DOB+ADDRESS+PHONE+SSN+PASSPORT+ACCT_NUM,23
+SURNAME+ADDRESS+PHONE+ACCT_NUM,22
+LIKELY_NAME+ADDRESS+PHONE+SSN+DRLIC+PASSPORT,22
+SURNAME+DOB+PHONE+SSN+PASSPORT+LOGIN_ID+ACCT_NUM,22
+LIKELY_NAME+DOB+ADDRESS+PHONE+PASSPORT+ACCT_NUM,21
+LIKELY_NAME+DOB+ADDRESS+SSN+DRLIC,21
+LIKELY_NAME+ADDRESS+PHONE+SSN+LOGIN_ID+ACCT_NUM,20
+DOB+PHONE+SSN+DRLIC+PASSPORT+LOGIN_ID+ACCT_NUM,19
+LIKELY_NAME+DOB+ADDRESS+PHONE+SSN+LOGIN_ID,19
+LIKELY_NAME+DOB+ADDRESS+PHONE+DRLIC+ACCT_NUM,19
+LIKELY_NAME+DOB+PHONE+SSN+DRLIC+ACCT_NUM,19
+DOB+ADDRESS+SSN+DRLIC+PASSPORT+LOGIN_ID,18
+LIKELY_NAME+DOB+ADDRESS+PHONE+SSN+DRLIC+ACCT_NUM,17
+LIKELY_NAME+ADDRESS+PHONE+DRLIC+PASSPORT,17
+SURNAME+DOB+ADDRESS+PHONE,16
+LIKELY_NAME+DOB+SSN+PASSPORT,16
+LIKELY_NAME+DOB+ADDRESS+SSN+DRLIC+ACCT_NUM,15
+SURNAME+DOB+ADDRESS+PHONE+ACCT_NUM,15
+LIKELY_NAME+DOB+ADDRESS+PHONE+LOGIN_ID,15
+LIKELY_NAME+ADDRESS+PHONE+SSN+DRLIC+LOGIN_ID,14
+NAME+ADDRESS+PHONE+SSN-DRLIC,13
+LIKELY_NAME+DOB+ADDRESS+SSN+PASSPORT+ACCT_NUM,13
+SURNAME+DOB+ADDRESS+SSN+PASSPORT+LOGIN_ID+ACCT_NUM,13
+LIKELY_NAME+DOB+ADDRESS+SSN+PASSPORT,13
+LIKELY_NAME+ADDRESS+PHONE+PASSPORT+LOGIN_ID,13
+LIKELY_NAME+DOB+ADDRESS+PHONE+SSN+DRLIC+PASSPORT,12
+LIKELY_NAME+ADDRESS+PHONE+SSN+PASSPORT+LOGIN_ID,12
+LIKELY_NAME+ADDRESS+PHONE+DRLIC+LOGIN_ID,12
+SURNAME+DOB+PHONE+SSN+DRLIC+PASSPORT+LOGIN_ID,12
+LIKELY_NAME+DOB+SSN+DRLIC+ACCT_NUM,11
+LIKELY_NAME+DOB+ADDRESS+PHONE+LOGIN_ID+ACCT_NUM,11
+LIKELY_NAME+DOB+PHONE+SSN+LOGIN_ID+ACCT_NUM,11
+LIKELY_NAME+DOB+ADDRESS+PHONE+SSN+LOGIN_ID+ACCT_NUM,11
+LIKELY_NAME+DOB+PHONE+SSN+DRLIC+PASSPORT,10
+SURNAME+DOB+ADDRESS+SSN+DRLIC+PASSPORT+LOGIN_ID,10
+SURNAME+DOB+ADDRESS+SSN+DRLIC+LOGIN_ID+ACCT_NUM,10
+SURNAME+ADDRESS+PHONE+SSN+PASSPORT,10
+SURNAME+ADDRESS+PHONE+SSN+DRLIC,10
+LIKELY_NAME+DOB+ADDRESS+PHONE+DRLIC+PASSPORT,10
+NAME+DOB+ADDRESS+PHONE+SSN-DRLIC,9
+SURNAME+DOB+SSN,9
+SURNAME+DOB+PHONE+SSN+DRLIC+PASSPORT+LOGIN_ID+ACCT_NUM,9
+SURNAME+DOB+ADDRESS+PHONE+DRLIC,9
+LIKELY_NAME+ADDRESS+PHONE+SSN+DRLIC+PASSPORT+ACCT_NUM,9
+NAME+PHONE+SSN-DRLIC,8
+SURNAME+ADDRESS+PHONE+SSN+DRLIC+ACCT_NUM,8
+SURNAME+ADDRESS+PHONE+PASSPORT+ACCT_NUM,8
+LIKELY_NAME+DOB+ADDRESS+PHONE+DRLIC+LOGIN_ID,8
+LIKELY_NAME+DOB+SSN+PASSPORT+ACCT_NUM,8
+SURNAME+ADDRESS+PHONE+SSN+LOGIN_ID+ACCT_NUM,8
+LIKELY_NAME+DOB+SSN+LOGIN_ID,8
+LIKELY_NAME+ADDRESS+PHONE+DRLIC+PASSPORT+ACCT_NUM,7
+SURNAME+ADDRESS+PHONE+SSN+DRLIC+PASSPORT,7
+SURNAME+ADDRESS+PHONE+DRLIC,7
+NAME+ADDRESS+SSN-DRLIC,7
+DOB+ADDRESS+SSN+DRLIC+PASSPORT+LOGIN_ID+ACCT_NUM,7
+LIKELY_NAME+DOB+PHONE+SSN+PASSPORT+ACCT_NUM,7
+LIKELY_NAME+ADDRESS+PHONE+SSN+PASSPORT+LOGIN_ID+ACCT_NUM,7
+LIKELY_NAME+DOB+SSN+DRLIC+PASSPORT,7
+SURNAME+ADDRESS+PHONE+SSN+LOGIN_ID,7
+LIKELY_NAME+ADDRESS+PHONE+SSN+DRLIC+LOGIN_ID+ACCT_NUM,7
+NAME+DOB+PHONE+SSN-DRLIC,6
+NAME+DOB+ADDRESS+PHONE+SSN+PASSPORT-DRLIC,6
+LIKELY_NAME+DOB+ADDRESS+PHONE+PASSPORT+LOGIN_ID,6
+NAME+DOB+ADDRESS+PHONE+SSN+ACCT_NUM-DRLIC,6
+NAME+PHONE+SSN+PASSPORT-DRLIC,6
+LIKELY_NAME+DOB+PHONE+SSN+PASSPORT+LOGIN_ID,6
+LIKELY_NAME+DOB+PHONE+SSN+DRLIC+PASSPORT+ACCT_NUM,6
+LIKELY_NAME+DOB+SSN+LOGIN_ID+ACCT_NUM,6
+NAME+ADDRESS+PHONE+SSN+ACCT_NUM-DRLIC,6
+LIKELY_NAME+DOB+ADDRESS+PHONE+SSN+DRLIC+LOGIN_ID,6
+SURNAME+ADDRESS+PHONE+LOGIN_ID,6
+LIKELY_NAME+DOB+ADDRESS+SSN+LOGIN_ID,6
+NAME+PHONE+SSN+ACCT_NUM-DRLIC,6
+NAME+ADDRESS+SSN+ACCT_NUM-DRLIC,5
+LIKELY_NAME+DOB+ADDRESS+PHONE+SSN+PASSPORT+LOGIN_ID,5
+LIKELY_NAME+ADDRESS+PHONE+PASSPORT+LOGIN_ID+ACCT_NUM,5
+LIKELY_NAME+ADDRESS+PHONE+DRLIC+LOGIN_ID+ACCT_NUM,5
+SURNAME+ADDRESS+PHONE+DRLIC+ACCT_NUM,5
+SURNAME+ADDRESS+PHONE+PASSPORT,5
+SURNAME+DOB+ADDRESS+PHONE+DRLIC+ACCT_NUM,5
+SURNAME+DOB+ADDRESS+PHONE+PASSPORT,5
+NAME+DOB+ADDRESS+PHONE+ACCT_NUM-DRLIC,5
+NAME+DOB+PHONE+SSN+ACCT_NUM-DRLIC,5
+SURNAME+ADDRESS+PHONE+SSN+PASSPORT+ACCT_NUM,4
+SURNAME+DOB+ADDRESS+SSN+DRLIC+PASSPORT+LOGIN_ID+ACCT_NUM,4
+LIKELY_NAME+DOB+ADDRESS+PHONE+SSN+DRLIC+LOGIN_ID+ACCT_NUM,4
+LIKELY_NAME+DOB+ADDRESS+SSN+LOGIN_ID+ACCT_NUM,4
+NAME+DOB+SSN-DRLIC,4
+LIKELY_NAME+DOB+ADDRESS+SSN+DRLIC+LOGIN_ID,4
+LOGIN_ID,4
+SURNAME+DOB+SSN+PASSPORT,3
+NAME+DOB+SSN+ACCT_NUM-DRLIC,3
+LIKELY_NAME+ADDRESS+PHONE+DRLIC+PASSPORT+LOGIN_ID,3
+NAME+DOB+PHONE+LOGIN_ID-DRLIC,3
+NAME+DOB+ADDRESS+SSN-DRLIC,3
+NAME+DOB+ADDRESS+SSN+ACCT_NUM-DRLIC,3
+NAME+ADDRESS+PHONE+SSN+PASSPORT+ACCT_NUM-DRLIC,3
+SURNAME+ADDRESS+PHONE+DRLIC+LOGIN_ID,3
+NAME+ADDRESS+PHONE+SSN+PASSPORT-DRLIC,3
+LIKELY_NAME+DOB+PHONE+SSN+DRLIC+LOGIN_ID,3
+NAME+DOB+ADDRESS+PHONE+SSN+LOGIN_ID-DRLIC,3
+LIKELY_NAME+DOB+ADDRESS+PHONE+DRLIC+PASSPORT+ACCT_NUM,3
+LIKELY_NAME+DOB+ADDRESS+PHONE+SSN+PASSPORT+LOGIN_ID+ACCT_NUM,3
+SURNAME+ADDRESS+PHONE+LOGIN_ID+ACCT_NUM,3
+LIKELY_NAME+ADDRESS+PHONE+SSN+DRLIC+PASSPORT+LOGIN_ID,3
+SURNAME+ADDRESS+PHONE+PASSPORT+LOGIN_ID,3
+LIKELY_NAME+DOB+PHONE+SSN+DRLIC+LOGIN_ID+ACCT_NUM,3
+LIKELY_NAME+DOB+ADDRESS+SSN+DRLIC+LOGIN_ID+ACCT_NUM,3
+SURNAME+ADDRESS+PHONE+SSN+DRLIC+LOGIN_ID+ACCT_NUM,3
+SURNAME+ADDRESS+PHONE+SSN+DRLIC+PASSPORT+ACCT_NUM,3
+SURNAME+DOB+SSN+ACCT_NUM,2
+LIKELY_NAME+DOB+SSN+PASSPORT+LOGIN_ID+ACCT_NUM,2
+NAME+ADDRESS+SSN+LOGIN_ID-DRLIC,2
+NAME+DOB+ADDRESS+ACCT_NUM-DRLIC,2
+SSN+ACCT_NUM,2
+SURNAME+DOB+SSN+DRLIC,2
+SURNAME+ADDRESS+PHONE+DRLIC+PASSPORT,2
+SURNAME+ADDRESS+PHONE+DRLIC+PASSPORT+ACCT_NUM,2
+SURNAME+DOB+SSN+LOGIN_ID,2
+NAME+DOB+ADDRESS+PASSPORT+ACCT_NUM-DRLIC,2
+LIKELY_NAME+ADDRESS+PHONE+SSN+DRLIC+PASSPORT+LOGIN_ID+ACCT_NUM,2
+SURNAME+ADDRESS+PHONE+SSN+DRLIC+LOGIN_ID,2
+SURNAME+ADDRESS+PHONE+SSN+PASSPORT+LOGIN_ID+ACCT_NUM,2
+SURNAME+DOB+SSN+LOGIN_ID+ACCT_NUM,2
+SURNAME+DOB+ADDRESS+PHONE+DRLIC+PASSPORT+ACCT_NUM,2
+SURNAME+DOB+ADDRESS+PHONE+LOGIN_ID+ACCT_NUM,2
+SURNAME+DOB+ADDRESS+PHONE+PASSPORT+LOGIN_ID+ACCT_NUM,2
+PNAME+DOB+ADDRESS+SSN+LOGIN_ID-DRLIC,2
+LIKELY_NAME+DOB+ADDRESS+SSN+DRLIC+PASSPORT+ACCT_NUM,2
+NAME+DOB+ADDRESS+PHONE+SSN+LOGIN_ID+ACCT_NUM-DRLIC,2
+LIKELY_NAME+DOB+SSN+DRLIC+LOGIN_ID+ACCT_NUM,2
+NAME+DOB+ADDRESS+SSN+LOGIN_ID-DRLIC,2
+NAME+DOB+PHONE+ACCT_NUM-SSN,2
+LIKELY_NAME+DOB+ADDRESS+PHONE+SSN+DRLIC+PASSPORT+ACCT_NUM,2
+LIKELY_NAME+DOB+ADDRESS+PHONE+SSN+DRLIC+PASSPORT+LOGIN_ID,2
+LIKELY_NAME+DOB+ADDRESS+PHONE+PASSPORT+LOGIN_ID+ACCT_NUM,2
+LIKELY_NAME+DOB+PHONE+SSN+PASSPORT+LOGIN_ID+ACCT_NUM,2
+PNAME+DOB+ADDRESS+PHONE+SSN+ACCT_NUM-DRLIC,2
+LIKELY_NAME+ADDRESS+PHONE+DRLIC+PASSPORT+LOGIN_ID+ACCT_NUM,2
+SURNAME+DOB+SSN+PASSPORT+ACCT_NUM,2
+PNAME+DOB+SSN+PASSPORT+ACCT_NUM-DRLIC,1
+ADDRESS+PHONE+SSN,1
+NAME+DOB+ADDRESS+PHONE+ACCT_NUM-SSN-PASSPORT,1
+NAME+DOB+ADDRESS+PHONE+LOGIN_ID-DRLIC,1
+NAME+DOB+ADDRESS+PHONE+PASSPORT+ACCT_NUM-DRLIC,1
+LIKELY_NAME+DOB+ADDRESS+PHONE+DRLIC+LOGIN_ID+ACCT_NUM,1
+ADDRESS+PHONE+PASSPORT+ACCT_NUM,1
+PHONE+PASSPORT,1
+SURNAME+ADDRESS+PHONE+DRLIC+PASSPORT+LOGIN_ID,1
+PHONE+SSN+LOGIN_ID,1
+LIKELY_NAME+DOB+SSN+PASSPORT+LOGIN_ID,1
+SSN+DRLIC,1
+LIKELY_NAME+DOB+ADDRESS+SSN+PASSPORT+LOGIN_ID+ACCT_NUM,1
+NAME+DOB+ADDRESS+SSN-PASSPORT,1
+NAME+DOB+ADDRESS+SSN+PASSPORT+ACCT_NUM-DRLIC,1
+NAME+DOB+PHONE+ACCT_NUM-DRLIC,1
+PNAME+DOB+PHONE+SSN+PASSPORT-DRLIC,1
+NAME+DOB+PHONE+LOGIN_ID+ACCT_NUM-SSN,1
+NAME+DOB+ADDRESS+LOGIN_ID+ACCT_NUM-SSN-PASSPORT,1
+PNAME+DOB+ADDRESS+PHONE+SSN-DRLIC,1
+LIKELY_NAME+DOB+SSN+DRLIC+LOGIN_ID,1
+LIKELY_NAME+DOB+ADDRESS+PHONE+DRLIC+PASSPORT+LOGIN_ID,1
+NAME+DOB+PHONE+SSN+LOGIN_ID-DRLIC,1
+LIKELY_NAME+DOB+ADDRESS+PHONE+SSN+DRLIC+PASSPORT+LOGIN_ID+ACCT_NUM,1
+NAME+DOB+ADDRESS+DRLIC-SSN,1
+NAME+DOB+PHONE+SSN+PASSPORT-DRLIC,1
+NAME+ADDRESS+SSN+PASSPORT+ACCT_NUM-DRLIC,1
+NAME+ADDRESS+SSN-PASSPORT,1
+NAME+DOB+SSN+LOGIN_ID-DRLIC,1
+NAME+DOB+SSN+PASSPORT+ACCT_NUM-DRLIC,1
+PNAME+DOB+ADDRESS+SSN+ACCT_NUM-DRLIC,1
+ADDRESS+SSN+DRLIC+LOGIN_ID+ACCT_NUM,1
+ADDRESS+PHONE+SSN+DRLIC,1
+ADDRESS+PHONE+SSN+ACCT_NUM,1
+ADDRESS+PHONE+DRLIC+ACCT_NUM,1
+NAME+ADDRESS+PHONE+SSN-DOB,1
+NAME+ADDRESS+PHONE+SSN-DOB-DRLIC-PASSPORT,1
+PNAME+DOB+ADDRESS+PHONE+SSN+LOGIN_ID-DRLIC,1
+LIKELY_NAME+DOB+SSN+DRLIC+PASSPORT+ACCT_NUM,1
+LIKELY_NAME+DOB+SSN+DRLIC+PASSPORT+LOGIN_ID,1
+NAME+PHONE+SSN+LOGIN_ID-DRLIC,1
+PNAME+DOB+ADDRESS+SSN+PASSPORT-DRLIC,1
+LIKELY_NAME+DOB+ADDRESS+SSN+DRLIC+PASSPORT,1
+PNAME+DOB+ADDRESS+PHONE+SSN+PASSPORT+ACCT_NUM-DRLIC,1
+NAME+PHONE+SSN-PASSPORT,1
+SURNAME+DOB+ADDRESS+PHONE+DRLIC+LOGIN_ID,1
+SURNAME+DOB+ADDRESS+PHONE+DRLIC+LOGIN_ID+ACCT_NUM,1
+SURNAME+DOB+ADDRESS+PHONE+DRLIC+PASSPORT,1
+NAME+ADDRESS+PHONE+SSN+LOGIN_ID-DRLIC,1
+SURNAME+DOB+ADDRESS+PHONE+LOGIN_ID,1
+PNAME+DOB+ADDRESS+SSN-DRLIC,1
+NAME+DOB+ADDRESS+PASSPORT-DRLIC,1
+SURNAME+DOB+ADDRESS+PHONE+PASSPORT+ACCT_NUM,1
+NAME+ADDRESS+PHONE+SSN+LOGIN_ID+ACCT_NUM-DRLIC,1
+PHONE+LOGIN_ID,1
