+LOGIN_ID-SSN,1105392
+LOGIN_ID,1026285
+NAME,904196
+LOGIN_ID-GENDER-SSN,581125
+LOGIN_ID-GENDER,510948
+LOGIN_ID-DOB-SSN,481366
+LOGIN_ID-DOB,387489
+ADDRESS-SSN,354881
+ADDRESS,337470
+LOGIN_ID-SSN-PASSPORT,280454
+LOGIN_ID-DOB-GENDER-SSN,274284
+LOGIN_ID-PASSPORT,225841
+LOGIN_ID-DOB-GENDER,202574
+ADDRESS-GENDER-SSN,188733
+ADDRESS-GENDER,164464
+ADDRESS-DOB-SSN,161086
+LOGIN_ID-GENDER-SSN-PASSPORT,159806
+LOGIN_ID-DOB-SSN-PASSPORT,156684
+ADDRESS-DOB,126115
+LOGIN_ID-SSN-DRLIC,120771
+LOGIN_ID-GENDER-PASSPORT,117671
+LOGIN_ID-DRLIC,102372
+LOGIN_ID-DOB-GENDER-SSN-PASSPORT,101534
+LOGIN_ID-DOB-PASSPORT,97115
+ADDRESS-DOB-GENDER-SSN,93462
+ADDRESS-SSN-PASSPORT,93171
+DRLIC-SSN,79391
+DRLIC,76826
+ADDRESS-PASSPORT,72536
+ADDRESS-DOB-GENDER,66601
+LOGIN_ID-GENDER-SSN-DRLIC,66219
+LOGIN_ID-DOB-SSN-DRLIC,59839
+SSN,59366
+ADDRESS-DOB-SSN-PASSPORT,56284
+ADDRESS-GENDER-SSN-PASSPORT,54033
+LOGIN_ID-DOB-GENDER-PASSPORT,53939
+LOGIN_ID-GENDER-DRLIC,52058
+PNAME+ADDRESS+PHONE,44804
+NAME+DOB-SSN,44603
+NAME+DOB,43521
+DRLIC-GENDER-SSN,42498
+LOGIN_ID-DOB-DRLIC,41690
+ADDRESS-SSN-DRLIC,39175
+ADDRESS-GENDER-PASSPORT,38685
+ADDRESS-DOB-GENDER-SSN-PASSPORT,37168
+LOGIN_ID-DOB-GENDER-SSN-DRLIC,36727
+DRLIC-GENDER,36687
+DRLIC-DOB-SSN,35818
+LOGIN_ID-SSN-DRLIC-PASSPORT,35163
+ADDRESS-DOB-PASSPORT,32616
+ADDRESS-DRLIC,32514
+PNAME+PHONE,31655
+DRLIC-DOB,28433
+ADDRESS+PHONE+SSN,26850
+ADDRESS+PHONE,24656
+LOGIN_ID-DRLIC-PASSPORT,24393
+SSN-GENDER,24301
+LOGIN_ID-DOB-SSN-DRLIC-PASSPORT,24077
+PHONE,23202
+PHONE+SSN,23144
+LOGIN_ID-DOB-GENDER-DRLIC,22583
+ADDRESS-GENDER-SSN-DRLIC,21939
+PNAME+ADDRESS,21498
+DRLIC-DOB-GENDER-SSN,21372
+LOGIN_ID-GENDER-SSN-DRLIC-PASSPORT,21193
+DRLIC-SSN-PASSPORT,21074
+ADDRESS-DOB-SSN-DRLIC,20636
+SSN-DOB,19466
+ADDRESS-DOB-GENDER-PASSPORT,18521
+ADDRESS-GENDER-DRLIC,17137
+LOGIN_ID-DOB-GENDER-SSN-DRLIC-PASSPORT,16843
+DRLIC-PASSPORT,16247
+DRLIC-DOB-GENDER,14940
+ADDRESS+SSN,14497
+ADDRESS-DOB-DRLIC,13804
+ADDRESS-DOB-GENDER-SSN-DRLIC,13314
+PNAME+ACCT_NUM,13307
+LOGIN_ID-GENDER-DRLIC-PASSPORT,13236
+DRLIC-DOB-SSN-PASSPORT,12656
+NAME+DOB-SSN-PASSPORT,12516
+DRLIC-GENDER-SSN-PASSPORT,12255
+ADDRESS+PHONE+SSN+ACCT_NUM,12238
+ADDRESS+PHONE+ACCT_NUM,12197
+PHONE+ACCT_NUM,11934
+ADDRESS-SSN-DRLIC-PASSPORT,11929
+PNAME+DOB+PHONE,11811
+LOGIN_ID-DOB-DRLIC-PASSPORT,11707
+SSN-PASSPORT,11529
-SSN,11160
+PHONE+SSN+ACCT_NUM,11133
+NAME+DOB-GENDER-SSN,11079
+NAME+DOB-GENDER,10972
+SSN-DOB-GENDER,10936
+NAME+DOB-PASSPORT,9193
+ADDRESS-DOB-SSN-DRLIC-PASSPORT,9042
+SURNAME+ADDRESS+PHONE+SSN,8831
+DOB+ADDRESS+PHONE,8785
+DRLIC-GENDER-PASSPORT,8672
+PNAME+DRLIC,8446
+DRLIC-DOB-GENDER-SSN-PASSPORT,8440
+ADDRESS+PHONE+SSN+DRLIC,8186
+NAME+DRLIC,8153
+ADDRESS+PHONE+DRLIC,8092
+ADDRESS-DRLIC-PASSPORT,8080
+SURNAME+ADDRESS+PHONE,7869
+SURNAME+PHONE+SSN,7766
+ACCT_NUM,7729
+ADDRESS-GENDER-SSN-DRLIC-PASSPORT,7726
+ADDRESS-DOB-GENDER-DRLIC,7637
+PNAME+LOGIN_ID,7549
+PNAME+DOB+ADDRESS,7494
+PHONE+DRLIC,7488
+PHONE+SSN+DRLIC,7383
+DRLIC-DOB-PASSPORT,7349
+ADDRESS+ACCT_NUM,7310
+LOGIN_ID-DOB-GENDER-DRLIC-PASSPORT,7157
-GENDER-SSN,6962
-DOB-SSN,6851
+SSN+ACCT_NUM,6745
+ADDRESS+SSN+ACCT_NUM,6695
+ADDRESS-DOB-GENDER-SSN-DRLIC-PASSPORT,6429
+SSN-GENDER-PASSPORT,6383
+DOB+PHONE+SSN,6208
+PHONE-SSN,6198
+ADDRESS+PHONE+SSN+PASSPORT,6148
+SURNAME+PHONE,6128
+DOB+PHONE,6123
,6087
+PNAME+PHONE+DRLIC,6014
+SSN-DOB-PASSPORT,6011
+PNAME+ADDRESS+PHONE+DRLIC,5876
+DOB+ADDRESS+PHONE+SSN,5837
+ADDRESS+PHONE+PASSPORT,5684
+DOB+SSN,5397
+PHONE+SSN+PASSPORT,5372
+PNAME+LOGIN_ID-SSN,5227
+PHONE+PASSPORT,5053
+PNAME+DOB+ADDRESS+PHONE,5033
+SSN-DRLIC,4976
+NAME+DOB-SSN-DRLIC,4972
+PNAME+PASSPORT,4850
+DOB+ADDRESS+PHONE+ACCT_NUM,4735
+ADDRESS+DRLIC,4663
+SURNAME+ADDRESS+SSN,4565
+ADDRESS-GENDER-DRLIC-PASSPORT,4458
+ADDRESS+SSN+DRLIC,4347
+DOB+PHONE+ACCT_NUM,4341
+SSN+DRLIC,4337
-DOB-GENDER-SSN,4304
+DRLIC-DOB-GENDER-PASSPORT,4172
-SSN-PASSPORT,4158
+SURNAME+SSN,4135
+SURNAME+ADDRESS+PHONE+SSN+ACCT_NUM,4128
+ADDRESS-DOB-DRLIC-PASSPORT,4121
+SURNAME+ADDRESS,4106
+DOB+ADDRESS+SSN,4104
+NAME+DOB-DRLIC,4081
+DOB+ADDRESS,4075
+SURNAME+ADDRESS+PHONE+ACCT_NUM,4072
+ADDRESS+PHONE+SSN+DRLIC+ACCT_NUM,3981
-GENDER,3910
-DOB,3821
+PNAME+ADDRESS+DRLIC,3784
+SSN-DOB-GENDER-PASSPORT,3667
+SURNAME+PHONE+SSN+ACCT_NUM,3557
+SURNAME+PHONE+ACCT_NUM,3536
+PNAME+DRLIC+ACCT_NUM,3409
+ADDRESS+PHONE+DRLIC+ACCT_NUM,3370
+ADDRESS+SSN+PASSPORT,3271
+DOB+ADDRESS+PHONE+DRLIC,3235
+ADDRESS+PASSPORT,3208
+PHONE-GENDER-SSN,3205
+PHONE+DRLIC+ACCT_NUM,3174
+SURNAME+DOB+ADDRESS+PHONE,3120
+PHONE+SSN+DRLIC+ACCT_NUM,3055
+SSN+PASSPORT,2969
+ADDRESS+PHONE+SSN+PASSPORT+ACCT_NUM,2962
+PHONE-GENDER,2853
+SURNAME+ADDRESS+PHONE+SSN+DRLIC,2850
+DOB+ADDRESS+PHONE+SSN+ACCT_NUM,2839
+NAME+PASSPORT,2815
+PHONE-DOB-SSN,2805
+PASSPORT,2771
+DOB+PHONE+DRLIC,2769
+DOB+PHONE+SSN+ACCT_NUM,2756
+NAME+DOB-GENDER-SSN-PASSPORT,2755
+ADDRESS+PHONE+LOGIN_ID,2717
+PHONE+LOGIN_ID,2709
+ADDRESS+PHONE+SSN+LOGIN_ID,2689
-GENDER-SSN-PASSPORT,2655
+SSN-GENDER-DRLIC,2653
+SURNAME+ADDRESS+PHONE+DRLIC,2636
+DOB+ACCT_NUM,2628
+PNAME+LOGIN_ID-DOB-SSN,2619
+ADDRESS+PHONE+PASSPORT+ACCT_NUM,2619
-DOB-SSN-PASSPORT,2591
+DOB+ADDRESS+ACCT_NUM,2569
+PNAME+PASSPORT+ACCT_NUM,2551
+ADDRESS-DOB-GENDER-DRLIC-PASSPORT,2536
-DOB-GENDER,2465
+SURNAME+PHONE+DRLIC,2420
+PHONE+SSN+LOGIN_ID,2397
+SSN-DOB-DRLIC,2380
+SURNAME+PHONE+SSN+DRLIC,2357
+PNAME+SSN,2356
+SURNAME+ACCT_NUM,2355
+PHONE+PASSPORT+ACCT_NUM,2351
+DOB+SSN+ACCT_NUM,2343
+NAME+DOB-GENDER-PASSPORT,2342
+PHONE+SSN+PASSPORT+ACCT_NUM,2326
+PNAME+PHONE+PASSPORT,2314
-PASSPORT,2305
+SURNAME+ADDRESS+ACCT_NUM,2246
+DOB+ADDRESS+PHONE+PASSPORT,2241
+SURNAME+DOB+PHONE,2179
+PHONE-DOB,2157
+SURNAME+ADDRESS+SSN+ACCT_NUM,2136
+SURNAME+ADDRESS+PHONE+SSN+PASSPORT,2112
+SURNAME+SSN+ACCT_NUM,2099
+ADDRESS+PHONE+SSN+DRLIC+PASSPORT,2061
+SURNAME+DOB+ADDRESS+PHONE+SSN,1993
+SURNAME+DOB+PHONE+SSN,1986
+SURNAME+ADDRESS+PHONE+PASSPORT,1932
+ADDRESS+SSN+DRLIC+ACCT_NUM,1928
+DRLIC+ACCT_NUM,1906
+ADDRESS+DRLIC+ACCT_NUM,1823
+DOB+PHONE+PASSPORT,1816
+PNAME+LOGIN_ID-DOB,1815
+DOB+ADDRESS+SSN+ACCT_NUM,1802
+SURNAME+PHONE+SSN+PASSPORT,1778
+ADDRESS+PHONE+DRLIC+PASSPORT,1750
-DOB-GENDER-SSN-PASSPORT,1730
+PNAME+ADDRESS-SSN,1721
+PNAME+DRLIC+PASSPORT,1719
+DOB+ADDRESS+DRLIC,1719
+NAME+DOB-SSN-DRLIC-PASSPORT,1682
+SURNAME+DOB+ADDRESS+PHONE+ACCT_NUM,1679
-SSN-DRLIC,1666
+SURNAME+DOB+SSN,1664
+SSN+DRLIC+ACCT_NUM,1658
+DOB+DRLIC,1648
+DOB+SSN+DRLIC,1605
+SURNAME+PHONE+PASSPORT,1603
+PHONE+DRLIC+PASSPORT,1591
+ADDRESS+LOGIN_ID,1584
+PHONE-SSN-PASSPORT,1579
+DOB+PHONE+SSN+DRLIC,1559
+SURNAME+LOGIN_ID,1547
+PHONE-DOB-GENDER-SSN,1541
+PNAME+ADDRESS+PASSPORT,1535
+DOB+ADDRESS+PHONE+DRLIC+ACCT_NUM,1512
-GENDER-PASSPORT,1511
-DOB-PASSPORT,1507
+SURNAME+DRLIC,1507
+PNAME+LOGIN_ID-SSN-PASSPORT,1502
+SSN+LOGIN_ID,1502
+ADDRESS+SSN+LOGIN_ID,1473
+PHONE+SSN+DRLIC+PASSPORT,1469
+SURNAME+ADDRESS+DRLIC,1456
+SURNAME+ADDRESS+PHONE+SSN+DRLIC+ACCT_NUM,1441
+SURNAME+SSN+DRLIC,1435
+PASSPORT+ACCT_NUM,1431
+SURNAME+DOB+ADDRESS,1427
+SURNAME+DOB+PHONE+ACCT_NUM,1410
+SURNAME+ADDRESS+SSN+DRLIC,1409
+SURNAME+DOB+ADDRESS+SSN,1385
+ADDRESS+PASSPORT+ACCT_NUM,1376
+SSN-DRLIC-PASSPORT,1373
+SSN-DOB-GENDER-DRLIC,1370
+ADDRESS+SSN+PASSPORT+ACCT_NUM,1356
+PHONE-PASSPORT,1348
+DOB+ADDRESS+PHONE+SSN+DRLIC,1310
+SSN+PASSPORT+ACCT_NUM,1283
+NAME+DOB-GENDER-SSN-DRLIC,1218
+PNAME+DOB+DRLIC,1206
+SURNAME+ADDRESS+PHONE+DRLIC+ACCT_NUM,1198
+DOB+PHONE+DRLIC+ACCT_NUM,1197
+PHONE-DOB-GENDER,1191
+DOB+ADDRESS+PHONE+PASSPORT+ACCT_NUM,1164
+PNAME+SSN+DRLIC,1164
+ADDRESS+PHONE+SSN+LOGIN_ID+ACCT_NUM,1161
+SURNAME+ADDRESS+PHONE+SSN+PASSPORT+ACCT_NUM,1155
+PNAME+LOGIN_ID+ACCT_NUM,1142
+ADDRESS+PHONE+LOGIN_ID+ACCT_NUM,1140
+DOB+ADDRESS+PASSPORT,1130
+DOB+SSN+PASSPORT,1124
+NAME+DOB-GENDER-DRLIC,1121
+PNAME+LOGIN_ID-PASSPORT,1093
+SURNAME+LOGIN_ID-SSN,1092
+SURNAME+DOB+ADDRESS+PHONE+DRLIC,1089
+SURNAME+ADDRESS+SSN+PASSPORT,1086
+ADDRESS+PHONE+SSN+DRLIC+PASSPORT+ACCT_NUM,1085
+DOB+ADDRESS+SSN+DRLIC,1082
+DOB+PHONE+SSN+PASSPORT,1072
-GENDER-SSN-DRLIC,1054
+SURNAME+PHONE+SSN+DRLIC+ACCT_NUM,1040
+PHONE+LOGIN_ID+ACCT_NUM,1027
+PNAME+ADDRESS+PHONE+PASSPORT,1025
-DOB-SSN-DRLIC,1008
+DOB+ADDRESS+PHONE+LOGIN_ID,1004
+NAME+DOB-DRLIC-PASSPORT,1001
+SURNAME+ADDRESS+PASSPORT,992
+SURNAME+ADDRESS+PHONE+PASSPORT+ACCT_NUM,984
+PHONE+SSN+LOGIN_ID+ACCT_NUM,981
+PNAME+LOGIN_ID-DOB-SSN-PASSPORT,965
+DOB+PHONE+LOGIN_ID,965
+ADDRESS+SSN+DRLIC+PASSPORT,965
+LOGIN_ID-GENERATION-SSN,957
+PHONE-DOB-SSN-PASSPORT,953
+SURNAME+PHONE+DRLIC+ACCT_NUM,952
+DOB+PHONE+PASSPORT+ACCT_NUM,947
+DRLIC+PASSPORT,943
+SURNAME+SSN+PASSPORT,939
+ADDRESS+DRLIC+PASSPORT,937
-DOB-GENDER-PASSPORT,936
+SURNAME+DOB+ADDRESS+PHONE+SSN+ACCT_NUM,934
+SSN+DRLIC+PASSPORT,921
+DOB+PASSPORT,904
+SURNAME+DOB+PHONE+SSN+ACCT_NUM,892
+DOB+ADDRESS+PHONE+SSN+PASSPORT,890
+PHONE-GENDER-SSN-PASSPORT,887
+SURNAME+DOB+ADDRESS+ACCT_NUM,872
+SURNAME+ADDRESS+PHONE+SSN+LOGIN_ID,867
+SURNAME+DOB+PHONE+DRLIC,865
+ADDRESS+PHONE+DRLIC+PASSPORT+ACCT_NUM,858
-DRLIC,854
+SURNAME+PASSPORT,852
+SURNAME+ADDRESS+PHONE+LOGIN_ID,851
+SSN-DOB-DRLIC-PASSPORT,848
+PNAME+ADDRESS-DOB-SSN,843
+ADDRESS+PHONE+SSN+DRLIC+LOGIN_ID,834
+SURNAME+PHONE+LOGIN_ID,831
+SURNAME+PHONE+SSN+LOGIN_ID,829
+DOB+ADDRESS+SSN+PASSPORT,809
+SURNAME+DOB+ACCT_NUM,802
+SURNAME+DOB+ADDRESS+PHONE+PASSPORT,798
+SURNAME+PHONE+SSN+PASSPORT+ACCT_NUM,794
+DOB+ADDRESS+PHONE+DRLIC+PASSPORT,794
+SURNAME+PHONE+PASSPORT+ACCT_NUM,787
+SSN-GENDER-DRLIC-PASSPORT,787
+DOB+LOGIN_ID,783
+SURNAME+ADDRESS+PHONE+SSN+DRLIC+PASSPORT,745
+PNAME+DRLIC+PASSPORT+ACCT_NUM,738
+PHONE+SSN+DRLIC+PASSPORT+ACCT_NUM,736
+DOB+ADDRESS+DRLIC+ACCT_NUM,735
+PNAME+DRLIC+LOGIN_ID,733
+ADDRESS+PHONE+DRLIC+LOGIN_ID,733
+SURNAME+DOB+SSN+ACCT_NUM,699
+LOGIN_ID-GENERATION,694
+SURNAME+DOB+ADDRESS+SSN+ACCT_NUM,692
-DOB-GENDER-SSN-DRLIC,689
+PHONE+SSN+DRLIC+LOGIN_ID,687
+PHONE-SSN-DRLIC,686
+PHONE+DRLIC+LOGIN_ID,684
+DOB+ADDRESS+PHONE+SSN+DRLIC+ACCT_NUM,684
+DOB+PHONE+SSN+DRLIC+ACCT_NUM,680
+PNAME+PHONE+SSN (Ambiguous),679
+ADDRESS+LOGIN_ID+ACCT_NUM,659
+DOB+SSN+DRLIC+ACCT_NUM,658
+PHONE-GENDER-PASSPORT,652
-SSN-DRLIC-PASSPORT,651
+NAME+DRLIC+PASSPORT,645
+DOB+DRLIC+ACCT_NUM,640
+ADDRESS+SSN+LOGIN_ID+ACCT_NUM,632
+ADDRESS+PHONE+SSN+PASSPORT+LOGIN_ID,631
+SURNAME+ADDRESS+PHONE+DRLIC+PASSPORT,630
+SURNAME+ADDRESS+SSN+DRLIC+ACCT_NUM,629
+PNAME+LOGIN_ID-SSN-DRLIC,626
+PHONE+DRLIC+PASSPORT+ACCT_NUM,624
+PHONE-DOB-GENDER-SSN-PASSPORT,614
+DOB+ADDRESS+LOGIN_ID,613
+PNAME+ADDRESS-DOB,611
+DOB+PHONE+DRLIC+PASSPORT,610
+LOGIN_ID+ACCT_NUM,606
+DOB+PHONE+SSN+LOGIN_ID,603
+PNAME+PASSPORT+LOGIN_ID,597
+PNAME+ADDRESS+PHONE+SSN (Ambiguous),590
+SURNAME+ADDRESS+DRLIC+ACCT_NUM,582
+SSN-DOB-GENDER-DRLIC-PASSPORT,579
-DOB-DRLIC,579
+SURNAME+DOB+ADDRESS+DRLIC,578
+SURNAME+DRLIC+ACCT_NUM,575
+LOGIN_ID-GENERATION-GENDER-SSN,573
+DOB+ADDRESS+PHONE+SSN+LOGIN_ID,572
+SURNAME+DOB+ADDRESS+PHONE+DRLIC+ACCT_NUM,567
+ADDRESS+PHONE+PASSPORT+LOGIN_ID,561
+DOB+ADDRESS+PASSPORT+ACCT_NUM,558
+SSN+LOGIN_ID+ACCT_NUM,556
+SURNAME+DOB+DRLIC,556
+SURNAME+DOB+PHONE+PASSPORT,551
+PHONE-DRLIC,547
-GENDER-DRLIC,545
+DOB+ADDRESS+SSN+DRLIC+ACCT_NUM,541
+LOGIN_ID-GENERATION-DOB-SSN,540
+SURNAME+LOGIN_ID-GENDER-SSN,539
+PHONE-DOB-PASSPORT,535
+PHONE+PASSPORT+LOGIN_ID,533
+SURNAME+DOB+ADDRESS+PHONE+SSN+DRLIC,531
+PHONE+SSN+PASSPORT+LOGIN_ID,522
+SURNAME+PHONE+SSN+DRLIC+PASSPORT,521
+SURNAME+SSN+DRLIC+ACCT_NUM,518
+DOB+PHONE+SSN+PASSPORT+ACCT_NUM,515
+DOB+PASSPORT+ACCT_NUM,513
+PNAME+LOGIN_ID-GENDER-SSN,512
+DOB+SSN+LOGIN_ID,502
+PNAME+ADDRESS-SSN-PASSPORT,502
+SURNAME+ADDRESS+PHONE+SSN+DRLIC+PASSPORT+ACCT_NUM,501
+SURNAME+DOB+PHONE+SSN+DRLIC,499
+SURNAME+SSN+LOGIN_ID,498
+SURNAME+ADDRESS+LOGIN_ID,497
+DOB+SSN+PASSPORT+ACCT_NUM,495
+SURNAME+ADDRESS+SSN+PASSPORT+ACCT_NUM,491
+SURNAME+LOGIN_ID-GENDER,481
+PNAME+PHONE+DRLIC+PASSPORT,479
+SURNAME+DOB+SSN+DRLIC,470
+SURNAME+ADDRESS+SSN+LOGIN_ID,469
+DOB+ADDRESS+PHONE+SSN+PASSPORT+ACCT_NUM,469
+ADDRESS+SSN+DRLIC+PASSPORT+ACCT_NUM,465
+PNAME+LOGIN_ID-DRLIC,465
+SURNAME+ADDRESS+PASSPORT+ACCT_NUM,465
+SURNAME+LOGIN_ID-DOB-SSN,462
+SURNAME+PHONE+DRLIC+PASSPORT,462
+PNAME+LOGIN_ID-DOB-PASSPORT,459
+SURNAME+ADDRESS+PHONE+SSN+LOGIN_ID+ACCT_NUM,447
+ADDRESS+DRLIC+LOGIN_ID,447
+ADDRESS+SSN+DRLIC+LOGIN_ID,446
+DOB+ADDRESS+PHONE+LOGIN_ID+ACCT_NUM,445
+SURNAME+DOB+ADDRESS+PHONE+PASSPORT+ACCT_NUM,444
+DRLIC+LOGIN_ID,435
+PNAME+LOGIN_ID-GENDER,434
+SURNAME+PASSPORT+ACCT_NUM,425
+PNAME+SSN (Ambiguous),423
+SURNAME+SSN+PASSPORT+ACCT_NUM,422
-GENDER-SSN-DRLIC-PASSPORT,418
+PNAME+ADDRESS+SSN (Ambiguous),417
+LOGIN_ID-GENERATION-GENDER,414
+SURNAME+DOB+PHONE+DRLIC+ACCT_NUM,412
+DOB+PHONE+LOGIN_ID+ACCT_NUM,411
-DOB-SSN-DRLIC-PASSPORT,408
+SURNAME+ADDRESS+PHONE+LOGIN_ID+ACCT_NUM,408
+DOB+ADDRESS+SSN+LOGIN_ID,405
+ADDRESS+PHONE+SSN+DRLIC+LOGIN_ID+ACCT_NUM,397
+ADDRESS+DRLIC+PASSPORT+ACCT_NUM,394
+SSN+DRLIC+LOGIN_ID,392
+DOB+ADDRESS+SSN+PASSPORT+ACCT_NUM,391
+PNAME+DRLIC-SSN,389
+PHONE-GENDER-SSN-DRLIC,388
+DOB+ADDRESS+PHONE+DRLIC+PASSPORT+ACCT_NUM,382
+SSN+DRLIC+PASSPORT+ACCT_NUM,378
+SURNAME+DOB+ADDRESS+PASSPORT,375
+PNAME+ADDRESS-DOB-SSN-PASSPORT,373
+SURNAME+DOB+PHONE+SSN+PASSPORT,371
+NAME+PHONE+SSN (Ambiguous),369
+DOB+ADDRESS+DRLIC+PASSPORT,367
+LOGIN_ID-GENERATION-DOB,366
+SURNAME+DOB+ADDRESS+PHONE+LOGIN_ID,364
+SURNAME+DOB+ADDRESS+SSN+DRLIC,363
+SURNAME+PHONE+LOGIN_ID+ACCT_NUM,361
+DRLIC+PASSPORT+ACCT_NUM,359
+PNAME+PHONE+SSN+ACCT_NUM (Ambiguous),358
+SURNAME+PHONE+SSN+LOGIN_ID+ACCT_NUM,357
+SURNAME+ADDRESS+SSN+DRLIC+PASSPORT,357
+ADDRESS-GENERATION-SSN,356
+SURNAME+DOB+SSN+PASSPORT,356
+PHONE-DOB-SSN-DRLIC,353
+ADDRESS+PHONE+DRLIC+LOGIN_ID+ACCT_NUM,348
+DOB+SSN+DRLIC+PASSPORT,348
-DOB-GENDER-DRLIC,346
+LOGIN_ID-GENERATION-SSN-PASSPORT,344
+ADDRESS+SSN+PASSPORT+LOGIN_ID,343
+NAME+DOB-GENDER-SSN-DRLIC-PASSPORT,342
+PNAME+ADDRESS-PASSPORT,341
+SURNAME+ADDRESS-SSN,338
+ADDRESS+PHONE+SSN+PASSPORT+LOGIN_ID+ACCT_NUM,338
+LOGIN_ID-GENERATION-DOB-GENDER-SSN,337
+NAME+ADDRESS+PHONE+SSN (Ambiguous),337
+SURNAME+LOGIN_ID-DOB,336
+SURNAME+DOB+PHONE+PASSPORT+ACCT_NUM,335
+DOB+PHONE+SSN+DRLIC+PASSPORT,333
+PHONE-DOB-GENDER-PASSPORT,331
+PNAME+ADDRESS+PHONE+SSN+ACCT_NUM (Ambiguous),330
+SURNAME+ADDRESS+PHONE+DRLIC+PASSPORT+ACCT_NUM,328
+DOB+DRLIC+PASSPORT,325
+PNAME+LOGIN_ID-DOB-SSN-DRLIC,324
+DOB+ADDRESS+PHONE+DRLIC+LOGIN_ID,323
+ADDRESS+PASSPORT+LOGIN_ID,321
+SURNAME+DOB+PHONE+LOGIN_ID,321
+PASSPORT+LOGIN_ID,321
+SURNAME+DRLIC+PASSPORT,319
+SURNAME+DOB+ADDRESS+PHONE+SSN+PASSPORT,319
-DRLIC-PASSPORT,313
+SURNAME+DOB+ADDRESS+PHONE+DRLIC+PASSPORT,311
+SURNAME+DOB+PASSPORT,307
+LIKELY_NAME+ADDRESS+PHONE,306
+PNAME+ADDRESS+DRLIC+PASSPORT,306
+SURNAME+ADDRESS+PHONE+SSN+DRLIC+LOGIN_ID,306
+LIKELY_NAME+PHONE+SSN,302
+DOB+ADDRESS+PHONE+SSN+LOGIN_ID+ACCT_NUM,298
+PHONE+SSN+DRLIC+LOGIN_ID+ACCT_NUM,295
+SURNAME+SSN+DRLIC+PASSPORT,295
+SURNAME+ADDRESS+DRLIC+PASSPORT,290
+PNAME+DRLIC+LOGIN_ID+ACCT_NUM,289
+PHONE+DRLIC+LOGIN_ID+ACCT_NUM,279
+SSN+PASSPORT+LOGIN_ID,277
+DOB+PHONE+DRLIC+PASSPORT+ACCT_NUM,277
+DOB+PHONE+SSN+LOGIN_ID+ACCT_NUM,276
+DOB+ADDRESS+PHONE+PASSPORT+LOGIN_ID,275
+SURNAME+DOB+ADDRESS+PHONE+SSN+DRLIC+ACCT_NUM,274
+PNAME+PHONE+ACCT_NUM (Ambiguous),273
+DOB+LOGIN_ID-SSN,271
+SURNAME+LOGIN_ID-DOB-GENDER-SSN,271
+PHONE-GENDER-DRLIC,269
+DOB+ADDRESS+PHONE+SSN+DRLIC+PASSPORT,269
+SURNAME+PHONE+SSN+DRLIC+PASSPORT+ACCT_NUM,264
+ADDRESS+PHONE+PASSPORT+LOGIN_ID+ACCT_NUM,261
-DOB-GENDER-SSN-DRLIC-PASSPORT,260
+ADDRESS-GENERATION,260
+LOGIN_ID-GENERATION-DOB-SSN-PASSPORT,257
+SURNAME+DOB+ADDRESS+SSN+PASSPORT,254
+PHONE-DOB-DRLIC,253
+DOB+ADDRESS+LOGIN_ID+ACCT_NUM,251
+DOB+ADDRESS+SSN+DRLIC+PASSPORT,251
+SURNAME+DOB+ADDRESS+DRLIC+ACCT_NUM,250
+SURNAME+DOB+PHONE+SSN+LOGIN_ID,250
+NAME+ADDRESS+PHONE+SSN+ACCT_NUM (Ambiguous),249
+PNAME+SSN+ACCT_NUM (Ambiguous),248
+SURNAME+DOB+PHONE+SSN+DRLIC+ACCT_NUM,248
+SURNAME+ADDRESS+PHONE+DRLIC+LOGIN_ID,244
+NAME+DOB-GENDER-DRLIC-PASSPORT,243
+SURNAME+PHONE+DRLIC+PASSPORT+ACCT_NUM,243
+PHONE+PASSPORT+LOGIN_ID+ACCT_NUM,243
+SURNAME+LOGIN_ID-SSN-PASSPORT,241
+NAME+PHONE+SSN+ACCT_NUM (Ambiguous),239
+PNAME+LOGIN_ID-DOB-GENDER-SSN,238
+NAME+ADDRESS+SSN (Ambiguous),237
+ADDRESS+PHONE+SSN+DRLIC+PASSPORT+LOGIN_ID,234
+DOB+PHONE+DRLIC+LOGIN_ID,231
+PNAME+ADDRESS+PHONE+ACCT_NUM (Ambiguous),231
+NAME+ADDRESS+PHONE (Ambiguous),227
+SURNAME+DOB+SSN+DRLIC+ACCT_NUM,227
-DOB-DRLIC-PASSPORT,227
-GENDER-DRLIC-PASSPORT,226
+PNAME+PASSPORT+LOGIN_ID+ACCT_NUM,225
+PHONE-DOB-GENDER-SSN-DRLIC,225
+DOB+LOGIN_ID+ACCT_NUM,223
+PHONE+SSN+PASSPORT+LOGIN_ID+ACCT_NUM,221
+PNAME+ADDRESS+SSN+ACCT_NUM (Ambiguous),219
+SURNAME+PHONE+SSN+DRLIC+LOGIN_ID,219
+LOGIN_ID-GENERATION-GENDER-SSN-PASSPORT,217
+PNAME+DOB+PASSPORT,217
+SURNAME+ADDRESS-GENDER-SSN,215
+PNAME+LOGIN_ID-DOB-DRLIC,213
+ADDRESS-GENERATION-GENDER-SSN,212
+SURNAME+DOB+ADDRESS+PHONE+SSN+LOGIN_ID,211
+LOGIN_ID-GENERATION-PASSPORT,207
+PNAME+ADDRESS-SSN-DRLIC,205
+SURNAME+DOB+ADDRESS+SSN+DRLIC+ACCT_NUM,204
+SURNAME+DOB+LOGIN_ID,202
+PNAME+ADDRESS+PHONE+DRLIC+PASSPORT,202
+PNAME+DRLIC-DOB-SSN,201
+SURNAME+PHONE+DRLIC+LOGIN_ID,200
+DOB+SSN+LOGIN_ID+ACCT_NUM,199
+SURNAME+LOGIN_ID-DOB-GENDER,199
+SURNAME+LOGIN_ID+ACCT_NUM,198
+PHONE-SSN-DRLIC-PASSPORT,197
+LIKELY_NAME+PHONE,197
+SURNAME+ADDRESS+PHONE+PASSPORT+LOGIN_ID,196
+SURNAME+ADDRESS+LOGIN_ID+ACCT_NUM,196
+PNAME+LOGIN_ID-SSN-DRLIC-PASSPORT,195
+SURNAME+DOB+ADDRESS+PHONE+SSN+PASSPORT+ACCT_NUM,195
+PNAME+DRLIC+PASSPORT+LOGIN_ID,194
+ADDRESS-GENERATION-DOB-SSN,193
+LOGIN_ID-GENERATION-DOB-GENDER,191
+LIKELY_NAME+ADDRESS+SSN,190
+DOB+ADDRESS+PHONE+DRLIC+LOGIN_ID+ACCT_NUM,189
+SURNAME+ADDRESS+PHONE+SSN+PASSPORT+LOGIN_ID,189
+SURNAME+ADDRESS+SSN+LOGIN_ID+ACCT_NUM,188
+DOB+PHONE+PASSPORT+LOGIN_ID,188
+SURNAME+DOB+ADDRESS+LOGIN_ID,187
+DRLIC+LOGIN_ID+ACCT_NUM,186
+SURNAME+DOB+DRLIC+ACCT_NUM,185
+LOGIN_ID-GENERATION-DOB-GENDER-SSN-PASSPORT,183
+SURNAME+DOB+PHONE+DRLIC+PASSPORT,182
+SURNAME+PHONE+PASSPORT+LOGIN_ID,182
+NAME+SSN (Ambiguous),180
+SURNAME+LOGIN_ID-PASSPORT,179
+PNAME+SSN+PASSPORT,179
+ADDRESS+PHONE+DRLIC+PASSPORT+LOGIN_ID,178
+PNAME+ADDRESS-GENDER,178
+PNAME+LOGIN_ID-DOB-SSN-DRLIC-PASSPORT,177
+SURNAME+DOB+ADDRESS+PASSPORT+ACCT_NUM,177
+SURNAME+SSN+LOGIN_ID+ACCT_NUM,176
+ADDRESS+SSN+DRLIC+LOGIN_ID+ACCT_NUM,174
+DOB+ADDRESS+DRLIC+PASSPORT+ACCT_NUM,174
+DOB+SSN+DRLIC+PASSPORT+ACCT_NUM,173
+SURNAME+DOB+PHONE+SSN+PASSPORT+ACCT_NUM,173
+PNAME+PHONE+SSN+DRLIC (Ambiguous),173
+SURNAME+ADDRESS+PHONE+SSN+DRLIC+LOGIN_ID+ACCT_NUM,171
+SURNAME+PHONE+SSN+PASSPORT+LOGIN_ID,170
+PNAME+ADDRESS-DOB-PASSPORT,169
+DOB+ADDRESS+SSN+LOGIN_ID+ACCT_NUM,167
+PHONE-DOB-SSN-DRLIC-PASSPORT,167
+NAME+PHONE (Ambiguous),164
+PNAME+LOGIN_ID-DOB-GENDER,163
+PNAME+ADDRESS-GENDER-SSN,163
+SURNAME+ADDRESS+SSN+DRLIC+PASSPORT+ACCT_NUM,162
+SURNAME+DOB+ADDRESS+PHONE+LOGIN_ID+ACCT_NUM,162
+DOB+ADDRESS+PHONE+SSN+DRLIC+PASSPORT+ACCT_NUM,161
+LIKELY_NAME+SSN,161
+PHONE+DRLIC+PASSPORT+LOGIN_ID,160
+DOB+PHONE+SSN+DRLIC+PASSPORT+ACCT_NUM,160
+DOB+ADDRESS+DRLIC+LOGIN_ID,159
+SURNAME+DOB+ADDRESS+PHONE+DRLIC+PASSPORT+ACCT_NUM,159
+SURNAME+DOB+SSN+LOGIN_ID,159
+LIKELY_NAME+PHONE+ACCT_NUM,159
+SSN+DRLIC+LOGIN_ID+ACCT_NUM,158
+ADDRESS+SSN+PASSPORT+LOGIN_ID+ACCT_NUM,157
+SURNAME+ADDRESS-DOB-SSN,157
+SURNAME+DOB+SSN+PASSPORT+ACCT_NUM,156
+DOB+LOGIN_ID-GENDER-SSN,156
+PNAME+ADDRESS-DRLIC,156
+PNAME+ADDRESS+PHONE+SSN+DRLIC (Ambiguous),154
+ADDRESS-GENERATION-GENDER,154
+LIKELY_NAME+ADDRESS,152
+PNAME+DOB+ADDRESS+PHONE+SSN (Ambiguous),152
+DOB+DRLIC+PASSPORT+ACCT_NUM,150
+NAME+ADDRESS+PHONE+ACCT_NUM (Ambiguous),149
+DOB+DRLIC+LOGIN_ID,148
+NAME+ADDRESS+SSN+ACCT_NUM (Ambiguous),147
+PHONE+SSN+DRLIC+PASSPORT+LOGIN_ID,145
+ADDRESS+DRLIC+LOGIN_ID+ACCT_NUM,144
+SURNAME+ADDRESS-GENDER,143
+DOB+ADDRESS+PHONE+SSN+DRLIC+LOGIN_ID,142
+SURNAME+ADDRESS+DRLIC+LOGIN_ID,142
+SURNAME+LOGIN_ID-DOB-SSN-PASSPORT,142
+DOB+SSN+DRLIC+LOGIN_ID,142
+PASSPORT-SSN,141
+SURNAME+DOB+ADDRESS+DRLIC+PASSPORT,141
+PNAME+LOGIN_ID-GENDER-SSN-PASSPORT,140
+DOB+PHONE+SSN+DRLIC+LOGIN_ID,139
+ADDRESS+PHONE+SSN+DRLIC+PASSPORT+LOGIN_ID+ACCT_NUM,137
+SURNAME+SSN+DRLIC+LOGIN_ID,136
+SURNAME+DOB+ADDRESS+SSN+LOGIN_ID,136
+PNAME+DOB+SSN (Ambiguous),136
+NAME+SSN+ACCT_NUM (Ambiguous),136
+NAME+LOGIN_ID-SSN,135
+PNAME+ADDRESS+ACCT_NUM (Ambiguous),135
+SURNAME+LOGIN_ID-GENDER-SSN-PASSPORT,135
+ADDRESS+PASSPORT+LOGIN_ID+ACCT_NUM,134
+SURNAME+DRLIC+LOGIN_ID,134
+PNAME+LOGIN_ID-DRLIC-PASSPORT,133
+SURNAME+DOB+ADDRESS+SSN+PASSPORT+ACCT_NUM,132
+PHONE-DRLIC-PASSPORT,132
+SURNAME+DOB+SSN+DRLIC+PASSPORT,132
+NAME+ADDRESS+PHONE+SSN+DRLIC (Ambiguous),131
+PNAME+DRLIC-SSN-PASSPORT,131
+DOB+ADDRESS+SSN+DRLIC+PASSPORT+ACCT_NUM,131
+PNAME+DOB+PHONE+SSN (Ambiguous),131
+SURNAME+ADDRESS+PHONE+SSN+PASSPORT+LOGIN_ID+ACCT_NUM,131
+SURNAME+DOB+PASSPORT+ACCT_NUM,131
+PNAME+PHONE+SSN+PASSPORT (Ambiguous),130
+LIKELY_NAME+PHONE+SSN+ACCT_NUM,130
+SURNAME+ADDRESS+DRLIC+PASSPORT+ACCT_NUM,129
+ADDRESS-GENERATION-DOB-GENDER-SSN,129
+SSN+PASSPORT+LOGIN_ID+ACCT_NUM,128
+PNAME+DOB+PHONE+ACCT_NUM (Ambiguous),128
+SURNAME+ADDRESS+SSN+DRLIC+LOGIN_ID,128
+SURNAME+ADDRESS-DOB,128
+PNAME+ADDRESS+PHONE+SSN+PASSPORT (Ambiguous),127
+PNAME+ADDRESS-DOB-SSN-DRLIC,127
-DOB-GENDER-DRLIC-PASSPORT,127
+DOB+ADDRESS+PHONE+PASSPORT+LOGIN_ID+ACCT_NUM,127
+DOB+ADDRESS+SSN+DRLIC+LOGIN_ID,126
+SURNAME+LOGIN_ID-SSN-DRLIC,125
+DOB+PASSPORT+LOGIN_ID,124
+SURNAME+SSN+DRLIC+PASSPORT+ACCT_NUM,124
+NAME+PHONE+ACCT_NUM (Ambiguous),123
+SURNAME+DRLIC+PASSPORT+ACCT_NUM,123
+ADDRESS-GENERATION-DOB-SSN-PASSPORT,122
+SURNAME+DOB+PHONE+SSN+DRLIC+PASSPORT,122
+SURNAME+DOB+ADDRESS+PHONE+SSN+LOGIN_ID+ACCT_NUM,122
+DOB+PHONE+SSN+PASSPORT+LOGIN_ID,122
+SURNAME+PASSPORT+LOGIN_ID,122
+PASSPORT+LOGIN_ID+ACCT_NUM,121
+PNAME+DOB+ADDRESS+PHONE+SSN+ACCT_NUM (Ambiguous),121
+PNAME+ADDRESS+SSN+DRLIC (Ambiguous),121
+LOGIN_ID-GENERATION-SSN-DRLIC,121
+SURNAME+ADDRESS+PHONE+DRLIC+LOGIN_ID+ACCT_NUM,121
+DOB+LOGIN_ID-GENDER,121
+SURNAME+DOB+PHONE+LOGIN_ID+ACCT_NUM,121
+PNAME+SSN+DRLIC (Ambiguous),120
+LOGIN_ID-GENERATION-GENDER-PASSPORT,119
+PNAME+DRLIC-DOB,118
+DOB+ADDRESS+PASSPORT+LOGIN_ID,118
+PHONE-DOB-GENDER-DRLIC,115
+PNAME+DOB+ADDRESS+PHONE+ACCT_NUM (Ambiguous),115
+DOB+PHONE+DRLIC+LOGIN_ID+ACCT_NUM,114
+PHONE-GENDER-SSN-DRLIC-PASSPORT,114
+LOGIN_ID-GENERATION-DOB-PASSPORT,113
+PNAME+SSN-DOB,113
+NAME+DOB+ADDRESS+PHONE+SSN (Ambiguous),111
+NAME+ADDRESS-SSN,111
+PNAME+PHONE-SSN,110
+NAME+ADDRESS (Ambiguous),110
+NAME+PHONE+SSN+DRLIC (Ambiguous),109
+SURNAME+DOB+DRLIC+PASSPORT,107
+SURNAME+ADDRESS+PASSPORT+LOGIN_ID,107
+SURNAME+DOB+ADDRESS+PHONE+DRLIC+LOGIN_ID,107
+ADDRESS-GENERATION-DOB,107
+SURNAME+SSN+PASSPORT+LOGIN_ID,106
+SURNAME+ADDRESS+PHONE+PASSPORT+LOGIN_ID+ACCT_NUM,105
+SURNAME+PHONE+DRLIC+LOGIN_ID+ACCT_NUM,105
+SURNAME+ADDRESS-SSN-PASSPORT,105
+SURNAME+DOB+PHONE+DRLIC+PASSPORT+ACCT_NUM,105
+SURNAME+ADDRESS+SSN+PASSPORT+LOGIN_ID,104
+LIKELY_NAME+PHONE+DRLIC,104
+PNAME+SSN+PASSPORT (Ambiguous),104
+SURNAME+DOB+ADDRESS+PHONE+SSN+DRLIC+PASSPORT,103
+LIKELY_NAME+ACCT_NUM,102
+LIKELY_NAME+SSN+ACCT_NUM,101
+DOB+PHONE+PASSPORT+LOGIN_ID+ACCT_NUM,101
+SURNAME+ADDRESS-DOB-GENDER-SSN,100
+LIKELY_NAME+ADDRESS+ACCT_NUM,99
+ADDRESS-GENERATION-SSN-PASSPORT,98
+SURNAME+LOGIN_ID-GENDER-PASSPORT,97
+PNAME+DOB+PHONE+SSN+ACCT_NUM (Ambiguous),97
+ADDRESS+DRLIC+PASSPORT+LOGIN_ID,96
+SURNAME+LOGIN_ID-DOB-GENDER-SSN-PASSPORT,95
+ADDRESS-GENERATION-DOB-GENDER-SSN-PASSPORT,95
+PNAME+PHONE+DRLIC (Ambiguous),95
+NAME+ADDRESS+ACCT_NUM (Ambiguous),94
+SURNAME+PHONE+SSN+DRLIC+LOGIN_ID+ACCT_NUM,94
+PNAME+ADDRESS+PHONE+DRLIC (Ambiguous),94
+SURNAME+PHONE+SSN+PASSPORT+LOGIN_ID+ACCT_NUM,94
+NAME+DOB+PHONE+SSN+ACCT_NUM (Ambiguous),94
+PNAME+DOB+ADDRESS+SSN (Ambiguous),93
+SURNAME+LOGIN_ID-DOB-PASSPORT,93
+SURNAME+DOB+ADDRESS+PHONE+PASSPORT+LOGIN_ID,92
+PNAME+LOGIN_ID-GENDER-PASSPORT,92
+PNAME+DOB+DRLIC+PASSPORT,90
+DOB+ADDRESS-SSN,89
+PNAME+ADDRESS+SSN+PASSPORT (Ambiguous),89
+ADDRESS+PHONE+DRLIC+PASSPORT+LOGIN_ID+ACCT_NUM,89
+DOB+SSN+PASSPORT+LOGIN_ID,89
+LIKELY_NAME+PHONE+SSN+DRLIC,89
+LIKELY_NAME+ADDRESS+SSN+ACCT_NUM,89
+PNAME+LOGIN_ID-DOB-GENDER-SSN-PASSPORT,88
+ADDRESS+SSN+DRLIC+PASSPORT+LOGIN_ID,88
+NAME+DOB+PHONE+SSN (Ambiguous),88
+PNAME+SSN+DRLIC+PASSPORT,88
+NAME+ADDRESS+PHONE+SSN+PASSPORT (Ambiguous),88
+LOGIN_ID-GENERATION-DRLIC,87
+DOB+ADDRESS+PHONE+SSN+PASSPORT+LOGIN_ID,87
+SURNAME+DOB+PHONE+SSN+LOGIN_ID+ACCT_NUM,87
+SURNAME+ADDRESS-DOB-GENDER,86
+SURNAME+DOB+ADDRESS+SSN+DRLIC+PASSPORT,86
+PHONE-DOB-GENDER-SSN-DRLIC-PASSPORT,85
+DOB+ADDRESS+PHONE+SSN+DRLIC+LOGIN_ID+ACCT_NUM,85
+NAME+PHONE+SSN+PASSPORT (Ambiguous),85
+DOB+LOGIN_ID-SSN-PASSPORT,85
+PNAME+PHONE+PASSPORT (Ambiguous),83
+NAME+DOB+ADDRESS+SSN (Ambiguous),82
+NAME+DOB+ADDRESS+PHONE+SSN+ACCT_NUM (Ambiguous),82
+PNAME+DRLIC-DOB-SSN-PASSPORT,82
+SURNAME+PHONE+PASSPORT+LOGIN_ID+ACCT_NUM,82
+SURNAME+LOGIN_ID-DRLIC,82
+PNAME+ADDRESS-DOB-GENDER-SSN,82
+PNAME+ADDRESS+PHONE+SSN+DRLIC+ACCT_NUM (Ambiguous),81
+PNAME+ADDRESS-DOB-GENDER,80
+LIKELY_NAME+DOB+PHONE,78
+DOB+ADDRESS+PHONE+DRLIC+PASSPORT+LOGIN_ID,78
+NAME+DOB+ADDRESS+PHONE (Ambiguous),78
+SURNAME+DOB+ADDRESS+LOGIN_ID+ACCT_NUM,78
+LOGIN_ID-GENERATION-DOB-SSN-DRLIC,78
+PNAME+DRLIC-PASSPORT,77
+PHONE-DOB-DRLIC-PASSPORT,77
+LOGIN_ID-GENERATION-GENDER-SSN-DRLIC,77
+DOB+PHONE+DRLIC+PASSPORT+LOGIN_ID,76
+PNAME+ADDRESS-SSN-DRLIC-PASSPORT,76
+SURNAME+DOB+PHONE+PASSPORT+LOGIN_ID,76
+ADDRESS-GENERATION-GENDER-SSN-PASSPORT,76
+SURNAME+ADDRESS+PHONE+SSN+DRLIC+PASSPORT+LOGIN_ID,75
+PNAME+PHONE+SSN+DRLIC+ACCT_NUM (Ambiguous),75
+SURNAME+DRLIC-SSN,75
+DRLIC+PASSPORT+LOGIN_ID,75
+PNAME+ADDRESS-DOB-DRLIC,74
+DRLIC-GENERATION-SSN,74
+DOB+ADDRESS+DRLIC+LOGIN_ID+ACCT_NUM,74
+PHONE+SSN+DRLIC+PASSPORT+LOGIN_ID+ACCT_NUM,74
+SSN+DRLIC+PASSPORT+LOGIN_ID,74
+DOB+ADDRESS+SSN+PASSPORT+LOGIN_ID,74
+ADDRESS-GENERATION-DOB-GENDER,74
+NAME+ADDRESS+PHONE+DRLIC+ACCT_NUM (Ambiguous),73
+PNAME+DRLIC+PASSPORT+LOGIN_ID+ACCT_NUM,73
+SURNAME+ADDRESS+SSN+DRLIC+LOGIN_ID+ACCT_NUM,73
+PNAME+PHONE+SSN+PASSPORT+ACCT_NUM (Ambiguous),73
+NAME+DOB+PHONE (Ambiguous),72
+ADDRESS-GENERATION-PASSPORT,72
+PNAME+ADDRESS-DOB-SSN-DRLIC-PASSPORT,72
+PNAME+DOB+ACCT_NUM (Ambiguous),71
+NAME+PHONE+SSN+DRLIC+ACCT_NUM (Ambiguous),70
+NAME+ADDRESS+SSN+DRLIC (Ambiguous),70
+SURNAME+DOB+ADDRESS+DRLIC+PASSPORT+ACCT_NUM,70
+PNAME+ADDRESS+PHONE+SSN+PASSPORT+ACCT_NUM (Ambiguous),70
+SURNAME+ADDRESS-PASSPORT,70
+SURNAME+DOB+PHONE+DRLIC+LOGIN_ID,69
+DOB+SSN-GENDER,68
+PNAME+DOB+ADDRESS+ACCT_NUM (Ambiguous),68
+PNAME-SSN,68
+NAME+ADDRESS+PHONE+SSN+PASSPORT+ACCT_NUM (Ambiguous),67
+NAME+ADDRESS+PHONE+SSN+DRLIC+ACCT_NUM (Ambiguous),67
+PNAME+DOB+ADDRESS+PHONE+SSN+DRLIC (Ambiguous),67
+PHONE-GENDER-DRLIC-PASSPORT,66
+PNAME+DOB+SSN+ACCT_NUM (Ambiguous),66
+SURNAME+ADDRESS+PHONE+SSN+DRLIC+PASSPORT+LOGIN_ID+ACCT_NUM,66
+LIKELY_NAME+ADDRESS+SSN+DRLIC,66
+PASSPORT-DOB-SSN,65
+DOB+PHONE+SSN+DRLIC+LOGIN_ID+ACCT_NUM,65
+SURNAME+DOB+PHONE+SSN+DRLIC+PASSPORT+ACCT_NUM,64
+SURNAME+DOB+ADDRESS+PHONE+DRLIC+LOGIN_ID+ACCT_NUM,64
+SURNAME+ADDRESS+PASSPORT+LOGIN_ID+ACCT_NUM,64
+LOGIN_ID-GENERATION-DOB-GENDER-PASSPORT,64
+NAME+SSN+DRLIC (Ambiguous),64
+DOB+DRLIC+LOGIN_ID+ACCT_NUM,63
+NAME+DOB+ADDRESS+PHONE+ACCT_NUM (Ambiguous),63
+SURNAME+LOGIN_ID-GENDER-SSN-DRLIC,63
+PNAME+DOB+ADDRESS+SSN+ACCT_NUM (Ambiguous),63
+NAME+ADDRESS+PHONE+DRLIC (Ambiguous),63
+PNAME+LOGIN_ID-DOB-DRLIC-PASSPORT,62
+PASSPORT-GENDER-SSN,62
+SURNAME+LOGIN_ID-DOB-SSN-DRLIC,62
+LIKELY_NAME+PHONE+SSN+PASSPORT,62
+NAME+SSN+PASSPORT (Ambiguous),62
+SURNAME+DOB+ADDRESS+PHONE+SSN+DRLIC+PASSPORT+ACCT_NUM,62
+NAME+ADDRESS+SSN+PASSPORT (Ambiguous),62
+LIKELY_NAME+DRLIC,61
+NAME+DOB+SSN (Ambiguous),61
+SURNAME+DRLIC+LOGIN_ID+ACCT_NUM,61
+LOGIN_ID-GENERATION-DOB-SSN-DRLIC-PASSPORT,61
+LIKELY_NAME+PHONE+PASSPORT,61
+SURNAME+ADDRESS+DRLIC+LOGIN_ID+ACCT_NUM,60
+SURNAME+ADDRESS+PHONE+DRLIC+PASSPORT+LOGIN_ID,60
+LIKELY_NAME+DOB+ADDRESS,59
+LOGIN_ID-GENERATION-DOB-GENDER-SSN-DRLIC,59
+PHONE+DRLIC+PASSPORT+LOGIN_ID+ACCT_NUM,59
+PNAME+ADDRESS-GENDER-SSN-PASSPORT,58
+SURNAME+LOGIN_ID-GENDER-DRLIC,57
+DOB+ADDRESS+SSN+DRLIC+LOGIN_ID+ACCT_NUM,57
+PASSPORT-DOB,57
+SURNAME+DOB+DRLIC+PASSPORT+ACCT_NUM,57
+NAME+DOB-GENERATION-SSN,57
+NAME+PHONE-SSN,57
+DOB+SSN+PASSPORT+LOGIN_ID+ACCT_NUM,57
+SURNAME+PHONE+SSN+DRLIC+PASSPORT+LOGIN_ID,57
+PASSPORT-GENDER,57
+PNAME+DOB+ADDRESS+PHONE (Ambiguous),56
+NAME+DOB+PHONE+ACCT_NUM (Ambiguous),56
+LIKELY_NAME+ADDRESS+DRLIC,55
+NAME+ADDRESS-DOB-SSN,55
+SURNAME+DOB+SSN+LOGIN_ID+ACCT_NUM,55
+NAME+LOGIN_ID-DOB-SSN,55
+PNAME+ADDRESS+PHONE+PASSPORT (Ambiguous),55
+DOB+ADDRESS-GENDER-SSN,54
+SURNAME+DOB+ADDRESS+DRLIC+LOGIN_ID,54
+PNAME+PHONE+SSN+DRLIC+PASSPORT (Ambiguous),53
+SURNAME+ADDRESS-GENDER-SSN-PASSPORT,53
+LOGIN_ID-GENERATION-DOB-DRLIC,53
+PNAME+PHONE-DOB-SSN,53
+LIKELY_NAME+DOB+PHONE+ACCT_NUM,53
+SURNAME+DOB+SSN+DRLIC+PASSPORT+ACCT_NUM,53
+NAME+DOB (Ambiguous),53
+SURNAME+DOB+LOGIN_ID+ACCT_NUM,52
+DOB+ADDRESS+PASSPORT+LOGIN_ID+ACCT_NUM,52
+PHONE-DOB-GENDER-DRLIC-PASSPORT,52
+PNAME+ADDRESS+DRLIC (Ambiguous),52
+DOB+SSN+DRLIC+LOGIN_ID+ACCT_NUM,51
+PNAME+SSN-PASSPORT,51
+PNAME+ADDRESS+PHONE+DRLIC+ACCT_NUM (Ambiguous),51
+DOB+PHONE+SSN+PASSPORT+LOGIN_ID+ACCT_NUM,51
+LOGIN_ID-GENERATION-DOB-GENDER-SSN-DRLIC-PASSPORT,50
+PNAME+SSN+DRLIC+ACCT_NUM (Ambiguous),50
+NAME+DOB+ADDRESS+SSN+ACCT_NUM (Ambiguous),50
+PNAME+DOB+PHONE+SSN+DRLIC (Ambiguous),50
+SURNAME+DOB+ADDRESS+SSN+LOGIN_ID+ACCT_NUM,50
+SURNAME+LOGIN_ID-DOB-GENDER-PASSPORT,49
+PNAME+ADDRESS+PHONE+PASSPORT+ACCT_NUM (Ambiguous),49
+NAME+LOGIN_ID-DOB,49
+NAME+PHONE+DRLIC+ACCT_NUM (Ambiguous),49
+NAME+SSN,49
+LIKELY_NAME+SSN+DRLIC,49
+SURNAME+DOB+PHONE+DRLIC+LOGIN_ID+ACCT_NUM,49
+NAME+PHONE+DRLIC (Ambiguous),48
+NAME+ADDRESS+PHONE+PASSPORT (Ambiguous),48
+SSN-GENERATION,48
+DOB+LOGIN_ID-GENDER-SSN-PASSPORT,48
+LOGIN_ID-GENERATION-SSN-DRLIC-PASSPORT,47
+PNAME+PHONE+DRLIC+ACCT_NUM (Ambiguous),47
+PNAME,47
+PNAME+ADDRESS-GENDER-PASSPORT,47
+SURNAME+PHONE+DRLIC+PASSPORT+LOGIN_ID,47
+DRLIC-GENERATION-GENDER-SSN,46
+PNAME+PHONE+SSN+LOGIN_ID (Ambiguous),46
+LOGIN_ID-GENERATION-GENDER-DRLIC,46
+SURNAME+ADDRESS+SSN+PASSPORT+LOGIN_ID+ACCT_NUM,46
+NAME+ADDRESS+SSN+DRLIC+ACCT_NUM (Ambiguous),46
+PNAME+LOGIN_ID-GENDER-SSN-DRLIC,46
+SURNAME+DOB+ADDRESS+SSN+DRLIC+PASSPORT+ACCT_NUM,46
+SURNAME+DRLIC-DOB,46
+NAME+DOB+SSN+ACCT_NUM (Ambiguous),46
+NAME+PHONE+SSN+PASSPORT+ACCT_NUM (Ambiguous),45
+NAME+DOB-GENERATION,45
+SURNAME+DOB+DRLIC+LOGIN_ID,45
+PNAME+PHONE+PASSPORT+ACCT_NUM (Ambiguous),44
+ADDRESS-GENERATION-DOB-PASSPORT,44
+PNAME+SSN+PASSPORT+ACCT_NUM (Ambiguous),44
+DOB+ADDRESS+SSN+PASSPORT+LOGIN_ID+ACCT_NUM,44
+DOB+ADDRESS+PHONE+SSN+PASSPORT+LOGIN_ID+ACCT_NUM,44
+LIKELY_NAME+DOB+PHONE+SSN,44
+PNAME+SSN-DRLIC,43
+NAME+DOB+ADDRESS+ACCT_NUM (Ambiguous),43
+SURNAME+ADDRESS-DOB-SSN-PASSPORT,43
+NAME+DOB+ADDRESS (Ambiguous),43
+DOB+LOGIN_ID-PASSPORT,43
+PNAME+ADDRESS+PHONE+SSN,42
+DRLIC-GENERATION,42
+LIKELY_NAME+PHONE+DRLIC+ACCT_NUM,42
+NAME+ADDRESS+DRLIC (Ambiguous),42
+LIKELY_NAME+ADDRESS+SSN+PASSPORT,42
+PNAME+LOGIN_ID-GENDER-DRLIC,42
+SURNAME+DOB+SSN+DRLIC+LOGIN_ID,42
+SURNAME+DOB+ADDRESS+PASSPORT+LOGIN_ID,42
+PNAME+DOB+ADDRESS+SSN+DRLIC (Ambiguous),41
+ADDRESS-GENERATION-SSN-DRLIC,41
+NAME+PHONE+PASSPORT (Ambiguous),41
+PNAME+PHONE-GENDER-SSN,41
+NAME+DOB+PHONE+SSN+DRLIC (Ambiguous),41
+SURNAME+ADDRESS-DOB-PASSPORT,41
+PNAME+ADDRESS+PHONE+SSN+LOGIN_ID (Ambiguous),41
+NAME+DOB+ACCT_NUM (Ambiguous),41
+PNAME+LOGIN_ID-DOB-GENDER-PASSPORT,41
+SURNAME+DOB+ADDRESS+PHONE+SSN+DRLIC+LOGIN_ID,40
+SURNAME+LOGIN_ID-DOB-DRLIC,40
+DOB+ADDRESS+PHONE+DRLIC+PASSPORT+LOGIN_ID+ACCT_NUM,40
+SURNAME+DOB+SSN+PASSPORT+LOGIN_ID,40
+SURNAME+DOB+ADDRESS+SSN+DRLIC+LOGIN_ID,40
+SURNAME+DOB+PHONE+SSN+PASSPORT+LOGIN_ID,40
+PNAME+PHONE-GENDER,40
+PNAME+DOB+PHONE+SSN+PASSPORT (Ambiguous),40
+SURNAME+DOB+PHONE+SSN+DRLIC+LOGIN_ID,40
+PNAME+ADDRESS+SSN+DRLIC+ACCT_NUM (Ambiguous),40
+PNAME+PHONE-DOB,40
+PNAME+DOB+SSN+DRLIC (Ambiguous),40
+PNAME-DOB-SSN,39
+DRLIC-GENERATION-DOB-SSN,39
+NAME+LOGIN_ID-GENDER-SSN,39
+LIKELY_NAME+ADDRESS+PASSPORT,39
+DOB+PASSPORT+LOGIN_ID+ACCT_NUM,39
+DRLIC+PASSPORT+LOGIN_ID+ACCT_NUM,39
+PNAME+DOB+ADDRESS+PHONE+SSN+PASSPORT (Ambiguous),39
+SURNAME+DOB+ADDRESS+PHONE+PASSPORT+LOGIN_ID+ACCT_NUM,39
+SURNAME+SSN+PASSPORT+LOGIN_ID+ACCT_NUM,38
+PNAME+ADDRESS+SSN+PASSPORT+ACCT_NUM (Ambiguous),38
+NAME+ADDRESS+PHONE+PASSPORT+ACCT_NUM (Ambiguous),38
+SURNAME+PASSPORT+LOGIN_ID+ACCT_NUM,38
+SURNAME+DOB+ADDRESS+SSN+PASSPORT+LOGIN_ID,38
+SURNAME+DOB+ADDRESS+PHONE+SSN+DRLIC+LOGIN_ID+ACCT_NUM,38
+ADDRESS-GENERATION-GENDER-PASSPORT,38
+ADDRESS+SSN+DRLIC+PASSPORT+LOGIN_ID+ACCT_NUM,37
+PNAME+SSN-DOB-PASSPORT,37
+SURNAME+ADDRESS+PHONE+DRLIC+PASSPORT+LOGIN_ID+ACCT_NUM,37
+NAME+LOGIN_ID-GENDER,37
+SURNAME+DRLIC-GENDER,37
+SURNAME+DRLIC-GENDER-SSN,37
+PNAME+DOB+PHONE+PASSPORT (Ambiguous),36
+LIKELY_NAME+PASSPORT,36
+SURNAME+ADDRESS-DOB-GENDER-SSN-PASSPORT,36
+PNAME+LOGIN_ID-DOB-GENDER-SSN-DRLIC,36
+DOB+PHONE+DRLIC+PASSPORT+LOGIN_ID+ACCT_NUM,35
+NAME+ADDRESS+PHONE+SSN+LOGIN_ID (Ambiguous),35
+PNAME+DOB+ADDRESS+PHONE+SSN+DRLIC+ACCT_NUM (Ambiguous),35
+SURNAME+DOB+PHONE+SSN+DRLIC+LOGIN_ID+ACCT_NUM,35
+NAME+DOB+ADDRESS+PHONE+SSN+DRLIC (Ambiguous),35
+LIKELY_NAME+SSN+PASSPORT,35
+PNAME+ADDRESS+PHONE+SSN+DRLIC+PASSPORT (Ambiguous),35
+PNAME+ADDRESS-DRLIC-PASSPORT,35
+LIKELY_NAME+PHONE+SSN+DRLIC+ACCT_NUM,35
+ADDRESS+DRLIC+PASSPORT+LOGIN_ID+ACCT_NUM,35
+NAME+ACCT_NUM (Ambiguous),35
+ADDRESS-GENERATION-DOB-GENDER-PASSPORT,34
+NAME+PHONE+PASSPORT+ACCT_NUM (Ambiguous),34
+SURNAME+ADDRESS-SSN-DRLIC,34
+PNAME+SSN+LOGIN_ID (Ambiguous),34
+DOB+ADDRESS+SSN+DRLIC+PASSPORT+LOGIN_ID,34
+NAME+DOB+SSN+DRLIC (Ambiguous),34
+PASSPORT-DOB-GENDER-SSN,34
+SURNAME+DOB+ADDRESS+PHONE+SSN+PASSPORT+LOGIN_ID,34
+PNAME+SSN-GENDER,34
+PNAME+DOB+ADDRESS+PHONE+DRLIC (Ambiguous),34
+SURNAME+DRLIC-DOB-SSN,34
+SURNAME+DOB+PHONE+PASSPORT+LOGIN_ID+ACCT_NUM,33
+LIKELY_NAME+PHONE+SSN+LOGIN_ID,33
+DRLIC-GENERATION-SSN-PASSPORT,33
+PNAME+DOB+PHONE+DRLIC+ACCT_NUM (Ambiguous),33
+LIKELY_NAME+DOB+ADDRESS+ACCT_NUM,33
+NAME+ADDRESS-SSN-PASSPORT,33
+NAME+SSN+DRLIC+ACCT_NUM (Ambiguous),33
+NAME+ADDRESS-DOB,33
+SSN+DRLIC+PASSPORT+LOGIN_ID+ACCT_NUM,33
+NAME+ADDRESS+PHONE,32
+NAME+PHONE+SSN+LOGIN_ID (Ambiguous),32
+NAME+DOB+ADDRESS+PHONE+SSN+DRLIC+ACCT_NUM (Ambiguous),32
+PNAME+ADDRESS+PASSPORT (Ambiguous),32
+PNAME+ADDRESS-DOB-GENDER-SSN-PASSPORT,32
+PNAME+DOB+PHONE+DRLIC (Ambiguous),32
+PNAME+DOB+SSN+PASSPORT (Ambiguous),32
+LIKELY_NAME+DOB+PHONE+DRLIC,32
+NAME+PHONE-DRLIC,32
+DOB+ADDRESS+PHONE+SSN+DRLIC+PASSPORT+LOGIN_ID,32
+PNAME+DOB+ADDRESS+SSN+PASSPORT (Ambiguous),32
+SURNAME+PHONE+SSN+DRLIC+PASSPORT+LOGIN_ID+ACCT_NUM,32
+LIKELY_NAME+DOB+PHONE+PASSPORT,32
+PNAME+DOB+ADDRESS+PHONE+PASSPORT (Ambiguous),32
+SURNAME+DOB+ADDRESS+PHONE+DRLIC+PASSPORT+LOGIN_ID,32
+NAME+ADDRESS+PHONE+SSN+DRLIC+PASSPORT (Ambiguous),31
+PNAME+ADDRESS+DRLIC+ACCT_NUM (Ambiguous),31
+PNAME+DRLIC-DOB-PASSPORT,31
+NAME+DOB+ADDRESS+PHONE+SSN+PASSPORT (Ambiguous),31
+SURNAME+SSN+DRLIC+PASSPORT+LOGIN_ID,31
+LIKELY_NAME+PHONE+PASSPORT+ACCT_NUM,31
+SURNAME+PHONE+DRLIC+PASSPORT+LOGIN_ID+ACCT_NUM,31
+SURNAME+ADDRESS+SSN+DRLIC+PASSPORT+LOGIN_ID+ACCT_NUM,31
+DOB+SSN-PASSPORT,31
+DRLIC-GENERATION-DOB-GENDER-SSN-PASSPORT,31
+PNAME+DOB+ADDRESS+DRLIC (Ambiguous),31
+SURNAME+ADDRESS+SSN+DRLIC+PASSPORT+LOGIN_ID,30
+PNAME+DOB+PASSPORT (Ambiguous),30
+SURNAME+SSN+DRLIC+LOGIN_ID+ACCT_NUM,30
+NAME+DOB+PHONE+SSN+PASSPORT (Ambiguous),30
+DOB+LOGIN_ID-DRLIC,30
+LIKELY_NAME+ADDRESS+PHONE+DRLIC,30
+NAME+SSN+PASSPORT+ACCT_NUM (Ambiguous),30
+PNAME+ADDRESS+SSN+LOGIN_ID (Ambiguous),30
+NAME+ADDRESS-GENDER-SSN,29
+PNAME-SSN-PASSPORT,29
+SURNAME+DRLIC+PASSPORT+LOGIN_ID,29
+NAME+ADDRESS+SSN+PASSPORT+ACCT_NUM (Ambiguous),29
+SURNAME+DOB+PASSPORT+LOGIN_ID,29
+PNAME+PHONE+SSN,29
+PNAME+PHONE-SSN-PASSPORT,29
+PASSPORT-DOB-GENDER,29
+LIKELY_NAME+DRLIC+ACCT_NUM,29
+LIKELY_NAME+PHONE+LOGIN_ID,29
+NAME+DOB-GENERATION-SSN-PASSPORT,28
+DOB+PHONE+SSN+DRLIC+PASSPORT+LOGIN_ID,28
+LIKELY_NAME+PHONE+SSN+PASSPORT+ACCT_NUM,28
+PNAME+DRLIC-GENDER,28
+NAME+PHONE,28
+NAME+DOB+PHONE+PASSPORT (Ambiguous),28
+DRLIC-GENERATION-DOB-GENDER-SSN,28
+DRLIC-GENERATION-GENDER,28
+PNAME+DRLIC-GENDER-SSN,27
+SURNAME+ADDRESS+DRLIC+PASSPORT+LOGIN_ID,27
+DRLIC-GENERATION-DOB-SSN-PASSPORT,27
+PNAME+DOB+ADDRESS+PHONE+DRLIC+ACCT_NUM (Ambiguous),27
+PNAME+ADDRESS+PHONE+LOGIN_ID (Ambiguous),27
+DOB+ADDRESS+DRLIC+PASSPORT+LOGIN_ID,27
+PNAME+PHONE-PASSPORT,27
+ADDRESS-GENERATION-DRLIC,27
+SURNAME+DOB+ADDRESS+DRLIC+LOGIN_ID+ACCT_NUM,27
+DOB+ADDRESS+DRLIC+PASSPORT+LOGIN_ID+ACCT_NUM,27
+NAME+ADDRESS-GENDER,27
+LOGIN_ID-GENERATION-GENDER-SSN-DRLIC-PASSPORT,27
+PNAME+DOB+ADDRESS+PHONE+SSN+PASSPORT+ACCT_NUM (Ambiguous),27
+SURNAME+ADDRESS-GENDER-PASSPORT,27
+LIKELY_NAME+ADDRESS+PASSPORT+ACCT_NUM,26
+LIKELY_NAME+DOB+ACCT_NUM,26
+NAME+PHONE-DOB-SSN,26
+SURNAME+SSN-GENDER,26
+SURNAME+ADDRESS-GENDER-SSN-DRLIC,26
+NAME+DOB+PHONE+DRLIC (Ambiguous),26
+NAME+PHONE+SSN+DRLIC+PASSPORT (Ambiguous),26
+PNAME+DOB+PHONE+SSN+PASSPORT+ACCT_NUM (Ambiguous),25
+DOB+SSN-GENDER-PASSPORT,25
+LIKELY_NAME+DOB+DRLIC,25
+DOB+SSN+DRLIC+PASSPORT+LOGIN_ID,25
+DOB+DRLIC+PASSPORT+LOGIN_ID,25
+SURNAME+DOB+ADDRESS+PASSPORT+LOGIN_ID+ACCT_NUM,25
+PNAME+DOB+PHONE+SSN+DRLIC+ACCT_NUM (Ambiguous),25
+NAME+LOGIN_ID-SSN-PASSPORT,25
+SURNAME+LOGIN_ID-SSN-DRLIC-PASSPORT,25
+LIKELY_NAME+DOB+ADDRESS+DRLIC,25
+LIKELY_NAME+PHONE+DRLIC+PASSPORT,25
+SURNAME+ADDRESS-DOB-GENDER-PASSPORT,25
+ADDRESS-GENERATION-DOB-SSN-DRLIC,24
+LOGIN_ID-GENERATION-DRLIC-PASSPORT,24
+SURNAME+LOGIN_ID-DOB-GENDER-SSN-DRLIC,24
+PNAME+PHONE+LOGIN_ID (Ambiguous),24
+PNAME+ADDRESS-DOB-DRLIC-PASSPORT,24
+SURNAME+DOB+ADDRESS+SSN+DRLIC+LOGIN_ID+ACCT_NUM,24
+LIKELY_NAME+ADDRESS+SSN+DRLIC+ACCT_NUM,24
+NAME+ADDRESS+PASSPORT (Ambiguous),24
+PNAME+LOGIN_ID-GENDER-SSN-DRLIC-PASSPORT,24
+PNAME+DOB+DRLIC (Ambiguous),23
+NAME+ADDRESS-PASSPORT,23
+NAME+ADDRESS+PHONE-DRLIC,23
+SURNAME+DOB+DRLIC+LOGIN_ID+ACCT_NUM,23
+NAME+LOGIN_ID-DOB-GENDER-SSN,23
+SURNAME+LOGIN_ID-DOB-GENDER-DRLIC,23
+PNAME+ADDRESS-GENDER-DRLIC,23
+SURNAME+ADDRESS-DRLIC,22
+DOB+LOGIN_ID-SSN-DRLIC,22
+NAME+DOB+ADDRESS+PHONE+DRLIC+ACCT_NUM (Ambiguous),22
+DOB+ADDRESS+SSN+DRLIC+PASSPORT+LOGIN_ID+ACCT_NUM,22
+PNAME-DOB-SSN-PASSPORT,22
+SURNAME+SSN+DRLIC+PASSPORT+LOGIN_ID+ACCT_NUM,22
+SURNAME+DOB+ADDRESS+PHONE+DRLIC+PASSPORT+LOGIN_ID+ACCT_NUM,22
+ADDRESS-GENERATION-DOB-GENDER-SSN-DRLIC,22
+DOB+ADDRESS-GENDER,22
+ADDRESS-GENERATION-DOB-GENDER-SSN-DRLIC-PASSPORT,22
+NAME+PHONE+DRLIC+PASSPORT (Ambiguous),22
+PNAME+DOB+ADDRESS+PHONE+PASSPORT+ACCT_NUM (Ambiguous),22
+NAME+DOB+PHONE+SSN+DRLIC+ACCT_NUM (Ambiguous),22
-GENERATION-SSN,22
+DRLIC-GENERATION-DOB,22
+PNAME+SSN+DRLIC+PASSPORT (Ambiguous),22
+DOB+DRLIC-SSN,22
+PNAME+SSN+LOGIN_ID+ACCT_NUM (Ambiguous),22
+DOB+ADDRESS-SSN-PASSPORT,22
+SURNAME+ADDRESS-DOB-SSN-DRLIC,21
+DOB+ADDRESS+PHONE+SSN+DRLIC+PASSPORT+LOGIN_ID+ACCT_NUM,21
+LOGIN_ID-GENERATION-DOB-GENDER-DRLIC,21
+PNAME-DOB,21
+NAME+DOB+ADDRESS+PHONE+PASSPORT (Ambiguous),21
+NAME+ADDRESS+PHONE+DRLIC+PASSPORT (Ambiguous),21
+LIKELY_NAME+DOB+ADDRESS+SSN,21
+NAME+ADDRESS+SSN+LOGIN_ID (Ambiguous),21
+PNAME+ADDRESS+PHONE+SSN+DRLIC+PASSPORT+ACCT_NUM (Ambiguous),21
+PNAME+PHONE+SSN+LOGIN_ID+ACCT_NUM (Ambiguous),21
+DOB+LOGIN_ID-SSN-DRLIC-PASSPORT,20
+NAME+DOB+ADDRESS+PHONE+SSN+PASSPORT+ACCT_NUM (Ambiguous),20
+PNAME+DOB+PASSPORT+ACCT_NUM (Ambiguous),20
+DOB+ADDRESS-PASSPORT,20
+PNAME+ADDRESS+PHONE+SSN+LOGIN_ID+ACCT_NUM (Ambiguous),20
+LOGIN_ID-GENERATION-GENDER-DRLIC-PASSPORT,20
+PNAME+PHONE-DRLIC,20
+LIKELY_NAME+ADDRESS+DRLIC+ACCT_NUM,20
+LIKELY_NAME+PHONE+LOGIN_ID+ACCT_NUM,20
+PNAME+LOGIN_ID-DOB-GENDER-DRLIC,20
+ADDRESS-GENERATION-GENDER-SSN-DRLIC,19
+NAME+DOB+PHONE+DRLIC+ACCT_NUM (Ambiguous),19
+SURNAME+LOGIN_ID-DRLIC-PASSPORT,19
+PNAME+DOB+PHONE+LOGIN_ID (Ambiguous),19
+LIKELY_NAME+PASSPORT+ACCT_NUM,19
+PNAME+LOGIN_ID-GENDER-DRLIC-PASSPORT,19
+PNAME+ADDRESS+PHONE+DRLIC+PASSPORT (Ambiguous),19
+PNAME+ADDRESS-GENDER-SSN-DRLIC,19
+SURNAME+LOGIN_ID-DOB-GENDER-SSN-DRLIC-PASSPORT,19
+SURNAME+DOB+ADDRESS+SSN+DRLIC+PASSPORT+LOGIN_ID,19
+NAME+ADDRESS+PHONE+SSN+DRLIC+PASSPORT+ACCT_NUM (Ambiguous),19
+SURNAME+SSN-DOB,19
+NAME+ADDRESS+DRLIC+ACCT_NUM (Ambiguous),19
+PNAME+ADDRESS+PASSPORT+ACCT_NUM (Ambiguous),19
+PNAME+DOB+PHONE+SSN,19
+PNAME+DOB+ADDRESS+PHONE+SSN+LOGIN_ID (Ambiguous),19
+PNAME+DOB+DRLIC+ACCT_NUM (Ambiguous),19
+PNAME+ADDRESS+SSN,19
+SURNAME+DOB+PHONE+DRLIC+PASSPORT+LOGIN_ID,19
+SURNAME+LOGIN_ID-DOB-SSN-DRLIC-PASSPORT,19
+NAME+PHONE-DOB,19
+NAME+DOB+ADDRESS+PHONE+SSN+DRLIC+PASSPORT (Ambiguous),19
+DRLIC-GENERATION-GENDER-SSN-PASSPORT,19
+NAME+DOB+ADDRESS+SSN+DRLIC (Ambiguous),19
+LIKELY_NAME+ADDRESS+LOGIN_ID,18
+PNAME+PHONE-DOB-SSN-PASSPORT,18
+PNAME+LOGIN_ID-DOB-GENDER-SSN-DRLIC-PASSPORT,18
+DOB+LOGIN_ID-GENDER-PASSPORT,18
+DRLIC-GENERATION-DOB-GENDER,18
+LIKELY_NAME+ADDRESS+SSN+PASSPORT+ACCT_NUM,18
+DOB+PHONE+SSN+DRLIC+PASSPORT+LOGIN_ID+ACCT_NUM,18
+PNAME+DOB+ADDRESS+PASSPORT (Ambiguous),18
+PNAME+PHONE+DRLIC+PASSPORT (Ambiguous),18
+SURNAME+ADDRESS-GENDER-DRLIC,18
+NAME+DOB+PHONE+SSN+PASSPORT+ACCT_NUM (Ambiguous),18
+LIKELY_NAME+PHONE+SSN+DRLIC+PASSPORT,18
+NAME+ADDRESS-DOB-SSN-PASSPORT,18
+PASSPORT-DRLIC,18
+LOGIN_ID-GENERATION-DOB-DRLIC-PASSPORT,18
+LIKELY_NAME+SSN+LOGIN_ID,18
+NAME+LOGIN_ID-PASSPORT,18
+NAME+ADDRESS+PHONE+LOGIN_ID (Ambiguous),18
+SURNAME+DOB+ADDRESS+DRLIC+PASSPORT+LOGIN_ID,17
+NAME+LOGIN_ID-DOB-GENDER,17
+NAME+DOB+PHONE+SSN+LOGIN_ID (Ambiguous),17
+PNAME+DOB+PHONE+PASSPORT+ACCT_NUM (Ambiguous),17
+SSN-GENERATION-DOB-GENDER,17
+SSN-GENERATION-GENDER,17
+NAME+PASSPORT (Ambiguous),17
+PNAME+DOB+SSN+DRLIC+ACCT_NUM (Ambiguous),17
+SURNAME+DRLIC-SSN-PASSPORT,17
+NAME+ADDRESS+PHONE+DRLIC+PASSPORT+ACCT_NUM (Ambiguous),17
+ADDRESS-GENERATION-DOB-SSN-DRLIC-PASSPORT,17
+LIKELY_NAME+SSN+DRLIC+ACCT_NUM,17
+SURNAME+LOGIN_ID-GENDER-SSN-DRLIC-PASSPORT,17
+SURNAME+ADDRESS+DRLIC+PASSPORT+LOGIN_ID+ACCT_NUM,17
+PNAME+ADDRESS+LOGIN_ID (Ambiguous),17
+PNAME+ADDRESS+DRLIC+PASSPORT (Ambiguous),17
+PNAME+ADDRESS+SSN+DRLIC+PASSPORT (Ambiguous),17
+NAME+PHONE-SSN-PASSPORT,17
+SURNAME+DRLIC-PASSPORT,17
+SURNAME+DOB+ADDRESS+PHONE+SSN+PASSPORT+LOGIN_ID+ACCT_NUM,17
+LIKELY_NAME+DOB+PHONE+DRLIC+ACCT_NUM,17
+NAME+DRLIC (Ambiguous),17
+SURNAME+DOB+SSN+DRLIC+LOGIN_ID+ACCT_NUM,17
+NAME+DOB+ADDRESS+PHONE+DRLIC (Ambiguous),16
+SURNAME+DOB+PHONE+SSN+PASSPORT+LOGIN_ID+ACCT_NUM,16
+NAME+DRLIC+ACCT_NUM (Ambiguous),16
+PNAME+SSN-DOB-GENDER,16
+NAME+DOB+ADDRESS+PHONE+SSN+LOGIN_ID (Ambiguous),16
+NAME+DOB+SSN+PASSPORT (Ambiguous),16
+NAME+ADDRESS-DRLIC,16
+NAME+PHONE-GENDER-SSN,16
+NAME+ADDRESS+PHONE+SSN-DRLIC,16
+SURNAME,16
+NAME+ADDRESS+PASSPORT+ACCT_NUM (Ambiguous),16
+PNAME+PHONE+SSN+DRLIC+PASSPORT+ACCT_NUM (Ambiguous),16
+NAME+PHONE+LOGIN_ID (Ambiguous),16
+NAME+DOB+DRLIC (Ambiguous),16
+NAME+LOGIN_ID-SSN-DRLIC,16
+NAME+DOB+SSN+PASSPORT+ACCT_NUM (Ambiguous),16
+LIKELY_NAME+LOGIN_ID,16
+PNAME+DOB+ADDRESS+SSN+DRLIC+ACCT_NUM (Ambiguous),16
+DOB+DRLIC-GENDER-SSN,16
+LIKELY_NAME+ADDRESS+SSN+LOGIN_ID,16
+DOB+LOGIN_ID-GENDER-SSN-DRLIC,16
+PNAME+ADDRESS-DOB-GENDER-SSN-DRLIC-PASSPORT,15
+SURNAME+DRLIC-DOB-GENDER,15
+DRLIC-GENERATION-PASSPORT,15
+LIKELY_NAME+DOB+ADDRESS+PASSPORT,15
+PNAME+DOB+ADDRESS+PHONE+LOGIN_ID (Ambiguous),15
+NAME+ADDRESS,15
+LIKELY_NAME+DOB+PHONE+PASSPORT+ACCT_NUM,15
+LIKELY_NAME+ADDRESS+SSN+DRLIC+PASSPORT,15
+PNAME+DOB+ADDRESS+PASSPORT+ACCT_NUM (Ambiguous),15
+PNAME-PASSPORT,15
+SURNAME+PHONE-SSN,15
+ADDRESS-GENERATION-DOB-DRLIC,15
+NAME+PHONE+DRLIC+PASSPORT+ACCT_NUM (Ambiguous),15
+SURNAME+DOB+PASSPORT+LOGIN_ID+ACCT_NUM,15
+NAME+PHONE+SSN+DRLIC+PASSPORT+ACCT_NUM (Ambiguous),15
+SURNAME+SSN-DOB-GENDER,15
+NAME+SSN-DRLIC,15
+NAME+ADDRESS+SSN+DRLIC+PASSPORT (Ambiguous),15
+PNAME+ADDRESS+SSN+DRLIC+PASSPORT+ACCT_NUM (Ambiguous),15
+NAME+ACCT_NUM,14
+ADDRESS-GENERATION-SSN-DRLIC-PASSPORT,14
+PNAME+DOB+SSN+LOGIN_ID (Ambiguous),14
+SSN-GENERATION-DOB,14
+PNAME+DOB+ADDRESS+PHONE+SSN+LOGIN_ID+ACCT_NUM (Ambiguous),14
+NAME+PHONE-PASSPORT,14
+SURNAME+DOB+ADDRESS+PHONE+SSN+DRLIC+PASSPORT+LOGIN_ID,14
+PNAME+DRLIC-DOB-GENDER,14
+PNAME+PHONE+SSN+DRLIC+LOGIN_ID (Ambiguous),14
+DOB+ADDRESS-GENDER-SSN-PASSPORT,14
+LIKELY_NAME+DOB+SSN,14
+SURNAME+ADDRESS-DOB-DRLIC,14
+DOB+LOGIN_ID-GENDER-DRLIC,14
+PNAME+PHONE-DOB-GENDER-SSN,14
+PNAME+DRLIC-DOB-GENDER-SSN,14
+NAME+ADDRESS+PHONE+SSN+LOGIN_ID+ACCT_NUM (Ambiguous),13
+PNAME+ADDRESS-DOB-GENDER-PASSPORT,13
+SURNAME+DRLIC-GENDER-SSN-PASSPORT,13
+PNAME+DOB+SSN+PASSPORT+ACCT_NUM (Ambiguous),13
+SURNAME+DOB+ADDRESS+SSN+PASSPORT+LOGIN_ID+ACCT_NUM,13
-GENERATION-DOB-SSN,13
+NAME+DOB-GENERATION-GENDER,13
+NAME+LOGIN_ID-DRLIC,13
+PNAME+DOB+DRLIC+PASSPORT (Ambiguous),13
+PNAME+ADDRESS+PHONE+LOGIN_ID+ACCT_NUM (Ambiguous),13
+SURNAME+LOGIN_ID-DOB-DRLIC-PASSPORT,13
+PNAME+DOB+ADDRESS+PHONE+SSN+DRLIC+PASSPORT+ACCT_NUM (Ambiguous),13
+PNAME+DRLIC-GENDER-SSN-PASSPORT,13
+PASSPORT-SSN-DRLIC,13
+NAME+ADDRESS-DOB-GENDER-SSN,13
+PNAME+ADDRESS+PHONE+SSN-DRLIC,13
+NAME+PHONE+SSN-DRLIC,13
+PNAME+SSN+ACCT_NUM,13
+NAME+DOB+ADDRESS+SSN+PASSPORT (Ambiguous),13
+NAME+DOB+PHONE+PASSPORT+ACCT_NUM (Ambiguous),12
+SURNAME+DOB+PHONE+SSN+DRLIC+PASSPORT+LOGIN_ID,12
+PNAME+SSN-DOB-DRLIC-PASSPORT,12
+PNAME+DOB+ADDRESS+SSN+PASSPORT+ACCT_NUM (Ambiguous),12
+NAME+SSN+LOGIN_ID (Ambiguous),12
+LIKELY_NAME+ADDRESS+DRLIC+PASSPORT,12
+SURNAME+DRLIC-DOB-GENDER-SSN,12
+SURNAME+LOGIN_ID-GENDER-DRLIC-PASSPORT,12
+PNAME+DOB+LOGIN_ID+ACCT_NUM (Ambiguous),12
+PNAME+PHONE-SSN-DRLIC,12
+DRLIC-GENERATION-DOB-PASSPORT,12
+NAME+DOB-GENERATION-GENDER-SSN,12
+NAME+ADDRESS-DOB-PASSPORT,12
+NAME+DOB+ADDRESS+DRLIC (Ambiguous),12
+NAME+DOB+ADDRESS-DRLIC,12
+NAME+DOB-GENERATION-GENDER-SSN-PASSPORT,12
+NAME+DOB+PHONE-DRLIC,12
+PNAME+ADDRESS+PHONE-DRLIC,12
+LIKELY_NAME+SSN+DRLIC+PASSPORT,11
+PNAME+PHONE-DOB-PASSPORT,11
+DOB+ADDRESS-GENDER-PASSPORT,11
+DOB+ADDRESS-SSN-DRLIC,11
+SURNAME+PHONE-DOB,11
+DOB+SSN-DRLIC,11
+SURNAME+DRLIC+PASSPORT+LOGIN_ID+ACCT_NUM,11
+SURNAME+DRLIC-DOB-SSN-PASSPORT,11
+LIKELY_NAME+DOB+PHONE+LOGIN_ID,11
+LIKELY_NAME+PHONE+DRLIC+PASSPORT+ACCT_NUM,11
+LIKELY_NAME+PHONE+SSN+LOGIN_ID+ACCT_NUM,11
+NAME+ADDRESS+LOGIN_ID (Ambiguous),11
+NAME+ADDRESS+PHONE+ACCT_NUM-DRLIC,11
+NAME+ADDRESS+PHONE+PASSPORT-DRLIC,11
+NAME+DOB+ADDRESS+PHONE+SSN+DRLIC+PASSPORT+ACCT_NUM (Ambiguous),11
+ADDRESS-GENERATION-DOB-GENDER-DRLIC,11
+NAME+DOB+PHONE,11
+NAME+DOB+SSN+DRLIC+ACCT_NUM (Ambiguous),11
+ADDRESS-GENERATION-GENDER-DRLIC,11
+NAME+LOGIN_ID-DOB-PASSPORT,11
+NAME+PHONE-DOB-SSN-PASSPORT,11
+NAME+PHONE+SSN+LOGIN_ID+ACCT_NUM (Ambiguous),11
+NAME+SSN-DOB,11
+NAME+SSN+DRLIC+PASSPORT (Ambiguous),11
+PNAME+ADDRESS+SSN+LOGIN_ID+ACCT_NUM (Ambiguous),11
+PNAME+DOB+ADDRESS+PHONE+SSN+DRLIC+PASSPORT (Ambiguous),11
+PNAME+DOB+ADDRESS+SSN,11
+PNAME+DOB+PHONE+DRLIC+PASSPORT (Ambiguous),11
+PNAME+DOB+PHONE+SSN+DRLIC+PASSPORT (Ambiguous),11
+PNAME+SSN-GENDER-PASSPORT,11
+NAME+DOB+SSN,10
+PNAME+PHONE+LOGIN_ID+ACCT_NUM (Ambiguous),10
+PNAME+PHONE+DRLIC+PASSPORT+ACCT_NUM (Ambiguous),10
+NAME+ADDRESS+PHONE+SSN,10
+NAME+PHONE+ACCT_NUM-DRLIC,10
+NAME+PHONE-DOB-GENDER,10
+PNAME+PHONE-DOB-GENDER,10
+NAME+PHONE-GENDER,10
+LIKELY_NAME+DOB+ADDRESS+LOGIN_ID,10
+NAME+ADDRESS+PHONE+SSN+PASSPORT+LOGIN_ID (Ambiguous),10
+SURNAME+SSN-GENDER-PASSPORT,10
+LIKELY_NAME+PHONE+SSN+DRLIC+LOGIN_ID,10
+NAME+ADDRESS+SSN+DRLIC+PASSPORT+ACCT_NUM (Ambiguous),10
+SURNAME+DOB+SSN+DRLIC+PASSPORT+LOGIN_ID,10
+NAME+DOB+ADDRESS+PHONE,10
+SURNAME+DOB+SSN+PASSPORT+LOGIN_ID+ACCT_NUM,10
+PNAME+DRLIC-DOB-GENDER-SSN-PASSPORT,10
+NAME+DOB+ADDRESS+SSN+PASSPORT+ACCT_NUM (Ambiguous),10
+NAME+SSN-GENDER,10
+LIKELY_NAME+DRLIC+PASSPORT,10
+DOB+DRLIC+PASSPORT+LOGIN_ID+ACCT_NUM,10
+SURNAME+PHONE-DOB-SSN,10
+SURNAME+ADDRESS-DOB-SSN-DRLIC-PASSPORT,10
+NAME+ADDRESS+PHONE+DRLIC+LOGIN_ID (Ambiguous),10
+LIKELY_NAME+PHONE+SSN+DRLIC+PASSPORT+ACCT_NUM,9
+NAME+ADDRESS-DOB-SSN-DRLIC,9
+PNAME+ADDRESS+PHONE+SSN+DRLIC,9
+PNAME+ADDRESS+PHONE+SSN+DRLIC+LOGIN_ID+ACCT_NUM (Ambiguous),9
+PNAME+ADDRESS+PHONE+SSN+DRLIC+LOGIN_ID (Ambiguous),9
+LIKELY_NAME+SSN+PASSPORT+ACCT_NUM,9
+PNAME-SSN-DRLIC,9
+NAME+SSN+DRLIC+PASSPORT+ACCT_NUM (Ambiguous),9
+SURNAME+ADDRESS-SSN-DRLIC-PASSPORT,9
+PNAME+PHONE+DRLIC+LOGIN_ID (Ambiguous),9
+PNAME+PHONE-GENDER-PASSPORT,9
+PNAME+SSN-DOB-DRLIC,9
+PNAME+DOB+PHONE+SSN+LOGIN_ID (Ambiguous),9
+NAME+LOGIN_ID-GENDER-PASSPORT,9
+PNAME+SSN+ACCT_NUM-DRLIC,9
+PNAME+PHONE+SSN-DRLIC,9
+PNAME+PHONE+SSN+DRLIC+LOGIN_ID+ACCT_NUM (Ambiguous),9
+SURNAME-SSN,9
+DOB+ADDRESS-DRLIC,9
+SURNAME+SSN-PASSPORT,9
+SURNAME+PHONE-GENDER-SSN,9
+NAME+DOB+SSN+DRLIC+PASSPORT (Ambiguous),9
+PNAME+DOB+LOGIN_ID (Ambiguous),9
+NAME+DOB+PHONE+LOGIN_ID (Ambiguous),9
+DOB+DRLIC-SSN-PASSPORT,9
+DOB+LOGIN_ID-DRLIC-PASSPORT,9
+PNAME+LOGIN_ID-DOB-GENDER-DRLIC-PASSPORT,9
+NAME+DOB-GENERATION-SSN-DRLIC-PASSPORT,9
+NAME+DOB-GENERATION-PASSPORT,9
+PNAME+DOB+ADDRESS+SSN+DRLIC+PASSPORT+ACCT_NUM (Ambiguous),9
+DOB+SSN+DRLIC+PASSPORT+LOGIN_ID+ACCT_NUM,9
+SSN-GENERATION-DRLIC,9
+NAME+DOB+ADDRESS+PHONE+LOGIN_ID+ACCT_NUM (Ambiguous),9
+PNAME+ADDRESS-DOB-GENDER-DRLIC,9
+PNAME+ADDRESS-DOB-GENDER-SSN-DRLIC,9
+PNAME+DOB+ADDRESS+PHONE+DRLIC+PASSPORT (Ambiguous),9
+SURNAME+DOB+DRLIC+PASSPORT+LOGIN_ID,9
+SURNAME-GENDER-SSN,9
+PNAME+DOB+ADDRESS+LOGIN_ID (Ambiguous),9
+PNAME+DOB+ADDRESS+DRLIC+PASSPORT (Ambiguous),9
+LIKELY_NAME+DOB+PASSPORT,9
+PNAME+DOB+ADDRESS+DRLIC+ACCT_NUM (Ambiguous),9
+NAME+ADDRESS+PHONE-SSN,9
+SURNAME+DRLIC-GENDER-PASSPORT,9
+PNAME+ADDRESS+SSN+PASSPORT+LOGIN_ID (Ambiguous),9
+SURNAME+DOB+PHONE+DRLIC+PASSPORT+LOGIN_ID+ACCT_NUM,9
+LIKELY_NAME+DRLIC+LOGIN_ID,9
+LIKELY_NAME+PHONE+DRLIC+LOGIN_ID,9
+NAME+DOB+DRLIC+ACCT_NUM (Ambiguous),8
+NAME+SSN+DRLIC+LOGIN_ID (Ambiguous),8
+PNAME-DOB-PASSPORT,8
+NAME+DOB+PHONE+SSN+DRLIC+PASSPORT (Ambiguous),8
+DOB+DRLIC-GENDER,8
+NAME+ADDRESS+ACCT_NUM-DRLIC,8
+SURNAME+ADDRESS-DRLIC-PASSPORT,8
+DOB+LOGIN_ID-GENDER-SSN-DRLIC-PASSPORT,8
+NAME+DOB+PASSPORT (Ambiguous),8
+NAME+ADDRESS-GENDER-PASSPORT,8
+NAME+SSN+LOGIN_ID+ACCT_NUM (Ambiguous),8
+NAME+DOB+ADDRESS+SSN+LOGIN_ID (Ambiguous),8
+NAME+DOB+ADDRESS+SSN+DRLIC+ACCT_NUM (Ambiguous),8
-GENERATION-GENDER-SSN,8
-GENERATION-SSN-PASSPORT,8
+PNAME+DOB+ADDRESS+PHONE+SSN,8
+PNAME+ADDRESS+PHONE+DRLIC+LOGIN_ID (Ambiguous),8
+NAME+ADDRESS+PHONE+DRLIC,8
+PNAME+SSN-DRLIC-PASSPORT,8
+PNAME+ADDRESS+PHONE+DRLIC+PASSPORT+ACCT_NUM (Ambiguous),8
+LIKELY_NAME+ADDRESS+LOGIN_ID+ACCT_NUM,8
+NAME+DOB+ADDRESS+PHONE-DRLIC,8
+LIKELY_NAME+SSN+LOGIN_ID+ACCT_NUM,8
+NAME+DOB+ADDRESS+PASSPORT (Ambiguous),8
+NAME+DOB+ADDRESS+PASSPORT+ACCT_NUM (Ambiguous),8
+NAME+DOB+ADDRESS,8
+PNAME+ADDRESS+DRLIC+LOGIN_ID (Ambiguous),8
+LIKELY_NAME+ADDRESS+SSN+DRLIC+PASSPORT+ACCT_NUM,8
+LIKELY_NAME+DOB+ADDRESS+DRLIC+ACCT_NUM,8
+LIKELY_NAME+DOB+DRLIC+ACCT_NUM,8
+NAME+ADDRESS+PHONE+SSN+DRLIC+LOGIN_ID (Ambiguous),8
+PNAME+DOB+SSN+DRLIC+PASSPORT+ACCT_NUM (Ambiguous),8
+PNAME+DOB+SSN+DRLIC+PASSPORT (Ambiguous),8
+LIKELY_NAME+PHONE+DRLIC+LOGIN_ID+ACCT_NUM,8
+NAME+LOGIN_ID-GENDER-SSN-PASSPORT,8
+PNAME+ADDRESS+PHONE+SSN+ACCT_NUM-DRLIC,8
+NAME+LOGIN_ID-DOB-SSN-PASSPORT,8
+NAME+LOGIN_ID-DOB-GENDER-SSN-PASSPORT,8
+PNAME+DOB+PHONE+SSN+DRLIC+PASSPORT+ACCT_NUM (Ambiguous),8
+PNAME+PHONE+SSN+PASSPORT+LOGIN_ID (Ambiguous),8
+LIKELY_NAME+DOB+PHONE+DRLIC+PASSPORT,8
+DOB,7
-GENERATION-DOB-PASSPORT,7
+SURNAME+LOGIN_ID-DOB-GENDER-DRLIC-PASSPORT,7
+LIKELY_NAME+DOB+PASSPORT+ACCT_NUM,7
+SURNAME+ADDRESS-GENDER-SSN-DRLIC-PASSPORT,7
+PNAME+DOB+ADDRESS+PHONE+SSN+DRLIC+LOGIN_ID (Ambiguous),7
+NAME+DOB+ADDRESS+PHONE+SSN-DRLIC,7
+SSN-GENERATION-DOB-GENDER-PASSPORT,7
+DOB+ADDRESS-GENDER-DRLIC,7
+NAME+DOB+ADDRESS+PHONE+PASSPORT+ACCT_NUM (Ambiguous),7
+NAME+LOGIN_ID-GENDER-DRLIC,7
+PNAME+PHONE-GENDER-SSN-PASSPORT,7
+NAME+DOB+ADDRESS+PHONE+DRLIC+PASSPORT+ACCT_NUM (Ambiguous),7
+NAME+PHONE+PASSPORT,7
+NAME+PHONE+SSN+DRLIC+LOGIN_ID (Ambiguous),7
+PNAME+SSN+DRLIC+ACCT_NUM,7
+PNAME+ADDRESS+PHONE+PASSPORT+LOGIN_ID (Ambiguous),7
+PHONE-GENERATION,7
+SSN-GENERATION-GENDER-PASSPORT,7
+PNAME+PHONE+SSN+DRLIC,7
+NAME+ADDRESS-SSN-DRLIC-PASSPORT,7
+PNAME+DOB+ADDRESS+PHONE+DRLIC+PASSPORT+ACCT_NUM (Ambiguous),7
+PASSPORT-DOB-SSN-DRLIC,7
+NAME+ADDRESS-GENDER-SSN-PASSPORT,7
+LIKELY_NAME+ADDRESS+SSN+LOGIN_ID+ACCT_NUM,7
+NAME+ADDRESS-SSN-DRLIC,7
+PNAME+ADDRESS-GENDER-SSN-DRLIC-PASSPORT,7
+NAME+ADDRESS+SSN,7
+PNAME+ADDRESS+PHONE+SSN+PASSPORT+LOGIN_ID+ACCT_NUM (Ambiguous),7
+NAME+ADDRESS+DRLIC+PASSPORT (Ambiguous),7
+PNAME+ADDRESS+LOGIN_ID+ACCT_NUM (Ambiguous),7
+SURNAME+ADDRESS-DOB-GENDER-SSN-DRLIC,7
+LIKELY_NAME+DOB+PHONE+LOGIN_ID+ACCT_NUM,7
+NAME+PHONE+DRLIC+LOGIN_ID (Ambiguous),7
+PASSPORT-GENDER-SSN-DRLIC,7
+PNAME+PHONE-DOB-DRLIC,7
+NAME+ADDRESS+PHONE+LOGIN_ID+ACCT_NUM (Ambiguous),7
+LIKELY_NAME+DOB+DRLIC+PASSPORT,7
+PNAME+SSN+DRLIC+PASSPORT+ACCT_NUM (Ambiguous),7
+DOB+DRLIC-GENDER-SSN-PASSPORT,7
+PHONE+SSN-DRLIC,7
+NAME+DOB+PHONE+DRLIC+PASSPORT (Ambiguous),7
+SURNAME+SSN-DOB-PASSPORT,7
+NAME+DOB-GENERATION-SSN-DRLIC,7
+NAME+ADDRESS-DOB-DRLIC,7
+DOB+SSN-DRLIC-PASSPORT,7
+PNAME+ADDRESS+PHONE+DRLIC+LOGIN_ID+ACCT_NUM (Ambiguous),7
+NAME+PHONE+SSN,7
+NAME+DOB+ADDRESS+SSN+DRLIC+PASSPORT (Ambiguous),7
-GENERATION-DOB-GENDER-SSN,6
+LIKELY_NAME+DOB+PHONE+SSN+PASSPORT,6
+DRLIC-GENERATION-GENDER-PASSPORT,6
+NAME+PHONE+SSN+PASSPORT+LOGIN_ID (Ambiguous),6
+NAME+LOGIN_ID (Ambiguous),6
+NAME+DOB+ADDRESS+PHONE+SSN+DRLIC+LOGIN_ID (Ambiguous),6
+NAME+PHONE+SSN+ACCT_NUM-DRLIC,6
+PNAME+DRLIC-GENDER-PASSPORT,6
+PNAME+PHONE+SSN-GENERATION,6
+PASSPORT-GENDER-DRLIC,6
+NAME+ADDRESS+PHONE+PASSPORT,6
+SURNAME+PHONE-SSN-DRLIC,6
+LIKELY_NAME+PASSPORT+LOGIN_ID,6
+NAME+DOB+SSN+LOGIN_ID (Ambiguous),6
+SSN-GENERATION-DRLIC-PASSPORT,6
+NAME+DRLIC-SSN,6
+NAME+DOB+PASSPORT+ACCT_NUM (Ambiguous),6
+PNAME+ADDRESS+PHONE+SSN+PASSPORT+LOGIN_ID (Ambiguous),6
+DOB+ADDRESS-GENDER-SSN-DRLIC,6
+SURNAME+PHONE-PASSPORT,6
+ADDRESS-GENERATION-DOB-DRLIC-PASSPORT,6
+NAME+PHONE+PASSPORT-DRLIC,6
+SURNAME+DOB+ADDRESS+PHONE+SSN+DRLIC+PASSPORT+LOGIN_ID+ACCT_NUM,6
+LIKELY_NAME+ADDRESS+PASSPORT+LOGIN_ID,6
+NAME+SSN+DRLIC,6
+PNAME+DOB+ADDRESS+PHONE+LOGIN_ID+ACCT_NUM (Ambiguous),6
+PNAME-GENDER,6
+LOGIN_ID-GENERATION-DOB-GENDER-DRLIC-PASSPORT,6
+PHONE-GENERATION-SSN,6
+NAME+DOB+ADDRESS+LOGIN_ID (Ambiguous),6
+SURNAME+ADDRESS-DOB-GENDER-DRLIC,6
+NAME+DOB+ADDRESS+DRLIC+ACCT_NUM (Ambiguous),6
+PNAME+ADDRESS+PASSPORT+LOGIN_ID (Ambiguous),6
+LIKELY_NAME+LOGIN_ID+ACCT_NUM,6
+NAME+ADDRESS+SSN+LOGIN_ID+ACCT_NUM (Ambiguous),6
+PNAME-SSN-DRLIC-PASSPORT,6
+LIKELY_NAME+PHONE+SSN+PASSPORT+LOGIN_ID,6
+SURNAME+DRLIC-DOB-GENDER-SSN-PASSPORT,6
+NAME+ADDRESS-DOB-GENDER-SSN-PASSPORT,6
+PNAME+ADDRESS+DRLIC+PASSPORT+ACCT_NUM (Ambiguous),6
+PASSPORT-DOB-GENDER-SSN-DRLIC,6
+PNAME+SSN+DRLIC+LOGIN_ID (Ambiguous),6
+SURNAME+DOB+SSN+DRLIC+PASSPORT+LOGIN_ID+ACCT_NUM,6
+NAME+DOB+PHONE+SSN-DRLIC,6
+DOB+SSN-GENDER-DRLIC,6
+PNAME+SSN+PASSPORT+LOGIN_ID+ACCT_NUM (Ambiguous),6
+PNAME-DOB-SSN-DRLIC-PASSPORT,6
+PNAME+PHONE-DOB-GENDER-SSN-PASSPORT,6
+PNAME+DOB+ADDRESS+SSN+DRLIC+LOGIN_ID (Ambiguous),5
+NAME+SSN-DOB-PASSPORT,5
+NAME+SSN+ACCT_NUM-DRLIC,5
+NAME+PHONE+SSN+DRLIC+LOGIN_ID+ACCT_NUM (Ambiguous),5
+NAME+PHONE+LOGIN_ID+ACCT_NUM (Ambiguous),5
+NAME+PHONE-DOB-GENDER-SSN,5
+SURNAME-DOB,5
+NAME+DOB+SSN+DRLIC+PASSPORT+ACCT_NUM (Ambiguous),5
+ADDRESS-GENERATION-DRLIC-PASSPORT,5
+NAME+DOB+PHONE+SSN+PASSPORT+LOGIN_ID (Ambiguous),5
+NAME+DOB+PHONE+SSN+DRLIC+PASSPORT+ACCT_NUM (Ambiguous),5
+NAME+DOB+LOGIN_ID (Ambiguous),5
+NAME+DOB+DRLIC+PASSPORT+ACCT_NUM (Ambiguous),5
+NAME+DOB+ADDRESS+PHONE+SSN+LOGIN_ID+ACCT_NUM (Ambiguous),5
+NAME+DOB+ADDRESS+PHONE+DRLIC+PASSPORT (Ambiguous),5
+SURNAME+DOB+ADDRESS+SSN+DRLIC+PASSPORT+LOGIN_ID+ACCT_NUM,5
+PNAME+ADDRESS+DRLIC+LOGIN_ID+ACCT_NUM (Ambiguous),5
+SURNAME+DOB+DRLIC+PASSPORT+LOGIN_ID+ACCT_NUM,5
+NAME+ADDRESS+PASSPORT-DRLIC,5
+NAME+ADDRESS-GENDER-SSN-DRLIC,5
+PNAME+ADDRESS+PHONE-SSN,5
+NAME+ADDRESS+DRLIC,5
+NAME+ADDRESS-DOB-GENDER,5
+NAME+ACCT_NUM-DRLIC,5
+PNAME+ADDRESS+PHONE+SSN+PASSPORT,5
+PNAME+ADDRESS+PHONE+SSN+PASSPORT-DRLIC,5
+LIKELY_NAME+PHONE+PASSPORT+LOGIN_ID,5
+SURNAME-SSN-DRLIC,5
+PNAME+ADDRESS+SSN+DRLIC+LOGIN_ID (Ambiguous),5
+LIKELY_NAME+DOB+SSN+DRLIC,5
+LIKELY_NAME+DOB+LOGIN_ID,5
+LIKELY_NAME+DOB+ADDRESS+PASSPORT+ACCT_NUM,5
+LIKELY_NAME+DOB+ADDRESS+DRLIC+LOGIN_ID,5
+SSN-GENERATION-PASSPORT,5
+LIKELY_NAME+ADDRESS+DRLIC+PASSPORT+ACCT_NUM,5
+LIKELY_NAME+ADDRESS+DRLIC+LOGIN_ID,5
-GENERATION-PASSPORT,5
-GENERATION-DOB,5
-GENERATION,5
+SURNAME+PHONE-DOB-GENDER-SSN,5
+SURNAME+PHONE-DOB-GENDER-SSN-PASSPORT,5
+PNAME-DOB-GENDER-SSN,5
+SURNAME+PHONE-GENDER-SSN-PASSPORT,5
+ADDRESS+PHONE+SSN+DRLIC-GENERATION,5
+PNAME+DOB+PHONE+ACCT_NUM-DRLIC,5
+PNAME+DOB+PHONE+DRLIC+PASSPORT+ACCT_NUM (Ambiguous),5
+SURNAME+PHONE-SSN-PASSPORT,5
+PNAME+DOB+PHONE+PASSPORT+LOGIN_ID (Ambiguous),5
+PNAME+PHONE+PASSPORT+LOGIN_ID (Ambiguous),5
+PNAME+DOB+PHONE+SSN+DRLIC+LOGIN_ID (Ambiguous),5
+PNAME+DOB+PHONE+SSN+LOGIN_ID+ACCT_NUM (Ambiguous),5
+PNAME+SSN+PASSPORT+LOGIN_ID (Ambiguous),5
+PNAME+PHONE-DRLIC-PASSPORT,5
+PNAME+PHONE-DOB-SSN-DRLIC,5
+PNAME+PHONE+ACCT_NUM-DRLIC,5
+PNAME+SSN+LOGIN_ID,5
+PNAME+SSN+DRLIC+LOGIN_ID+ACCT_NUM (Ambiguous),5
+PNAME-DRLIC,5
+NAME+SSN+PASSPORT+LOGIN_ID (Ambiguous),5
+NAME+SSN-PASSPORT,5
+NAME+ADDRESS+PHONE+PASSPORT+LOGIN_ID (Ambiguous),4
+NAME+DOB+SSN+LOGIN_ID+ACCT_NUM (Ambiguous),4
+SURNAME-DOB-GENDER,4
+SURNAME+ADDRESS-DOB-DRLIC-PASSPORT,4
+ACCT_NUM-DRLIC,4
+NAME+DOB+ADDRESS+DRLIC+PASSPORT (Ambiguous),4
+NAME+DOB+ADDRESS+PHONE+ACCT_NUM-DRLIC,4
+DOB+ADDRESS+PHONE+SSN-DRLIC,4
+DOB+ADDRESS+PHONE+SSN (Ambiguous),4
+NAME+DOB+ADDRESS+PHONE+DRLIC,4
+NAME+DRLIC-DOB-SSN,4
+NAME+ADDRESS+PHONE+SSN+ACCT_NUM-DRLIC,4
+DOB+ADDRESS+PHONE-DRLIC,4
+DOB+SSN-GENDER-DRLIC-PASSPORT,4
+NAME+PHONE-DOB-SSN-DRLIC,4
+NAME+DOB+ADDRESS+PHONE+LOGIN_ID (Ambiguous),4
+NAME+DRLIC-GENDER,4
+DOB+ADDRESS-GENDER-SSN-DRLIC-PASSPORT,4
+PNAME+DOB+PHONE+LOGIN_ID+ACCT_NUM (Ambiguous),4
+ADDRESS-GENERATION-GENDER-DRLIC-PASSPORT,4
+PHONE-GENERATION-GENDER-SSN,4
+NAME+ADDRESS+PHONE+LOGIN_ID-DRLIC,4
+PHONE-GENERATION-GENDER,4
+NAME+DOB+ADDRESS+PHONE-SSN,4
+NAME+DOB-GENERATION-DRLIC-PASSPORT,4
+PNAME+DOB+PHONE+PASSPORT-DRLIC,4
+SSN-GENERATION-DOB-PASSPORT,4
+PHONE+ACCT_NUM-GENERATION,4
+ADDRESS+SSN-DRLIC,4
+NAME+DRLIC+PASSPORT (Ambiguous),4
+ADDRESS-GENERATION-GENDER-SSN-DRLIC-PASSPORT,4
+PNAME+PHONE+SSN+PASSPORT+LOGIN_ID+ACCT_NUM (Ambiguous),4
+PNAME+DOB+ADDRESS+PHONE+PASSPORT+LOGIN_ID (Ambiguous),4
+PHONE-GENERATION-DOB-GENDER-SSN,4
+NAME+LOGIN_ID-DOB-DRLIC,4
+LIKELY_NAME+DOB+ADDRESS+DRLIC+PASSPORT,4
+PNAME+ADDRESS+SSN+PASSPORT+LOGIN_ID+ACCT_NUM (Ambiguous),4
+PNAME+DOB+ADDRESS+SSN+LOGIN_ID (Ambiguous),4
+NAME+PHONE+SSN+PASSPORT+LOGIN_ID+ACCT_NUM (Ambiguous),4
+PHONE-GENERATION-DOB,4
+PNAME+SSN-GENDER-DRLIC,4
+NAME+LOGIN_ID-DOB-SSN-DRLIC,4
+NAME+LOGIN_ID-DOB-SSN-DRLIC-PASSPORT,4
+NAME+LOGIN_ID-DRLIC-PASSPORT,4
+NAME+PHONE-GENDER-SSN-PASSPORT,4
+PNAME+SSN-DOB-GENDER-PASSPORT,4
+SSN-GENERATION-DOB-GENDER-DRLIC,4
+NAME+ADDRESS+PHONE+SSN+PASSPORT+LOGIN_ID+ACCT_NUM (Ambiguous),4
-GENERATION-SSN-DRLIC,4
+NAME+ADDRESS+SSN-DRLIC,4
+NAME+PHONE+ACCT_NUM,4
+ADDRESS+PHONE+ACCT_NUM-GENERATION,4
+NAME+DOB+PHONE+DRLIC,4
+NAME+ADDRESS+ACCT_NUM,4
+LIKELY_NAME+DOB+PHONE+DRLIC+PASSPORT+ACCT_NUM,4
+PNAME+ADDRESS+PHONE+SSN+DRLIC+PASSPORT+LOGIN_ID (Ambiguous),4
+LIKELY_NAME+SSN+PASSPORT+LOGIN_ID,4
+NAME+PHONE-SSN-DRLIC,4
+SSN-GENERATION-DOB-DRLIC,4
+NAME+ADDRESS-DOB-GENDER-PASSPORT,4
+NAME+ADDRESS-DOB-GENDER-SSN-DRLIC,4
+SURNAME+SSN-DOB-GENDER-PASSPORT,4
+NAME+DOB+ADDRESS+PHONE+SSN+DRLIC+LOGIN_ID+ACCT_NUM (Ambiguous),4
+NAME+ADDRESS+PHONE+SSN+DRLIC+PASSPORT+LOGIN_ID (Ambiguous),4
+SURNAME+ADDRESS-DOB-GENDER-SSN-DRLIC-PASSPORT,4
+PNAME-GENDER-SSN,4
+PNAME+LOGIN_ID-GENERATION-SSN,4
+PNAME+ADDRESS+PHONE+DRLIC+ACCT_NUM-GENERATION,4
+PNAME+ADDRESS+PHONE+PASSPORT+LOGIN_ID+ACCT_NUM (Ambiguous),4
+PNAME+DOB+ADDRESS+LOGIN_ID+ACCT_NUM (Ambiguous),4
+PNAME+ADDRESS+SSN+ACCT_NUM-DRLIC,4
+LIKELY_NAME+ADDRESS+SSN+DRLIC+LOGIN_ID,4
+PNAME+ADDRESS-GENDER-DRLIC-PASSPORT,4
+SURNAME+SSN-DRLIC,4
+PNAME+ADDRESS+SSN-DRLIC,4
+NAME+DOB+PHONE+SSN+LOGIN_ID+ACCT_NUM (Ambiguous),4
+PNAME-DOB-SSN-DRLIC,4
+NAME+DOB+PHONE+SSN+PASSPORT+LOGIN_ID+ACCT_NUM (Ambiguous),4
+SURNAME+DOB+PHONE+SSN+DRLIC+PASSPORT+LOGIN_ID+ACCT_NUM,4
+NAME+ADDRESS+PASSPORT,4
+NAME+PHONE+ACCT_NUM-SSN,4
+SURNAME+SSN-DOB-DRLIC,4
-GENERATION-DOB-GENDER-SSN-PASSPORT,4
+ADDRESS+PHONE-DRLIC,4
+SURNAME+DRLIC-DOB-PASSPORT,4
+SURNAME+DOB+PHONE+SSN-DRLIC,4
+NAME+DOB+ADDRESS-SSN,4
+LIKELY_NAME+DRLIC+PASSPORT+ACCT_NUM,4
+NAME+ADDRESS+PHONE+DRLIC+ACCT_NUM,4
+SURNAME-GENDER-SSN-PASSPORT,4
+ADDRESS+SSN+PASSPORT+ACCT_NUM-DRLIC,3
+PASSPORT-DOB-DRLIC,3
+PNAME+DOB+PHONE+PASSPORT+LOGIN_ID+ACCT_NUM (Ambiguous),3
+NAME+LOGIN_ID+ACCT_NUM (Ambiguous),3
+NAME+LOGIN_ID-DOB-GENDER-DRLIC,3
+PNAME+PHONE+SSN+ACCT_NUM-DRLIC,3
+PHONE+ACCT_NUM-DRLIC,3
+PNAME+LOGIN_ID-GENERATION,3
+NAME+LOGIN_ID-SSN-DRLIC-PASSPORT,3
+NAME+PASSPORT+ACCT_NUM,3
+NAME+PASSPORT+ACCT_NUM (Ambiguous),3
+NAME+SSN-DOB-GENDER,3
+NAME+PASSPORT+ACCT_NUM-DRLIC,3
+NAME+PHONE+ACCT_NUM-GENERATION,3
+PNAME+PHONE+DRLIC+LOGIN_ID+ACCT_NUM (Ambiguous),3
+NAME+ADDRESS+ACCT_NUM-GENERATION,3
+PNAME+SSN-DOB-GENDER-DRLIC,3
+PNAME+ADDRESS+PHONE+SSN+PASSPORT+ACCT_NUM-GENERATION,3
+LIKELY_NAME+SSN+DRLIC+LOGIN_ID,3
+PNAME-GENDER-SSN-PASSPORT,3
+NAME+ADDRESS-DOB-SSN-DRLIC-PASSPORT,3
+SURNAME-DOB-SSN,3
+NAME+ADDRESS+DRLIC+PASSPORT+ACCT_NUM (Ambiguous),3
+NAME+ADDRESS+DRLIC+PASSPORT+LOGIN_ID (Ambiguous),3
+ADDRESS+PHONE-GENERATION,3
+LIKELY_NAME+PHONE+SSN+DRLIC+LOGIN_ID+ACCT_NUM,3
+PNAME+ADDRESS+SSN+DRLIC,3
+PNAME+ADDRESS+PHONE+LOGIN_ID-DRLIC,3
+PNAME+ADDRESS+PHONE-GENERATION,3
+NAME+ADDRESS+PHONE+ACCT_NUM,3
+NAME+ADDRESS+PHONE+ACCT_NUM-SSN,3
+LIKELY_NAME+DRLIC+LOGIN_ID+ACCT_NUM,3
+NAME+ADDRESS+PHONE+DRLIC+LOGIN_ID+ACCT_NUM (Ambiguous),3
+PNAME+PHONE-DOB-GENDER-SSN-DRLIC,3
+NAME+ADDRESS+PHONE+LOGIN_ID,3
+LIKELY_NAME+DOB+PHONE+SSN+DRLIC,3
+LIKELY_NAME+DOB+PHONE+PASSPORT+LOGIN_ID+ACCT_NUM,3
+PNAME+ADDRESS+PHONE+ACCT_NUM-DRLIC,3
+PNAME+ADDRESS+PHONE+ACCT_NUM,3
+LIKELY_NAME+DOB+PHONE+DRLIC+LOGIN_ID+ACCT_NUM,3
+NAME+ADDRESS+PHONE+PASSPORT+ACCT_NUM-DRLIC,3
+ADDRESS+PHONE-SSN,3
+LIKELY_NAME+DOB+PHONE+DRLIC+LOGIN_ID,3
+LIKELY_NAME+DOB+PASSPORT+LOGIN_ID,3
+NAME+ADDRESS+PHONE+SSN+DRLIC,3
+NAME+ADDRESS+PHONE+SSN+DRLIC+LOGIN_ID+ACCT_NUM (Ambiguous),3
+PNAME+DOB+ADDRESS+DRLIC+LOGIN_ID (Ambiguous),3
+NAME+ADDRESS+PHONE+SSN-GENERATION,3
+NAME+ADDRESS+PHONE+SSN+PASSPORT,3
+PNAME+ADDRESS-GENERATION-SSN,3
+LIKELY_NAME+DOB+ADDRESS+SSN+DRLIC,3
+NAME+ADDRESS+PHONE+SSN+PASSPORT-DRLIC,3
+LIKELY_NAME+DOB+ADDRESS+DRLIC+LOGIN_ID+ACCT_NUM,3
+NAME+PHONE-GENDER-DRLIC,3
+LIKELY_NAME+ADDRESS+SSN+DRLIC+PASSPORT+LOGIN_ID+ACCT_NUM,3
+LIKELY_NAME+ADDRESS+SSN+DRLIC+PASSPORT+LOGIN_ID,3
+SURNAME-DOB-GENDER-SSN,3
+LIKELY_NAME+ADDRESS+SSN+DRLIC+LOGIN_ID+ACCT_NUM,3
+PNAME+DOB+ADDRESS+PHONE+DRLIC+LOGIN_ID (Ambiguous),3
+NAME+ADDRESS+SSN+PASSPORT-DRLIC,3
+SURNAME+ADDRESS-GENDER-DRLIC-PASSPORT,3
+LIKELY_NAME+ADDRESS+DRLIC+PASSPORT+LOGIN_ID+ACCT_NUM,3
+SURNAME+SSN-GENDER-DRLIC,3
+PNAME+ADDRESS+ACCT_NUM-GENERATION,3
+ADDRESS+PHONE+DRLIC-GENERATION,3
+ADDRESS+PHONE+SSN+ACCT_NUM-DRLIC,3
+NAME+DOB+ADDRESS+PHONE+SSN,3
+NAME+PHONE+LOGIN_ID-DRLIC,3
-GENERATION-GENDER-SSN-PASSPORT,3
+NAME+DOB+ADDRESS+PHONE+SSN+DRLIC+PASSPORT+LOGIN_ID (Ambiguous),3
+NAME+DOB+ADDRESS+PHONE-SSN-PASSPORT,3
+ADDRESS+PHONE+SSN-DRLIC,3
-GENERATION-DOB-SSN-PASSPORT,3
+ADDRESS-GENERATION-DOB-GENDER-DRLIC-PASSPORT,3
-GENERATION-DOB-GENDER,3
+NAME+PHONE+PASSPORT+LOGIN_ID (Ambiguous),3
+PNAME+DOB+SSN+LOGIN_ID+ACCT_NUM (Ambiguous),3
+PNAME+DOB+ADDRESS+PHONE+SSN+PASSPORT+LOGIN_ID+ACCT_NUM (Ambiguous),3
+PNAME+DOB+ADDRESS+PHONE+SSN+PASSPORT+LOGIN_ID (Ambiguous),3
+PHONE+SSN+PASSPORT-GENERATION,3
+PNAME-GENDER-PASSPORT,3
+DRLIC-GENERATION-DOB-GENDER-PASSPORT,3
+DRLIC-DOB-SSN-DRLIC,3
+NAME+DOB+ADDRESS+SSN+LOGIN_ID+ACCT_NUM (Ambiguous),3
+NAME+DOB+DRLIC+LOGIN_ID (Ambiguous),3
+NAME+DOB+DRLIC-SSN,3
+SURNAME+LOGIN_ID-GENERATION-SSN,3
+NAME+DOB-GENERATION-GENDER-PASSPORT,3
+PNAME+DOB+ADDRESS+SSN+DRLIC+PASSPORT (Ambiguous),3
+DOB+PHONE+SSN-DRLIC,3
+PNAME+DOB+ADDRESS+SSN+LOGIN_ID+ACCT_NUM (Ambiguous),3
+DOB+PHONE+SSN+ACCT_NUM-DRLIC,3
+DOB+PHONE-SSN,3
+SURNAME-PASSPORT,3
+SURNAME+PHONE-DOB-DRLIC-PASSPORT,3
+NAME+DOB+PHONE+ACCT_NUM-DRLIC,3
+PNAME-DOB-DRLIC,3
+DOB-GENDER-SSN,3
+NAME+DOB+PHONE+LOGIN_ID+ACCT_NUM (Ambiguous),3
+PNAME-DOB-DRLIC-PASSPORT,3
+NAME+DOB+PHONE+PASSPORT-DRLIC,3
+PNAME+DOB+DRLIC+PASSPORT+ACCT_NUM (Ambiguous),3
+DOB+DRLIC-PASSPORT,3
+NAME+DOB+PHONE-SSN,3
+NAME+SSN+PASSPORT,3
+NAME+DOB+PHONE+SSN+DRLIC+LOGIN_ID+ACCT_NUM (Ambiguous),3
+SURNAME+PHONE-DOB-PASSPORT,3
+PNAME+DOB+LOGIN_ID-SSN,3
+SURNAME+PHONE-DOB-SSN-PASSPORT,3
+DOB+ADDRESS-SSN-DRLIC-PASSPORT,3
+DOB+ADDRESS+SSN-DRLIC,3
+PASSPORT-DOB-GENDER-DRLIC,3
+ADDRESS+PHONE+SSN-GENERATION,3
+DOB+ADDRESS+PHONE+SSN-GENERATION,3
+NAME+DRLIC-DOB,3
+NAME+PHONE+SSN+DRLIC,3
+PNAME+DOB+PHONE-DRLIC,3
+NAME+DRLIC-DOB-SSN-PASSPORT,3
+PNAME+DOB+PHONE+DRLIC+LOGIN_ID+ACCT_NUM (Ambiguous),3
+SURNAME+PHONE+SSN-DRLIC,3
+PNAME+DOB+SSN+PASSPORT+LOGIN_ID (Ambiguous),3
+NAME+DRLIC+PASSPORT+ACCT_NUM (Ambiguous),3
+LIKELY_NAME+LOGIN_ID-DOB,2
+ACCT_NUM-SSN,2
+ADDRESS+PHONE+ACCT_NUM-DRLIC,2
+ADDRESS+PHONE+ACCT_NUM-SSN,2
+ADDRESS+PHONE+SSN+LOGIN_ID+ACCT_NUM-DRLIC,2
+ADDRESS+PHONE+SSN+PASSPORT+ACCT_NUM-GENERATION,2
+ADDRESS+SSN+ACCT_NUM-DRLIC,2
+ADDRESS+SSN+DRLIC-GENERATION,2
+DOB+ADDRESS-GENDER-DRLIC-PASSPORT,2
+DOB+ADDRESS+PASSPORT-DRLIC,2
+DOB+ADDRESS+PHONE+SSN+ACCT_NUM-DRLIC,2
+DOB+ADDRESS+PHONE+SSN+ACCT_NUM-GENERATION,2
+DOB+ADDRESS+PHONE+SSN+DRLIC-GENERATION,2
+DOB+ADDRESS+PHONE+SSN+LOGIN_ID-GENERATION,2
+DOB+ADDRESS+SSN+PASSPORT+ACCT_NUM-GENERATION,2
+DOB+LOGIN_ID-GENDER-DRLIC-PASSPORT,2
+DOB+PHONE+SSN+ACCT_NUM (Ambiguous),2
+DRLIC+LOGIN_ID-SSN,2
-GENERATION-DOB-SSN-DRLIC,2
-GENERATION-GENDER,2
-GENERATION-GENDER-PASSPORT,2
+LIKELY_NAME+ADDRESS+DRLIC+PASSPORT+LOGIN_ID,2
+LIKELY_NAME+DOB+ADDRESS+DRLIC+PASSPORT+ACCT_NUM,2
+LIKELY_NAME+DOB+ADDRESS+SSN+PASSPORT,2
+LIKELY_NAME+DOB+SSN+PASSPORT,2
+LIKELY_NAME+LOGIN_ID-PASSPORT,2
+LIKELY_NAME+PASSPORT+LOGIN_ID+ACCT_NUM,2
+LIKELY_NAME+PHONE+PASSPORT+LOGIN_ID+ACCT_NUM,2
+LIKELY_NAME+PHONE+SSN+PASSPORT+LOGIN_ID+ACCT_NUM,2
+LIKELY_NAME+SSN+DRLIC+PASSPORT+ACCT_NUM,2
+NAME+ACCT_NUM-SSN,2
+NAME+ADDRESS+DRLIC+ACCT_NUM,2
+NAME+ADDRESS-GENDER-DRLIC,2
+NAME+ADDRESS+LOGIN_ID-DRLIC,2
+NAME+ADDRESS+PASSPORT+ACCT_NUM-DRLIC,2
+NAME+ADDRESS+PASSPORT+LOGIN_ID (Ambiguous),2
+NAME+ADDRESS+PHONE+DRLIC+PASSPORT,2
+NAME+ADDRESS+PHONE+LOGIN_ID+ACCT_NUM-DRLIC,2
+NAME+ADDRESS+PHONE+PASSPORT-GENERATION,2
+NAME+ADDRESS+PHONE+PASSPORT+LOGIN_ID+ACCT_NUM-DRLIC,2
+NAME+ADDRESS+PHONE+SSN+ACCT_NUM-GENERATION,2
+NAME+ADDRESS+PHONE+SSN+DRLIC-GENERATION,2
+NAME+ADDRESS+SSN+ACCT_NUM-DRLIC,2
+NAME+ADDRESS+SSN+DRLIC+LOGIN_ID (Ambiguous),2
+NAME+ADDRESS+SSN+PASSPORT+ACCT_NUM-DRLIC,2
+NAME+ADDRESS+SSN+PASSPORT+LOGIN_ID+ACCT_NUM (Ambiguous),2
+NAME+DOB+ACCT_NUM-DRLIC,2
+NAME+DOB+ADDRESS+ACCT_NUM-DRLIC,2
+NAME+DOB+ADDRESS+DRLIC,2
+NAME+DOB+ADDRESS+PASSPORT-GENERATION,2
+NAME+DOB+ADDRESS+PHONE+DRLIC+LOGIN_ID+ACCT_NUM (Ambiguous),2
+NAME+DOB+ADDRESS+PHONE+DRLIC+LOGIN_ID (Ambiguous),2
+NAME+DOB+ADDRESS+PHONE+SSN+DRLIC,2
+NAME+DOB+ADDRESS+PHONE+SSN-GENERATION,2
+NAME+DOB+ADDRESS+PHONE+SSN+PASSPORT-GENERATION,2
+NAME+DOB+ADDRESS+SSN,2
+NAME+DOB+ADDRESS+SSN-DRLIC,2
+NAME+DOB+ADDRESS+SSN+DRLIC+LOGIN_ID (Ambiguous),2
+NAME+DOB+ADDRESS+SSN+DRLIC+PASSPORT+ACCT_NUM (Ambiguous),2
+NAME+DOB+ADDRESS+SSN+PASSPORT+LOGIN_ID (Ambiguous),2
+NAME+DOB+DRLIC+PASSPORT (Ambiguous),2
+NAME+DOB-GENERATION-DRLIC,2
+NAME+DOB-GENERATION-GENDER-DRLIC,2
+NAME+DOB+LOGIN_ID-DRLIC,2
+NAME+DOB+PHONE+DRLIC+PASSPORT+ACCT_NUM (Ambiguous),2
+NAME+DOB+PHONE+SSN+DRLIC,2
+NAME+DOB+SSN-DRLIC,2
+NAME+DOB+SSN+DRLIC+LOGIN_ID (Ambiguous),2
+NAME+DRLIC-DOB-PASSPORT,2
+NAME+DRLIC-GENDER-SSN,2
+NAME+DRLIC-GENERATION,2
+NAME+DRLIC-PASSPORT,2
+NAME+DRLIC-SSN-PASSPORT,2
+NAME+LOGIN_ID,2
+NAME+LOGIN_ID+ACCT_NUM-DRLIC,2
+NAME+LOGIN_ID-DOB-GENDER-PASSPORT,2
+NAME+LOGIN_ID-GENDER-SSN-DRLIC,2
+NAME+PASSPORT-DRLIC,2
+NAME+PHONE-DOB-GENDER-SSN-PASSPORT,2
+NAME+PHONE-DOB-PASSPORT,2
+NAME+PHONE+DRLIC,2
+NAME+PHONE-DRLIC-PASSPORT,2
+NAME+PHONE-GENDER-PASSPORT,2
+NAME+PHONE+PASSPORT+ACCT_NUM-DRLIC,2
+NAME+PHONE+PASSPORT-GENERATION,2
+NAME+PHONE-SSN-DRLIC-PASSPORT,2
+NAME+PHONE+SSN+DRLIC+PASSPORT+LOGIN_ID+ACCT_NUM (Ambiguous),2
+NAME+PHONE+SSN+DRLIC+PASSPORT+LOGIN_ID (Ambiguous),2
+NAME+PHONE+SSN-GENERATION,2
+NAME+PHONE+SSN+LOGIN_ID-DRLIC,2
+NAME+PHONE+SSN+PASSPORT+ACCT_NUM-DRLIC,2
+NAME+PHONE+SSN+PASSPORT-DRLIC,2
+NAME+SSN-DOB-DRLIC,2
+NAME+SSN-DOB-DRLIC-PASSPORT,2
+NAME+SSN+DRLIC+LOGIN_ID+ACCT_NUM (Ambiguous),2
+NAME+SSN+DRLIC+PASSPORT,2
+NAME+SSN+DRLIC+PASSPORT+LOGIN_ID (Ambiguous),2
+PHONE-GENERATION-DOB-GENDER,2
+PHONE-GENERATION-DOB-GENDER-PASSPORT,2
+PHONE+PASSPORT-GENERATION,2
+PHONE+SSN+DRLIC+LOGIN_ID-GENERATION,2
+PHONE+SSN-GENERATION,2
+PHONE+SSN+LOGIN_ID+ACCT_NUM-DRLIC,2
+PNAME+ACCT_NUM-DRLIC,2
+PNAME+ADDRESS+ACCT_NUM-DRLIC,2
+PNAME+ADDRESS+DRLIC-GENERATION,2
+PNAME+ADDRESS-GENERATION-DOB-SSN-PASSPORT,2
+PNAME+ADDRESS-GENERATION-SSN-PASSPORT,2
+PNAME+ADDRESS+PASSPORT+LOGIN_ID+ACCT_NUM (Ambiguous),2
+PNAME+ADDRESS+PHONE-DOB,2
+PNAME+ADDRESS+PHONE+DRLIC+PASSPORT+LOGIN_ID+ACCT_NUM (Ambiguous),2
+PNAME+ADDRESS+PHONE+DRLIC+PASSPORT+LOGIN_ID (Ambiguous),2
+PNAME+ADDRESS+PHONE-PASSPORT,2
+PNAME+ADDRESS+PHONE+PASSPORT+ACCT_NUM,2
+PNAME+ADDRESS+PHONE+PASSPORT-DRLIC,2
+PNAME+ADDRESS+PHONE+PASSPORT+LOGIN_ID-DRLIC,2
+PNAME+ADDRESS+PHONE+SSN+ACCT_NUM-GENERATION,2
+PNAME+ADDRESS+SSN+DRLIC+ACCT_NUM-GENERATION,2
+PNAME+ADDRESS+SSN+DRLIC+LOGIN_ID+ACCT_NUM (Ambiguous),2
+PNAME+ADDRESS+SSN-GENERATION,2
+PNAME+ADDRESS+SSN+PASSPORT,2
+PNAME+DOB+ACCT_NUM-DRLIC,2
+PNAME+DOB+ACCT_NUM-GENERATION,2
+PNAME+DOB+ADDRESS+PASSPORT+LOGIN_ID (Ambiguous),2
+PNAME+DOB+ADDRESS+PHONE+DRLIC-GENERATION,2
+PNAME+DOB+ADDRESS+PHONE+SSN+ACCT_NUM-DRLIC,2
+PNAME+DOB+ADDRESS+PHONE+SSN+DRLIC+LOGIN_ID+ACCT_NUM (Ambiguous),2
+PNAME+DOB+ADDRESS+PHONE+SSN+DRLIC+PASSPORT+LOGIN_ID (Ambiguous),2
+PNAME+DOB+ADDRESS+SSN+DRLIC+LOGIN_ID+ACCT_NUM (Ambiguous),2
+PNAME+DOB+DRLIC+LOGIN_ID (Ambiguous),2
+PNAME+DOB+LOGIN_ID-PASSPORT,2
+PNAME+DOB+PASSPORT+LOGIN_ID (Ambiguous),2
+PNAME+DOB+PHONE-GENERATION,2
+PNAME+DOB+PHONE-SSN,2
+PNAME+DOB+PHONE+SSN-GENERATION,2
+PNAME+DOB+PHONE+SSN+PASSPORT+LOGIN_ID+ACCT_NUM (Ambiguous),2
+PNAME+DOB+SSN+DRLIC,2
+PNAME+DRLIC+ACCT_NUM-GENERATION,2
+PNAME+DRLIC-DOB-GENDER-PASSPORT,2
+PNAME+LOGIN_ID-GENERATION-DOB-SSN,2
+PNAME+LOGIN_ID-GENERATION-GENDER,2
+PNAME+PHONE+ACCT_NUM-GENERATION,2
+PNAME+PHONE-DOB-GENDER-PASSPORT,2
+PNAME+PHONE+DRLIC+PASSPORT+LOGIN_ID (Ambiguous),2
+PNAME+PHONE+SSN+ACCT_NUM-GENERATION,2
+PNAME+PHONE+SSN+DRLIC-GENERATION,2
+PNAME+PHONE+SSN+DRLIC+PASSPORT+LOGIN_ID (Ambiguous),2
+PNAME+PHONE+SSN+LOGIN_ID-DRLIC,2
+PNAME+PHONE+SSN+PASSPORT,2
+PNAME+PHONE+SSN+PASSPORT+ACCT_NUM-GENERATION,2
+PNAME+PHONE+SSN+PASSPORT-DRLIC,2
+PNAME+SSN+DRLIC+LOGIN_ID,2
+PNAME+SSN+PASSPORT+ACCT_NUM,2
+PNAME+SSN+PASSPORT+LOGIN_ID,2
+SSN+DRLIC-GENERATION,2
+SSN-GENERATION-DOB-DRLIC-PASSPORT,2
+SSN-GENERATION-GENDER-DRLIC-PASSPORT,2
+SURNAME+ADDRESS-DOB-GENDER-DRLIC-PASSPORT,2
+SURNAME+ADDRESS+PHONE+SSN+ACCT_NUM-DRLIC,2
+SURNAME+ADDRESS+PHONE+SSN-PASSPORT,2
+SURNAME+DOB+ADDRESS+DRLIC+PASSPORT+LOGIN_ID+ACCT_NUM,2
+SURNAME+DOB+ADDRESS+PHONE+ACCT_NUM-DRLIC,2
+SURNAME+DOB+ADDRESS+PHONE-DRLIC,2
+SURNAME-DOB-SSN-DRLIC,2
+SURNAME+DRLIC-DOB-GENDER-PASSPORT,2
+SURNAME-GENDER,2
+SURNAME+LOGIN_ID-GENERATION-SSN-PASSPORT,2
+SURNAME+PHONE-DOB-GENDER,2
+SURNAME+PHONE-DOB-GENDER-SSN-DRLIC,2
+SURNAME+PHONE-DOB-SSN-DRLIC-PASSPORT,2
+SURNAME+PHONE-DRLIC,2
+SURNAME+PHONE-GENDER-PASSPORT,2
+SURNAME+PHONE-GENDER-SSN-DRLIC,2
+SURNAME+SSN-DOB-GENDER-DRLIC,2
+PNAME+LOGIN_ID-GENERATION-DOB-GENDER-DRLIC,1
+PNAME+LOGIN_ID-GENERATION-DOB-DRLIC,1
+PNAME+LOGIN_ID-GENERATION-DOB,1
+PNAME+LOGIN_ID+ACCT_NUM-DRLIC,1
+PNAME+LOGIN_ID+ACCT_NUM-DOB-GENDER-SSN-DRLIC-PASSPORT,1
+PNAME+SSN+DRLIC+PASSPORT+LOGIN_ID (Ambiguous),1
+PNAME-DRLIC-PASSPORT,1
+PNAME+DRLIC-GENERATION,1
+PNAME+DOB+SSN+PASSPORT-DRLIC,1
+PNAME+SSN-GENERATION,1
+PNAME+DOB+SSN+PASSPORT,1
+PNAME+SSN+LOGIN_ID+ACCT_NUM,1
+PNAME+DOB+SSN+DRLIC+PASSPORT+LOGIN_ID (Ambiguous),1
+PNAME+SSN+LOGIN_ID+ACCT_NUM-DRLIC,1
+PNAME+DOB+SSN+DRLIC+LOGIN_ID (Ambiguous),1
+PNAME+DOB+SSN+DRLIC+LOGIN_ID+ACCT_NUM (Ambiguous),1
+PNAME+DOB+SSN+DRLIC+ACCT_NUM-GENERATION,1
+PNAME+DOB+SSN-DRLIC,1
+ADDRESS+PHONE+DRLIC-SSN,1
+PNAME+DOB+SSN+ACCT_NUM-GENERATION,1
+PNAME+DOB+PHONE+SSN+PASSPORT+LOGIN_ID (Ambiguous),1
+PNAME+SSN+PASSPORT-DRLIC,1
+ADDRESS+PHONE+DRLIC-PASSPORT,1
+PNAME+DOB+PHONE+SSN+PASSPORT-GENERATION,1
+PNAME+DOB+PHONE+SSN+PASSPORT-DRLIC,1
+PNAME+DOB+PHONE+SSN+DRLIC+PASSPORT+LOGIN_ID (Ambiguous),1
+PNAME+DOB+PHONE+SSN+DRLIC+PASSPORT-GENERATION,1
+PNAME+DOB+PHONE+SSN+DRLIC+LOGIN_ID+ACCT_NUM (Ambiguous),1
+PNAME+DOB+PHONE+SSN+DRLIC-GENERATION,1
+PNAME+DOB+PHONE+SSN-DRLIC,1
+PNAME+DOB+PHONE-SSN-DRLIC,1
+PNAME+DOB+PHONE+LOGIN_ID-GENERATION,1
+PNAME+DOB+PHONE+LOGIN_ID-DRLIC,1
+PNAME+DOB+PHONE+LOGIN_ID+ACCT_NUM-GENDER,1
+PNAME+DOB+PHONE+DRLIC+LOGIN_ID (Ambiguous),1
+PNAME+DOB+PHONE+DRLIC-GENERATION,1
+PNAME+DOB+PHONE+ACCT_NUM-SSN-PASSPORT,1
+PNAME+DOB+PHONE+ACCT_NUM-GENERATION,1
+PNAME+DOB+PASSPORT+LOGIN_ID+ACCT_NUM (Ambiguous),1
+PNAME+DOB+PASSPORT+ACCT_NUM-DRLIC,1
+SSN+DRLIC+ACCT_NUM-GENERATION,1
+SSN+DRLIC-DOB,1
+ADDRESS+PHONE+DRLIC+ACCT_NUM-PASSPORT,1
+PNAME-DOB-GENDER-SSN-PASSPORT,1
+PNAME+DOB+DRLIC-SSN,1
+SSN+DRLIC+LOGIN_ID-GENERATION,1
+PNAME+DOB+DRLIC+PASSPORT+LOGIN_ID (Ambiguous),1
+PNAME+DOB+ADDRESS+SSN+PASSPORT+LOGIN_ID (Ambiguous),1
+PNAME+DOB+ADDRESS+SSN+PASSPORT+LOGIN_ID+ACCT_NUM (Ambiguous),1
+PNAME+DOB+ADDRESS+SSN+PASSPORT-DRLIC,1
+PNAME+DOB+ADDRESS+SSN+DRLIC+PASSPORT+LOGIN_ID+ACCT_NUM (Ambiguous),1
+PNAME+DOB+ADDRESS+SSN+ACCT_NUM-GENERATION,1
+PNAME+DOB+ADDRESS+SSN+ACCT_NUM-DRLIC,1
+PNAME+DOB+ADDRESS-SSN,1
+PNAME+DOB+ADDRESS+PHONE+SSN+PASSPORT-DRLIC,1
+PNAME+DOB+ADDRESS+PHONE+SSN+LOGIN_ID+ACCT_NUM-DRLIC,1
+PNAME+DOB+ADDRESS+PHONE+SSN-GENERATION,1
+PNAME+DOB+ADDRESS+PHONE+SSN+DRLIC+PASSPORT+LOGIN_ID+ACCT_NUM (Ambiguous),1
+PNAME+DOB+ADDRESS+PHONE+SSN+DRLIC-GENERATION,1
+ADDRESS+PHONE+DRLIC+ACCT_NUM-GENERATION,1
+PNAME+DOB+ADDRESS+PHONE+SSN-DRLIC,1
+PNAME+DOB+ADDRESS+PHONE+SSN+ACCT_NUM-GENERATION,1
+PNAME+DOB+ADDRESS+PHONE-SSN,1
+PNAME+DOB+ADDRESS+PHONE+PASSPORT+LOGIN_ID+ACCT_NUM (Ambiguous),1
+PNAME+DOB+ADDRESS+PHONE+PASSPORT-DRLIC,1
+PNAME+DOB+ADDRESS+PHONE+PASSPORT+ACCT_NUM-GENDER-SSN,1
+PNAME+DOB+ADDRESS+PHONE-PASSPORT,1
+SSN-GENERATION-GENDER-DRLIC,1
+ADDRESS+PHONE-DOB-SSN,1
+PNAME+DOB+ADDRESS+PHONE-GENERATION,1
+PNAME+DOB+ADDRESS+PHONE+DRLIC+PASSPORT+LOGIN_ID (Ambiguous),1
+PNAME+DOB+ADDRESS+PHONE+DRLIC,1
+PNAME+DOB+ADDRESS+PHONE+ACCT_NUM-SSN,1
+SSN+LOGIN_ID-DOB-PASSPORT,1
+PNAME+DOB+ADDRESS+PHONE+ACCT_NUM-GENERATION,1
+PNAME+DOB+ADDRESS+PHONE+ACCT_NUM-DRLIC,1
+PNAME+DOB+ADDRESS+PASSPORT+LOGIN_ID-DRLIC,1
+PNAME+DOB+ADDRESS+PASSPORT+ACCT_NUM-DRLIC,1
+SSN+PASSPORT+ACCT_NUM (Ambiguous),1
+SSN+PASSPORT+ACCT_NUM-DRLIC,1
+PNAME+DOB+ADDRESS+LOGIN_ID+ACCT_NUM-DRLIC,1
+PNAME+DOB+ADDRESS+DRLIC+PASSPORT+ACCT_NUM (Ambiguous),1
+PNAME+DOB+ADDRESS+DRLIC-GENERATION,1
+PNAME+DOB+ADDRESS-DRLIC,1
+PNAME+DOB+ADDRESS+ACCT_NUM-SSN,1
+PNAME+ADDRESS+SSN+PASSPORT+LOGIN_ID+ACCT_NUM-DRLIC,1
+SURNAME+ADDRESS+ACCT_NUM-DRLIC,1
+PNAME+ADDRESS+SSN+PASSPORT-DRLIC,1
+PNAME+ADDRESS+SSN+PASSPORT+ACCT_NUM-DRLIC,1
+PNAME+ADDRESS+SSN-PASSPORT,1
+PNAME+ADDRESS+SSN+LOGIN_ID-GENERATION,1
+PNAME+ADDRESS+SSN+LOGIN_ID-DRLIC,1
+ADDRESS+PHONE-DOB-DRLIC-PASSPORT,1
+PNAME+ADDRESS+SSN+LOGIN_ID+ACCT_NUM-GENERATION,1
+PNAME+ADDRESS+SSN+DRLIC-GENERATION,1
+PNAME+ADDRESS+SSN+ACCT_NUM-GENERATION,1
+PNAME+ADDRESS+PHONE+SSN+PASSPORT-GENERATION,1
+PNAME+ADDRESS+PHONE+SSN+PASSPORT+ACCT_NUM-DRLIC,1
+PNAME+ADDRESS+PHONE+SSN+LOGIN_ID-DRLIC,1
+PNAME+ADDRESS+PHONE+SSN+LOGIN_ID-DOB,1
+PNAME+ADDRESS+PHONE+SSN+LOGIN_ID+ACCT_NUM-GENERATION,1
+PNAME+ADDRESS+PHONE+SSN-GENERATION,1
+PNAME+ADDRESS+PHONE+SSN+DRLIC+PASSPORT+LOGIN_ID+ACCT_NUM (Ambiguous),1
+PNAME+ADDRESS+PHONE+SSN+DRLIC+PASSPORT,1
+PNAME+ADDRESS+PHONE+SSN+DRLIC+ACCT_NUM-GENERATION,1
+PNAME+ADDRESS+PHONE+PASSPORT+ACCT_NUM-DRLIC,1
+PNAME+ADDRESS+PHONE-GENDER,1
+PNAME+ADDRESS+PHONE+DRLIC-GENERATION,1
+PNAME+ADDRESS+PHONE-DOB-SSN-DRLIC,1
+SURNAME+ADDRESS+DRLIC-PASSPORT,1
+PNAME+ADDRESS+PHONE-DOB-DRLIC,1
+PNAME+ADDRESS+PASSPORT+LOGIN_ID-DRLIC,1
+PNAME+ADDRESS+PASSPORT+ACCT_NUM,1
+PNAME+ADDRESS+LOGIN_ID-GENERATION,1
+SURNAME+ADDRESS+DRLIC-SSN,1
+PNAME+ADDRESS-GENERATION-DOB-SSN,1
+PNAME+ADDRESS-GENERATION,1
+PNAME+ADDRESS-DOB-GENDER-DRLIC-PASSPORT,1
+PNAME+ADDRESS+ACCT_NUM-SSN-DRLIC,1
+PNAME+ADDRESS+ACCT_NUM-SSN,1
+PNAME+ACCT_NUM-SSN-PASSPORT,1
+PNAME+ACCT_NUM-SSN,1
+PNAME+ACCT_NUM-GENERATION,1
+SURNAME+ADDRESS-GENERATION,1
+SURNAME+ADDRESS-GENERATION-DOB,1
+SURNAME+ADDRESS-GENERATION-DOB-SSN,1
+SURNAME+ADDRESS-GENERATION-DOB-SSN-PASSPORT,1
+SURNAME+ADDRESS-GENERATION-GENDER-SSN,1
+SURNAME+ADDRESS-GENERATION-GENDER-SSN-PASSPORT,1
+SURNAME+ADDRESS-GENERATION-SSN,1
+PHONE+SSN+PASSPORT+LOGIN_ID-DRLIC,1
+PHONE+SSN+PASSPORT-DRLIC,1
+PHONE+SSN+PASSPORT+ACCT_NUM-GENERATION,1
+PHONE+SSN+LOGIN_ID-PASSPORT,1
+PHONE+SSN+LOGIN_ID-DRLIC,1
+PHONE+SSN+DRLIC+LOGIN_ID+ACCT_NUM-DOB,1
+PHONE+SSN+DRLIC-GENERATION,1
+PHONE+SSN-DOB-PASSPORT,1
+PHONE+SSN+ACCT_NUM-DRLIC,1
+SURNAME+ADDRESS+PHONE+ACCT_NUM (Ambiguous),1
+PHONE+PASSPORT-DRLIC,1
+PHONE+LOGIN_ID-SSN,1
+SURNAME+ADDRESS+PHONE+DRLIC-DRLIC-PASSPORT,1
+PHONE-GENERATION-SSN-PASSPORT,1
+PHONE-GENERATION-SSN-DRLIC,1
+PHONE-GENERATION-PASSPORT,1
+PHONE-GENERATION-GENDER-SSN-PASSPORT,1
+PHONE-GENERATION-GENDER-DRLIC,1
+PHONE-GENERATION-DOB-SSN-PASSPORT,1
+PHONE-GENERATION-DOB-SSN-DRLIC-PASSPORT,1
+PHONE-GENERATION-DOB-SSN,1
+SURNAME+ADDRESS+PHONE+LOGIN_ID-DRLIC,1
+PHONE-GENERATION-DOB-PASSPORT,1
+PHONE-GENERATION-DOB-GENDER-SSN-PASSPORT,1
+PHONE+DRLIC+ACCT_NUM-SSN,1
+PHONE+DRLIC+ACCT_NUM-GENERATION,1
+SURNAME+ADDRESS+PHONE+PASSPORT+LOGIN_ID+ACCT_NUM-DOB,1
+SURNAME+ADDRESS+PHONE-SSN,1
+PASSPORT-GENERATION-SSN,1
+PASSPORT+ACCT_NUM-GENERATION,1
+ADDRESS+PASSPORT+ACCT_NUM-DRLIC,1
+PASSPORT+ACCT_NUM-GENDER-SSN,1
+NAME+SSN+PASSPORT+LOGIN_ID-DRLIC,1
+NAME+SSN+PASSPORT-DRLIC,1
+NAME-SSN-PASSPORT,1
+NAME+SSN+LOGIN_ID-DRLIC,1
+NAME+SSN-GENERATION,1
+NAME+SSN-GENDER-PASSPORT,1
+NAME+SSN-GENDER-DRLIC,1
+NAME+SSN+DRLIC+LOGIN_ID-GENERATION,1
+NAME+SSN-DOB-GENDER-PASSPORT,1
+ADDRESS+LOGIN_ID-SSN,1
+NAME+PHONE+SSN+PASSPORT-GENERATION,1
+NAME+PHONE+SSN+PASSPORT,1
+SURNAME+ADDRESS+PHONE+SSN+PASSPORT+ACCT_NUM-DRLIC,1
+NAME+PHONE+SSN+LOGIN_ID+ACCT_NUM-DRLIC,1
+NAME+PHONE+SSN+ACCT_NUM-GENERATION,1
+NAME+PHONE+PASSPORT+LOGIN_ID-DRLIC,1
+NAME+PHONE+PASSPORT+LOGIN_ID+ACCT_NUM (Ambiguous),1
+NAME+PHONE+LOGIN_ID+ACCT_NUM-DRLIC,1
+SURNAME+ADDRESS+SSN+ACCT_NUM-DRLIC,1
+NAME+PHONE-GENERATION-SSN,1
+SURNAME+ADDRESS+SSN-DRLIC,1
+NAME+PHONE+DRLIC+PASSPORT+ACCT_NUM,1
+NAME+PHONE+DRLIC+LOGIN_ID+ACCT_NUM (Ambiguous),1
+NAME+PHONE+DRLIC-GENERATION,1
+NAME+PHONE-DOB-SSN-DRLIC-PASSPORT,1
+NAME+PHONE-DOB-GENDER-SSN-DRLIC-PASSPORT,1
+NAME+PHONE-DOB-GENDER-SSN-DRLIC,1
+NAME+PHONE-DOB-GENDER-PASSPORT,1
+SURNAME+ADDRESS+SSN+DRLIC+PASSPORT-GENERATION,1
+NAME+PHONE-DOB-GENDER-DRLIC-PASSPORT,1
+NAME+PHONE+ACCT_NUM-PASSPORT,1
+NAME+PHONE+ACCT_NUM-GENDER,1
+NAME+PHONE+ACCT_NUM-DOB,1
+NAME+PASSPORT-SSN,1
+NAME+PASSPORT+LOGIN_ID-DRLIC,1
+NAME+PASSPORT+LOGIN_ID (Ambiguous),1
+NAME+PASSPORT+LOGIN_ID+ACCT_NUM (Ambiguous),1
+NAME+PASSPORT+ACCT_NUM-GENERATION,1
+NAME+LOGIN_ID-GENERATION-SSN-DRLIC,1
+NAME+LOGIN_ID-GENERATION-DOB-SSN,1
+NAME+LOGIN_ID-GENERATION,1
+NAME+LOGIN_ID-DOB-GENDER-SSN-DRLIC-PASSPORT,1
+SURNAME+DOB+ADDRESS+ACCT_NUM-DRLIC,1
+SURNAME+DOB+ADDRESS-DRLIC,1
+NAME+LOGIN_ID-DOB-GENDER-SSN-DRLIC,1
+NAME+DRLIC+PASSPORT+LOGIN_ID+ACCT_NUM (Ambiguous),1
+NAME+DRLIC+PASSPORT-DOB,1
+NAME+DRLIC+LOGIN_ID+ACCT_NUM (Ambiguous),1
+NAME+DRLIC-DOB-GENDER-SSN,1
+NAME+DRLIC-DOB-GENDER,1
+NAME+DRLIC+ACCT_NUM-DRLIC,1
+ADDRESS+LOGIN_ID-DOB-SSN,1
+NAME+DOB+SSN+PASSPORT+LOGIN_ID-GENERATION,1
+NAME+DOB+SSN+PASSPORT,1
+NAME-DOB-SSN-PASSPORT,1
+NAME+DOB+SSN-GENDER-DRLIC,1
+NAME-DOB-SSN-DRLIC-PASSPORT,1
+NAME+DOB+PHONE+SSN+PASSPORT-GENERATION,1
+NAME+DOB+PHONE+SSN-GENERATION,1
+NAME+DOB+PHONE+SSN+DRLIC+LOGIN_ID (Ambiguous),1
+ADDRESS+LOGIN_ID-DOB-GENDER-SSN-PASSPORT,1
+SURNAME+DOB+ADDRESS+PHONE+ACCT_NUM-GENERATION,1
+ADDRESS+LOGIN_ID-DOB-GENDER-SSN,1
+NAME+DOB+PHONE+SSN,1
+NAME+DOB+PHONE+PASSPORT+LOGIN_ID (Ambiguous),1
+NAME+DOB+PHONE+PASSPORT+LOGIN_ID+ACCT_NUM (Ambiguous),1
+NAME+DOB+PHONE-PASSPORT,1
+NAME+DOB+PHONE-GENERATION,1
+NAME+DOB+PHONE+DRLIC+PASSPORT-GENERATION,1
+NAME+DOB+PHONE+DRLIC+LOGIN_ID (Ambiguous),1
+NAME+DOB+PHONE+DRLIC+LOGIN_ID+ACCT_NUM (Ambiguous),1
+NAME+DOB+PHONE+DRLIC-GENERATION,1
+NAME+DOB+PHONE+ACCT_NUM-GENERATION,1
+NAME+DOB+PASSPORT+LOGIN_ID (Ambiguous),1
+NAME+DOB+PASSPORT+ACCT_NUM-SSN,1
+SURNAME+DOB+ADDRESS+PHONE+PASSPORT+ACCT_NUM-SSN,1
+NAME+DOB+PASSPORT+ACCT_NUM-DRLIC,1
+NAME-DOB-PASSPORT,1
+SURNAME+DOB+ADDRESS+PHONE-SSN,1
+NAME+DOB+LOGIN_ID+ACCT_NUM (Ambiguous),1
+NAME+DOB-GENERATION-GENDER-SSN-DRLIC,1
+SURNAME+DOB+ADDRESS+PHONE+SSN+ACCT_NUM-GENERATION,1
+NAME+DOB+DRLIC+PASSPORT+LOGIN_ID (Ambiguous),1
+NAME+DOB+DRLIC+LOGIN_ID-SSN,1
+NAME+DOB+DRLIC+LOGIN_ID+ACCT_NUM (Ambiguous),1
+NAME+DOB+DRLIC+ACCT_NUM-SSN-PASSPORT,1
+NAME+DOB+ADDRESS+SSN+PASSPORT,1
+NAME+DOB+ADDRESS+SSN+DRLIC+PASSPORT+LOGIN_ID (Ambiguous),1
+NAME+DOB+ADDRESS+SSN+DRLIC+LOGIN_ID+ACCT_NUM (Ambiguous),1
+NAME+DOB+ADDRESS+SSN+DRLIC-GENERATION,1
+NAME+DOB+ADDRESS+PHONE+SSN+PASSPORT+LOGIN_ID (Ambiguous),1
+NAME+DOB+ADDRESS+PHONE+SSN+DRLIC+PASSPORT+LOGIN_ID+ACCT_NUM (Ambiguous),1
+NAME+DOB+ADDRESS+PHONE+SSN+ACCT_NUM-GENERATION,1
+NAME+DOB+ADDRESS+PHONE+PASSPORT+LOGIN_ID (Ambiguous),1
+SURNAME+DOB+ADDRESS+PHONE+SSN+PASSPORT-DRLIC,1
+NAME+DOB+ADDRESS+PHONE+PASSPORT+LOGIN_ID+ACCT_NUM (Ambiguous),1
+NAME+DOB+ADDRESS+PHONE+PASSPORT-DRLIC,1
+NAME+DOB+ADDRESS+PHONE+PASSPORT+ACCT_NUM-DRLIC,1
+NAME+DOB+ADDRESS+PHONE-PASSPORT,1
+NAME+DOB+ADDRESS+PHONE+LOGIN_ID-GENERATION,1
+NAME+DOB+ADDRESS+PHONE-GENERATION,1
+NAME+DOB+ADDRESS+PHONE-GENDER-SSN-PASSPORT,1
+NAME+DOB+ADDRESS+PHONE-GENDER,1
+NAME+DOB+ADDRESS+PHONE+DRLIC-SSN-DRLIC,1
+NAME+DOB+ADDRESS+PHONE+DRLIC-GENERATION,1
+NAME+DOB+ADDRESS+PHONE+DRLIC-DRLIC,1
+NAME+DOB+ADDRESS+PHONE+DRLIC+ACCT_NUM-GENERATION,1
+NAME+DOB+ADDRESS+PHONE+ACCT_NUM-GENDER-SSN,1
+NAME+DOB+ADDRESS+PASSPORT+LOGIN_ID (Ambiguous),1
+NAME+DOB+ADDRESS+PASSPORT+ACCT_NUM-DRLIC,1
+NAME+DOB+ADDRESS-PASSPORT,1
+NAME+DOB+ADDRESS+LOGIN_ID-SSN,1
+NAME+DOB+ADDRESS-GENERATION,1
+SURNAME-DOB-DRLIC,1
+NAME+DOB+ADDRESS+DRLIC+PASSPORT+LOGIN_ID+ACCT_NUM (Ambiguous),1
+NAME+DOB+ACCT_NUM-SSN-PASSPORT,1
+NAME+DOB+ACCT_NUM-SSN,1
+NAME+ADDRESS+SSN+PASSPORT+LOGIN_ID (Ambiguous),1
+NAME+ADDRESS+SSN+PASSPORT,1
+NAME+ADDRESS+SSN+DRLIC+PASSPORT+LOGIN_ID (Ambiguous),1
+NAME+ADDRESS+SSN+DRLIC+PASSPORT+LOGIN_ID+ACCT_NUM (Ambiguous),1
+NAME+ADDRESS+SSN+DRLIC+LOGIN_ID+ACCT_NUM (Ambiguous),1
+NAME+ADDRESS+SSN+DRLIC-GENERATION,1
+SURNAME-DOB-GENDER-DRLIC,1
+SURNAME-DOB-GENDER-DRLIC-PASSPORT,1
+SURNAME-DOB-GENDER-PASSPORT,1
+NAME+ADDRESS+SSN+DRLIC,1
+NAME+ADDRESS+SSN-DOB-PASSPORT,1
+NAME+ADDRESS+PHONE+SSN+PASSPORT-GENERATION,1
+SURNAME-DOB-PASSPORT,1
+NAME+ADDRESS+PHONE+SSN+LOGIN_ID-GENERATION,1
+NAME+ADDRESS+PHONE+SSN+LOGIN_ID-DRLIC,1
+SURNAME+DOB+PASSPORT+ACCT_NUM-DRLIC,1
+NAME+ADDRESS+PHONE+SSN+DRLIC-DOB,1
+NAME+ADDRESS+PHONE-SSN-DRLIC,1
+NAME+ADDRESS+PHONE+SSN-DOB,1
+NAME+ADDRESS+PHONE+PASSPORT-SSN,1
+SURNAME+DOB+PHONE+ACCT_NUM-PASSPORT,1
+NAME+ADDRESS+PHONE+PASSPORT+LOGIN_ID+ACCT_NUM-GENERATION,1
+NAME+ADDRESS+PHONE+PASSPORT+LOGIN_ID+ACCT_NUM (Ambiguous),1
+NAME+ADDRESS+PHONE+PASSPORT-DOB,1
+NAME+ADDRESS+PHONE+PASSPORT+ACCT_NUM,1
+NAME+ADDRESS+PHONE-PASSPORT,1
+NAME+ADDRESS+PHONE-GENERATION,1
+NAME+ADDRESS+PHONE+DRLIC-SSN,1
+NAME+ADDRESS+PHONE+DRLIC+PASSPORT+LOGIN_ID (Ambiguous),1
+NAME+ADDRESS+PHONE+DRLIC+PASSPORT+LOGIN_ID+ACCT_NUM (Ambiguous),1
+NAME+ADDRESS+PHONE+DRLIC+PASSPORT-GENERATION,1
+NAME+ADDRESS+PHONE+DRLIC+PASSPORT+ACCT_NUM,1
+NAME+ADDRESS+PHONE+DRLIC-PASSPORT,1
+NAME+ADDRESS+PHONE+DRLIC-GENERATION,1
+NAME+ADDRESS+PHONE+DRLIC-DOB,1
+SURNAME+DOB+PHONE+PASSPORT-SSN,1
+SURNAME+DOB+PHONE-SSN,1
+NAME+ADDRESS+PHONE-DOB,1
+NAME+ADDRESS+PHONE+ACCT_NUM-SSN-DRLIC,1
+SURNAME+DOB+PHONE+SSN+ACCT_NUM-DRLIC,1
+SURNAME+DOB+PHONE+SSN (Ambiguous),1
+NAME+ADDRESS+PHONE+ACCT_NUM-PASSPORT,1
+NAME+ADDRESS+PHONE+ACCT_NUM-DOB-PASSPORT,1
+NAME+ADDRESS+PHONE+ACCT_NUM-DOB,1
+SURNAME+DOB+PHONE+SSN+DRLIC (Ambiguous),1
+NAME+ADDRESS+PASSPORT-SSN,1
+NAME+ADDRESS+PASSPORT+LOGIN_ID-GENERATION,1
+NAME+ADDRESS+PASSPORT+ACCT_NUM,1
+NAME+ADDRESS+LOGIN_ID-SSN,1
+NAME+ADDRESS+LOGIN_ID+ACCT_NUM (Ambiguous),1
+NAME+ADDRESS+LOGIN_ID+ACCT_NUM,1
+SURNAME+DOB+PHONE+SSN-GENERATION,1
+NAME+ADDRESS-GENERATION-SSN,1
+NAME+ADDRESS-GENERATION-DOB-SSN,1
+NAME+ADDRESS-GENERATION,1
+NAME+ADDRESS-GENDER-SSN-DRLIC-PASSPORT,1
+NAME+ADDRESS-GENDER-DRLIC-PASSPORT,1
+NAME+ADDRESS+DRLIC-SSN,1
+NAME+ADDRESS-DRLIC-PASSPORT,1
+NAME+ADDRESS+DRLIC+LOGIN_ID (Ambiguous),1
+NAME+ADDRESS-DOB-GENDER-DRLIC-PASSPORT,1
+ADDRESS+DRLIC-GENERATION,1
+NAME+ADDRESS-DOB-GENDER-DRLIC,1
+NAME+ADDRESS-DOB-DRLIC-PASSPORT,1
+NAME+ACCT_NUM-SSN-PASSPORT,1
+NAME+ACCT_NUM-GENERATION,1
+LOGIN_ID+ACCT_NUM-DRLIC,1
+LIKELY_NAME+SSN+PASSPORT+LOGIN_ID+ACCT_NUM,1
+LIKELY_NAME+SSN+DRLIC+PASSPORT+LOGIN_ID,1
+LIKELY_NAME+PHONE+SSN+DRLIC+PASSPORT+LOGIN_ID+ACCT_NUM,1
+LIKELY_NAME+PHONE+SSN+DRLIC+PASSPORT+LOGIN_ID,1
+LIKELY_NAME+PHONE+DRLIC+PASSPORT+LOGIN_ID+ACCT_NUM,1
+SURNAME-DOB-SSN-PASSPORT,1
+LIKELY_NAME+PHONE+DRLIC+PASSPORT+LOGIN_ID,1
+LIKELY_NAME+LOGIN_ID-SSN,1
+LIKELY_NAME+LOGIN_ID-GENDER-SSN,1
+LIKELY_NAME+LOGIN_ID-GENDER-PASSPORT,1
+SURNAME-DRLIC,1
+LIKELY_NAME+LOGIN_ID-GENDER,1
+LIKELY_NAME+LOGIN_ID-DRLIC,1
+LIKELY_NAME+LOGIN_ID-DOB-SSN-DRLIC,1
+LIKELY_NAME+LOGIN_ID-DOB-GENDER-SSN-PASSPORT,1
+ADDRESS+ACCT_NUM-PASSPORT,1
+LIKELY_NAME+LOGIN_ID-DOB-GENDER-SSN,1
+LIKELY_NAME+LOGIN_ID-DOB-GENDER,1
+LIKELY_NAME+LOGIN_ID-DOB-DRLIC,1
+LIKELY_NAME+DOB+PHONE+PASSPORT+LOGIN_ID,1
+LIKELY_NAME+DOB+PHONE+DRLIC+PASSPORT+LOGIN_ID+ACCT_NUM,1
+LIKELY_NAME+DOB+PHONE+DRLIC+PASSPORT+LOGIN_ID,1
+LIKELY_NAME+DOB+PASSPORT+LOGIN_ID+ACCT_NUM,1
+LIKELY_NAME+DOB+LOGIN_ID+ACCT_NUM,1
+LIKELY_NAME+DOB+DRLIC+PASSPORT+LOGIN_ID+ACCT_NUM,1
+SURNAME+DRLIC-GENERATION-SSN,1
+LIKELY_NAME+DOB+DRLIC+PASSPORT+ACCT_NUM,1
+LIKELY_NAME+DOB+DRLIC+LOGIN_ID+ACCT_NUM,1
+LIKELY_NAME+DOB+DRLIC+LOGIN_ID,1
+LIKELY_NAME+DOB+ADDRESS+SSN+DRLIC+PASSPORT,1
+LIKELY_NAME+DOB+ADDRESS+PHONE (Ambiguous),1
+LIKELY_NAME+DOB+ADDRESS+PASSPORT+LOGIN_ID,1
+LIKELY_NAME+DOB+ADDRESS+LOGIN_ID+ACCT_NUM,1
+LIKELY_NAME+ADDRESS-SSN-DRLIC,1
+LIKELY_NAME+ADDRESS-SSN,1
+ADDRESS+ACCT_NUM-GENERATION,1
+LIKELY_NAME+ADDRESS+PHONE+SSN+PASSPORT,1
+SURNAME-GENDER-SSN-DRLIC,1
+LIKELY_NAME+ADDRESS+PHONE+SSN,1
+SURNAME-GENERATION-DOB,1
+LIKELY_NAME+ADDRESS+PHONE+ACCT_NUM (Ambiguous),1
+LIKELY_NAME+ADDRESS+PASSPORT+LOGIN_ID+ACCT_NUM,1
+LIKELY_NAME+ADDRESS-GENDER-SSN,1
+LIKELY_NAME+ADDRESS+DRLIC+LOGIN_ID+ACCT_NUM,1
+LIKELY_NAME+ADDRESS+ACCT_NUM-DRLIC,1
+LIKELY_NAME+ACCT_NUM-DOB,1
-GENERATION-GENDER-SSN-DRLIC,1
-GENERATION-DRLIC-PASSPORT,1
-GENERATION-DRLIC,1
-GENERATION-DOB-SSN-DRLIC-PASSPORT,1
-GENERATION-DOB-GENDER-PASSPORT,1
-GENERATION-DOB-GENDER-DRLIC,1
+DRLIC+LOGIN_ID-SSN-PASSPORT,1
+DRLIC+LOGIN_ID-DOB,1
+DRLIC-GENDER-SSN-DRLIC-PASSPORT,1
+DRLIC-GENDER-DRLIC-PASSPORT,1
+DRLIC-GENDER-DRLIC,1
+DRLIC-DOB-SSN-DRLIC-PASSPORT,1
+DRLIC-DOB-GENDER-SSN-DRLIC-PASSPORT,1
+DRLIC-DOB-GENDER-DRLIC-PASSPORT,1
+DRLIC-DOB-GENDER-DRLIC,1
+DOB+SSN-GENERATION,1
+DOB-SSN-DRLIC,1
+DOB+SSN+ACCT_NUM-DRLIC,1
+DOB-SSN,1
+DOB+PHONE+SSN+PASSPORT-GENERATION,1
+DOB+PHONE+SSN+PASSPORT+ACCT_NUM-GENERATION,1
+DOB+PHONE+SSN+LOGIN_ID-PASSPORT,1
+SURNAME+LOGIN_ID-GENERATION-DOB,1
+SURNAME+LOGIN_ID-GENERATION-DOB-GENDER-SSN-PASSPORT,1
+SURNAME+LOGIN_ID-GENERATION-GENDER-PASSPORT,1
+SURNAME+LOGIN_ID-GENERATION-GENDER-SSN,1
+DOB+PHONE+SSN+LOGIN_ID+ACCT_NUM-DRLIC,1
+SURNAME-SSN-PASSPORT,1
+DOB+PHONE+SSN+DRLIC (Ambiguous),1
+DOB+PHONE+SSN (Ambiguous),1
+DOB+PHONE+SSN+ACCT_NUM-GENERATION,1
+DOB+PHONE+PASSPORT-SSN,1
+DOB+PHONE+PASSPORT-DRLIC,1
+DOB+PHONE+LOGIN_ID-DRLIC,1
+DOB+PHONE-GENDER-SSN-PASSPORT,1
+DOB+PHONE-GENDER-PASSPORT,1
+DOB+PHONE-GENDER,1
+DOB+PHONE+DRLIC+LOGIN_ID-DRLIC,1
+DOB+PHONE+ACCT_NUM-SSN,1
+DOB+PASSPORT-DRLIC,1
+SURNAME+PHONE+ACCT_NUM-SSN-DRLIC,1
+DOB+LOGIN_ID-GENERATION-GENDER-SSN-PASSPORT,1
+DOB+LOGIN_ID-GENERATION-GENDER-SSN-DRLIC,1
+ADDRESS+ACCT_NUM-GENDER-PASSPORT,1
+SURNAME+PHONE-DOB-GENDER-DRLIC,1
+SURNAME+PHONE-DOB-GENDER-PASSPORT,1
+DOB-GENDER-DRLIC,1
+ADDRESS+ACCT_NUM-DRLIC,1
+SURNAME+PHONE-DOB-GENDER-SSN-DRLIC-PASSPORT,1
+DOB+DRLIC-GENERATION,1
+DOB+DRLIC+ACCT_NUM-DRLIC,1
+DOB+ADDRESS+SSN+LOGIN_ID+ACCT_NUM-DRLIC,1
+ACCT_NUM-PASSPORT,1
+DOB+ADDRESS+SSN-GENERATION,1
+SURNAME+SSN+PASSPORT-DRLIC,1
+DOB+ADDRESS+SSN+DRLIC+LOGIN_ID (Ambiguous),1
+DOB+ADDRESS+SSN (Ambiguous),1
+DOB+ADDRESS+SSN+ACCT_NUM-GENERATION,1
+DOB+ADDRESS+PHONE+SSN+PASSPORT+LOGIN_ID (Ambiguous),1
+DOB+ADDRESS+PHONE+SSN+PASSPORT-DRLIC,1
+DOB+ADDRESS+PHONE+SSN+PASSPORT (Ambiguous),1
+DOB+ADDRESS+PHONE+SSN+PASSPORT+ACCT_NUM-DRLIC,1
+DOB+ADDRESS+PHONE+SSN+PASSPORT+ACCT_NUM (Ambiguous),1
+SURNAME+PHONE-GENDER,1
+SURNAME+PHONE-GENDER-DRLIC,1
+ACCT_NUM-GENDER,1
+DOB+ADDRESS+PHONE+SSN+LOGIN_ID (Ambiguous),1
+ACCT_NUM-DOB-GENDER-SSN,1
+SURNAME+PHONE-GENDER-SSN-DRLIC-PASSPORT,1
+DOB+ADDRESS+PHONE+SSN+LOGIN_ID+ACCT_NUM (Ambiguous),1
+DOB+ADDRESS+PHONE+SSN-DRLIC-PASSPORT,1
+DOB+ADDRESS+PHONE+SSN+DRLIC (Ambiguous),1
+DOB+ADDRESS+PHONE+SSN+DRLIC+ACCT_NUM-GENERATION,1
+DOB+ADDRESS+PHONE+SSN+DRLIC+ACCT_NUM (Ambiguous),1
+DOB+ADDRESS+PHONE+SSN+ACCT_NUM (Ambiguous),1
+DOB+ADDRESS+PHONE-SSN,1
+DOB+ADDRESS+PHONE+PASSPORT-GENERATION,1
+DOB+ADDRESS+PHONE+LOGIN_ID+ACCT_NUM-GENERATION,1
+DOB+ADDRESS+PHONE-GENERATION,1
+DOB+ADDRESS+PHONE+DRLIC-GENERATION,1
+DOB+ADDRESS+PHONE+DRLIC+ACCT_NUM-GENERATION,1
+DOB+ADDRESS+PHONE+ACCT_NUM-SSN-PASSPORT,1
+DOB+ADDRESS+PHONE+ACCT_NUM-SSN,1
+DOB+ADDRESS+LOGIN_ID-GENERATION,1
+DOB+ADDRESS+LOGIN_ID-DRLIC,1
+DOB+ADDRESS+LOGIN_ID+ACCT_NUM-SSN,1
+DOB+ADDRESS+LOGIN_ID+ACCT_NUM-GENERATION,1
+DOB+ADDRESS+DRLIC+PASSPORT-GENERATION,1
+DOB+ADDRESS+ACCT_NUM-SSN-PASSPORT,1
+DOB+ACCT_NUM-GENERATION,1
+SURNAME+PHONE+SSN-GENERATION,1
+ADDRESS+SSN+PASSPORT+LOGIN_ID-DRLIC,1
+ADDRESS+SSN-PASSPORT,1
+ADDRESS+SSN+LOGIN_ID-GENERATION,1
+ADDRESS+SSN+LOGIN_ID-DOB,1
+ADDRESS+SSN+LOGIN_ID+ACCT_NUM-DRLIC,1
+ADDRESS+SSN-GENERATION,1
+ADDRESS+SSN+ACCT_NUM-GENERATION,1
+ADDRESS+SSN+ACCT_NUM (Ambiguous),1
+ADDRESS+PHONE+SSN+PASSPORT+LOGIN_ID-GENERATION,1
+ADDRESS+PHONE+SSN+PASSPORT+LOGIN_ID+ACCT_NUM-DRLIC,1
+SURNAME+SSN+ACCT_NUM-DRLIC,1
+ADDRESS+PHONE+SSN-GENDER,1
+ADDRESS+PHONE+SSN+DRLIC+PASSPORT-GENERATION,1
+SURNAME+SSN-DOB-DRLIC-PASSPORT,1
+ADDRESS+PHONE+SSN+DRLIC+ACCT_NUM-GENERATION,1
+ACCT_NUM-DOB,1
+SURNAME+SSN-DOB-GENDER-DRLIC-PASSPORT,1
+ADDRESS+PHONE-SSN-DRLIC,1
+ADDRESS+PHONE+PASSPORT-SSN,1
+PNAME+PHONE+SSN+PASSPORT-GENERATION,1
+PNAME+PHONE+SSN+DRLIC+PASSPORT+LOGIN_ID+ACCT_NUM (Ambiguous),1
+PNAME+PHONE-SSN-DRLIC-PASSPORT,1
+PNAME+PHONE+PASSPORT+LOGIN_ID+ACCT_NUM (Ambiguous),1
+PNAME+PHONE+PASSPORT+ACCT_NUM-GENERATION,1
+PNAME+PHONE+LOGIN_ID-SSN-PASSPORT,1
+PNAME+PHONE+LOGIN_ID+ACCT_NUM-DRLIC,1
+PNAME+PHONE-GENDER-SSN-DRLIC-PASSPORT,1
+PNAME+PHONE-GENDER-DRLIC-PASSPORT,1
+PNAME+PHONE-GENDER-DRLIC,1
+PNAME+PHONE-DOB-SSN-DRLIC-PASSPORT,1
+PNAME+PHONE-DOB-GENDER-DRLIC,1
+PNAME+PHONE+ACCT_NUM,1
+PNAME+PASSPORT-SSN,1
+PNAME+PASSPORT-GENERATION,1
+PNAME+PASSPORT-DRLIC,1
+PNAME+PASSPORT+ACCT_NUM-DRLIC,1
+PNAME+LOGIN_ID-GENERATION-SSN-PASSPORT,1
+PNAME+LOGIN_ID-GENERATION-GENDER-SSN-PASSPORT,1
+ADDRESS+PHONE+PASSPORT-DRLIC,1
+PNAME+SSN+DRLIC+LOGIN_ID+ACCT_NUM,1
+PNAME+LOGIN_ID-GENERATION-GENDER-SSN,1
+PNAME+LOGIN_ID-GENERATION-DRLIC,1
