,21147217
+NAME+ADDRESS+PHONE+SSN,142609
+NAME+PHONE+SSN,129082
+NAME+ADDRESS+PHONE,128806
+NAME+PHONE,106532
+NAME+ADDRESS+SSN,76331
+NAME+SSN,67670
+NAME+ADDRESS+PHONE+SSN+ACCT_NUM,62634
+NAME+ADDRESS,62388
+NAME+ADDRESS+PHONE+ACCT_NUM,62070
+NAME+DOB+ADDRESS+PHONE+SSN,59832
+NAME+PHONE+SSN+ACCT_NUM,58025
+NAME+PHONE+ACCT_NUM,57826
+PNAME+ADDRESS+PHONE+SSN,56523
+NAME+DOB+PHONE+SSN,52628
+NAME+DOB+ADDRESS+PHONE,52417
+PNAME+PHONE+SSN,50290
+NAME+ADDRESS+PHONE+SSN+DRLIC,42654
+NAME+ADDRESS+PHONE+DRLIC,41413
+NAME+DOB+PHONE,41188
+NAME+PHONE+SSN+DRLIC,39311
+NAME+PHONE+DRLIC,37944
+NAME+ADDRESS+SSN+ACCT_NUM,34347
+NAME+ADDRESS+ACCT_NUM,34064
+NAME+ACCT_NUM,34026
+NAME+SSN+ACCT_NUM,33013
+NAME+ADDRESS+PHONE+SSN+PASSPORT,32391
+NAME+DOB+ADDRESS+SSN,31020
+NAME+ADDRESS+PHONE+PASSPORT,30702
+PNAME+ADDRESS+SSN,29900
+NAME+PHONE+SSN+PASSPORT,29479
+NAME+DOB+SSN,28673
+NAME+PHONE+PASSPORT,27300
+NAME+DOB+ADDRESS+PHONE+ACCT_NUM,26035
+NAME+DOB+ADDRESS+PHONE+SSN+ACCT_NUM,25517
+PNAME+PHONE+ACCT_NUM,25361
+PNAME+ADDRESS+PHONE+SSN+ACCT_NUM,25266
+PNAME+ADDRESS+PHONE+ACCT_NUM,25029
+NAME+DOB+ADDRESS,24893
+PNAME+PHONE+SSN+ACCT_NUM,24368
+NAME+DOB+PHONE+ACCT_NUM,23425
+NAME+ADDRESS+SSN+DRLIC,23206
+PNAME+DOB+ADDRESS+PHONE+SSN,23044
+NAME+DOB+PHONE+SSN+ACCT_NUM,22877
+PNAME+SSN,22688
+NAME+ADDRESS+DRLIC,22256
+NAME+SSN+DRLIC,22198
+PNAME+DOB+PHONE+SSN,20950
+NAME+ADDRESS+PHONE+SSN+LOGIN_ID,19355
+NAME+ADDRESS+PHONE+LOGIN_ID,18747
+NAME+ADDRESS+PHONE+SSN+DRLIC+ACCT_NUM,18414
+NAME+PHONE+SSN+LOGIN_ID,18031
+NAME+ADDRESS+PHONE+DRLIC+ACCT_NUM,17893
+NAME+DOB+ADDRESS+PHONE+DRLIC,17692
+NAME+DOB+ADDRESS+PHONE+SSN+DRLIC,17623
+NAME+PHONE+LOGIN_ID,17447
+NAME+ADDRESS+SSN+PASSPORT,17246
+PNAME+ADDRESS+PHONE+SSN+DRLIC,17186
+NAME+PHONE+DRLIC+ACCT_NUM,16363
+PNAME+PHONE+SSN+DRLIC,16331
+NAME+SSN+PASSPORT,16286
+NAME+PHONE+SSN+DRLIC+ACCT_NUM,16265
+NAME+ADDRESS+PASSPORT,16260
+NAME+DOB+PHONE+SSN+DRLIC,15559
+NAME+DOB,15464
+NAME+DOB+PHONE+DRLIC,15144
+PNAME+ADDRESS+ACCT_NUM,14834
+PNAME+SSN+ACCT_NUM,14684
+PNAME+ADDRESS+SSN+ACCT_NUM,14370
+NAME+ADDRESS+PHONE+PASSPORT+ACCT_NUM,14025
+PNAME+DOB+ADDRESS+PHONE,14022
+NAME+DOB+ADDRESS+ACCT_NUM,13802
+NAME+ADDRESS+PHONE+SSN+PASSPORT+ACCT_NUM,13765
+NAME+DOB+ADDRESS+PHONE+SSN+PASSPORT,13588
+NAME+DOB+ADDRESS+SSN+ACCT_NUM,13522
+NAME+DOB+ADDRESS+PHONE+PASSPORT,13371
+NAME+DOB+ACCT_NUM,13083
+PNAME+ADDRESS+PHONE+SSN+PASSPORT,12878
+NAME+DRLIC,12608
+NAME+PHONE+SSN+PASSPORT+ACCT_NUM,12447
+NAME+DOB+SSN+ACCT_NUM,12421
+NAME+PHONE+PASSPORT+ACCT_NUM,12247
+PNAME+DOB+ADDRESS+SSN,12227
+PNAME+PHONE+SSN+PASSPORT,11882
+NAME+DOB+PHONE+SSN+PASSPORT,11562
+PNAME+DOB+SSN,11402
+NAME+PASSPORT,11189
+NAME+DOB+PHONE+PASSPORT,11165
+PNAME+ADDRESS+PHONE+PASSPORT,11162
+PNAME+ADDRESS+PHONE+DRLIC,10618
+NAME+ADDRESS+SSN+LOGIN_ID,10562
+NAME+ADDRESS+LOGIN_ID,10414
+PNAME+DOB+ADDRESS+PHONE+ACCT_NUM,10365
+PNAME+DOB+ADDRESS+PHONE+SSN+ACCT_NUM,10318
+NAME+LOGIN_ID,10257
+NAME+SSN+LOGIN_ID,9984
+PNAME+DOB+PHONE+ACCT_NUM,9831
+NAME+ADDRESS+SSN+DRLIC+ACCT_NUM,9628
+NAME+ADDRESS+PHONE+SSN+DRLIC+PASSPORT,9576
+PNAME+ADDRESS+SSN+DRLIC,9573
+PNAME+DOB+PHONE+SSN+ACCT_NUM,9520
+NAME+ADDRESS+DRLIC+ACCT_NUM,9440
+NAME+ADDRESS+PHONE+DRLIC+PASSPORT,9282
+NAME+DOB+ADDRESS+SSN+DRLIC,9219
+NAME+SSN+DRLIC+ACCT_NUM,9144
+PNAME+PHONE+DRLIC,9083
+NAME+DOB+ADDRESS+DRLIC,8943
+NAME+DRLIC+ACCT_NUM,8751
+NAME+PHONE+SSN+DRLIC+PASSPORT,8477
+NAME+DOB+SSN+DRLIC,8437
+PNAME+PHONE+PASSPORT,8340
+NAME+PHONE+DRLIC+PASSPORT,8322
+NAME+ADDRESS+PHONE+LOGIN_ID+ACCT_NUM,8301
+NAME+DOB+DRLIC,8252
+PNAME+SSN+DRLIC,8109
+NAME+DOB+ADDRESS+PHONE+LOGIN_ID,8047
+NAME+DOB+ADDRESS+PHONE+DRLIC+ACCT_NUM,7766
+NAME+ADDRESS+PHONE+SSN+LOGIN_ID+ACCT_NUM,7761
+PNAME+ADDRESS+PHONE+SSN+LOGIN_ID,7668
+NAME+DOB+ADDRESS+PHONE+SSN+LOGIN_ID,7666
+NAME+DOB+ADDRESS+PHONE+SSN+DRLIC+ACCT_NUM,7625
+PNAME+ADDRESS+PHONE+LOGIN_ID,7527
+PNAME+PHONE+SSN+LOGIN_ID,7515
+PNAME+PHONE+LOGIN_ID,7506
+NAME+ADDRESS+PASSPORT+ACCT_NUM,7387
+PNAME+ADDRESS+PHONE+SSN+DRLIC+ACCT_NUM,7383
+NAME+PHONE+LOGIN_ID+ACCT_NUM,7379
+NAME+ADDRESS+SSN+PASSPORT+ACCT_NUM,7355
+NAME+DOB+PHONE+LOGIN_ID,7231
+PNAME+ADDRESS+PHONE+DRLIC+ACCT_NUM,7187
+NAME+PHONE+SSN+LOGIN_ID+ACCT_NUM,7169
+NAME+DOB+ADDRESS+SSN+PASSPORT,6987
+PNAME+DOB+ADDRESS+PHONE+SSN+DRLIC,6930
+PNAME+ADDRESS+SSN+PASSPORT,6859
+NAME+DOB+PHONE+SSN+LOGIN_ID,6856
+PNAME+DOB+ADDRESS+PHONE+DRLIC,6793
+PNAME+PHONE+DRLIC+ACCT_NUM,6777
+NAME+SSN+PASSPORT+ACCT_NUM,6767
+NAME+PASSPORT+ACCT_NUM,6746
+PNAME+PHONE+SSN+DRLIC+ACCT_NUM,6734
+NAME+DOB+PHONE+DRLIC+ACCT_NUM,6717
+NAME+DOB+ADDRESS+PASSPORT,6545
+PNAME+SSN+PASSPORT,6518
+NAME+DOB+PHONE+SSN+DRLIC+ACCT_NUM,6438
+NAME+DOB+SSN+PASSPORT,6289
+PNAME+DOB+PHONE+DRLIC,6276
+PNAME+DOB+PHONE+SSN+DRLIC,6175
+NAME+DOB+ADDRESS+PHONE+PASSPORT+ACCT_NUM,6038
+PNAME+DOB+ACCT_NUM,5861
+PNAME+DOB+ADDRESS+ACCT_NUM,5823
+NAME+DOB+ADDRESS+PHONE+SSN+PASSPORT+ACCT_NUM,5725
+PNAME+ADDRESS+PHONE+SSN+PASSPORT+ACCT_NUM,5722
+PNAME+DOB+ADDRESS+SSN+ACCT_NUM,5719
+NAME+ADDRESS+PHONE+DRLIC+LOGIN_ID,5659
+NAME+DOB+PASSPORT,5546
+DOB+ADDRESS+PHONE+SSN,5440
+NAME+ADDRESS+PHONE+SSN+DRLIC+LOGIN_ID,5432
+PNAME+ADDRESS+PHONE+PASSPORT+ACCT_NUM,5421
+PNAME+DOB+SSN+ACCT_NUM,5418
+PNAME+ADDRESS+DRLIC,5413
+PNAME+DOB+ADDRESS+PHONE+SSN+PASSPORT,5303
+PNAME+PHONE+PASSPORT+ACCT_NUM,5199
+PNAME+PHONE+SSN+PASSPORT+ACCT_NUM,5194
+NAME+DOB+PHONE+PASSPORT+ACCT_NUM,5062
+NAME+ADDRESS+SSN+DRLIC+PASSPORT,5056
+PNAME+DOB+ADDRESS+PHONE+PASSPORT,4957
+NAME+ADDRESS+DRLIC+PASSPORT,4933
+PNAME+ADDRESS+PASSPORT,4929
+NAME+PHONE+SSN+DRLIC+LOGIN_ID,4905
+NAME+DOB+PHONE+SSN+PASSPORT+ACCT_NUM,4864
+PNAME+DOB+PHONE+SSN+PASSPORT,4771
+NAME+PHONE+DRLIC+LOGIN_ID,4713
+NAME+ADDRESS+PHONE+DRLIC+PASSPORT+ACCT_NUM,4537
+NAME+SSN+DRLIC+PASSPORT,4500
+PNAME+ADDRESS+LOGIN_ID,4445
+PNAME+ADDRESS+SSN+LOGIN_ID,4381
+NAME+ADDRESS+SSN+LOGIN_ID+ACCT_NUM,4371
+PNAME+SSN+LOGIN_ID,4366
+NAME+ADDRESS+PHONE+PASSPORT+LOGIN_ID,4358
+NAME+DOB+ADDRESS+LOGIN_ID,4355
+NAME+ADDRESS+LOGIN_ID+ACCT_NUM,4222
+PNAME+DOB+PHONE+PASSPORT,4184
+NAME+DOB+ADDRESS+SSN+LOGIN_ID,4166
+NAME+ADDRESS+PHONE+SSN+DRLIC+PASSPORT+ACCT_NUM,4155
+NAME+ADDRESS+PHONE+SSN+PASSPORT+LOGIN_ID,4153
+NAME+DOB+ADDRESS+PHONE+DRLIC+PASSPORT,4144
+NAME+SSN+LOGIN_ID+ACCT_NUM,4127
+NAME+DOB+ADDRESS+PHONE+SSN+DRLIC+PASSPORT,4080
+PNAME+ADDRESS+SSN+DRLIC+ACCT_NUM,4033
+PNAME+SSN+DRLIC+ACCT_NUM,3991
+NAME+DOB+ADDRESS+DRLIC+ACCT_NUM,3986
+PNAME+ADDRESS+DRLIC+ACCT_NUM,3957
+NAME+DOB+SSN+LOGIN_ID,3897
+NAME+DOB+LOGIN_ID,3890
+NAME+DRLIC+PASSPORT,3877
+NAME+LOGIN_ID+ACCT_NUM,3858
+PNAME+ADDRESS+PHONE+SSN+DRLIC+PASSPORT,3800
+NAME+PHONE+SSN+PASSPORT+LOGIN_ID,3800
+NAME+DOB+ADDRESS+SSN+DRLIC+ACCT_NUM,3758
+PNAME+DOB+ADDRESS+SSN+DRLIC,3746
+NAME+PHONE+PASSPORT+LOGIN_ID,3731
+DOB+PHONE+SSN,3686
+PNAME+DOB+ADDRESS+DRLIC,3676
+NAME+PHONE+DRLIC+PASSPORT+ACCT_NUM,3586
+PNAME+DOB+SSN+DRLIC,3564
+NAME+DOB+DRLIC+ACCT_NUM,3525
+PNAME+ADDRESS+PHONE+DRLIC+PASSPORT,3523
+NAME+DOB+SSN+DRLIC+ACCT_NUM,3500
+NAME+DOB+PHONE+DRLIC+PASSPORT,3487
+NAME+PHONE+SSN+DRLIC+PASSPORT+ACCT_NUM,3482
+PNAME+PHONE+SSN+DRLIC+PASSPORT,3406
+NAME+DOB+ADDRESS+PHONE+LOGIN_ID+ACCT_NUM,3397
+NAME+DOB+PHONE+SSN+DRLIC+PASSPORT,3294
+PNAME+ADDRESS+PHONE+SSN+LOGIN_ID+ACCT_NUM,3238
+PNAME+DOB+ADDRESS+PHONE+SSN+LOGIN_ID,3144
+PNAME+DOB+ADDRESS+PHONE+LOGIN_ID,3138
+PNAME+ADDRESS+SSN+PASSPORT+ACCT_NUM,3060
+PNAME+ADDRESS+PASSPORT+ACCT_NUM,3048
+PNAME+DOB+ADDRESS+PHONE+SSN+DRLIC+ACCT_NUM,3045
+PNAME+ADDRESS+PHONE+LOGIN_ID+ACCT_NUM,3028
+NAME+DOB+ADDRESS+PASSPORT+ACCT_NUM,3006
+PNAME+PHONE+SSN+LOGIN_ID+ACCT_NUM,2994
+PNAME+SSN+PASSPORT+ACCT_NUM,2984
+PNAME+DOB+ADDRESS+PHONE+DRLIC+ACCT_NUM,2935
+NAME+DOB+PHONE+LOGIN_ID+ACCT_NUM,2929
+NAME+ADDRESS+SSN+DRLIC+LOGIN_ID,2922
+PNAME+PHONE+DRLIC+PASSPORT,2921
+NAME+DOB+ADDRESS+SSN+PASSPORT+ACCT_NUM,2905
+NAME+DOB+ADDRESS+PHONE+SSN+LOGIN_ID+ACCT_NUM,2882
+PNAME+DOB+PHONE+SSN+LOGIN_ID,2881
+NAME+ADDRESS+DRLIC+LOGIN_ID,2879
+PNAME+PHONE+LOGIN_ID+ACCT_NUM,2879
+PNAME+DOB+PHONE+LOGIN_ID,2860
+PNAME+DOB+ADDRESS+SSN+PASSPORT,2789
+PNAME+DOB+PHONE+DRLIC+ACCT_NUM,2779
+NAME+SSN+DRLIC+LOGIN_ID,2775
+NAME+DOB+PASSPORT+ACCT_NUM,2747
+NAME+DOB+PHONE+SSN+LOGIN_ID+ACCT_NUM,2685
+NAME+ADDRESS+PHONE+DRLIC+LOGIN_ID+ACCT_NUM,2639
+PNAME+DOB+SSN+PASSPORT,2630
+NAME+DOB+SSN+PASSPORT+ACCT_NUM,2609
+PNAME+DOB+PHONE+SSN+DRLIC+ACCT_NUM,2589
+NAME+DRLIC+LOGIN_ID,2585
+PNAME+DOB+ADDRESS+PASSPORT,2523
+DOB+ADDRESS+PHONE+SSN+ACCT_NUM,2519
+NAME+DOB+ADDRESS+PHONE+DRLIC+LOGIN_ID,2472
+PNAME+DOB+ADDRESS+PHONE+PASSPORT+ACCT_NUM,2313
+NAME+ADDRESS+SSN+PASSPORT+LOGIN_ID,2309
+DOB+ADDRESS+PHONE+SSN+DRLIC,2255
+PNAME+ADDRESS+PHONE+SSN+DRLIC+LOGIN_ID,2241
+PNAME+DOB+ADDRESS+PHONE+SSN+PASSPORT+ACCT_NUM,2226
+NAME+ADDRESS+PASSPORT+LOGIN_ID,2211
+NAME+ADDRESS+DRLIC+PASSPORT+ACCT_NUM,2168
+PNAME+DOB+DRLIC,2159
+NAME+ADDRESS+SSN+DRLIC+PASSPORT+ACCT_NUM,2125
+PNAME+ADDRESS+PHONE+DRLIC+LOGIN_ID,2103
+NAME+PHONE+DRLIC+LOGIN_ID+ACCT_NUM,2093
+PNAME+PHONE+SSN+DRLIC+LOGIN_ID,2078
+NAME+ADDRESS+PHONE+PASSPORT+LOGIN_ID+ACCT_NUM,2072
+NAME+ADDRESS+PHONE+SSN+DRLIC+LOGIN_ID+ACCT_NUM,2070
+NAME+SSN+PASSPORT+LOGIN_ID,2070
+PNAME+ADDRESS+SSN+DRLIC+PASSPORT,2068
+PNAME+DOB+PHONE+SSN+PASSPORT+ACCT_NUM,2053
+NAME+PASSPORT+LOGIN_ID,2031
+NAME+DOB+PHONE+DRLIC+LOGIN_ID,2025
+NAME+DOB+ADDRESS+PHONE+SSN+DRLIC+LOGIN_ID,2024
+SURNAME+DOB+ADDRESS+PHONE+SSN,2021
+PNAME+PHONE+DRLIC+LOGIN_ID,2001
+PNAME+DOB+PHONE+PASSPORT+ACCT_NUM,1996
+NAME+DOB+ADDRESS+SSN+DRLIC+PASSPORT,1990
+PNAME+DOB+PASSPORT,1972
+NAME+DOB+ADDRESS+DRLIC+PASSPORT,1944
+NAME+SSN+DRLIC+PASSPORT+ACCT_NUM,1935
+PNAME+SSN+DRLIC+PASSPORT,1899
+NAME+DOB+DRLIC+PASSPORT,1889
+NAME+DOB+PHONE+SSN+DRLIC+LOGIN_ID,1889
+NAME+PHONE+SSN+DRLIC+LOGIN_ID+ACCT_NUM,1849
+DOB+ADDRESS+PHONE+SSN+PASSPORT,1848
+NAME+DOB+ADDRESS+PHONE+DRLIC+PASSPORT+ACCT_NUM,1834
+NAME+DOB+ADDRESS+PHONE+PASSPORT+LOGIN_ID,1833
+NAME+DOB+ADDRESS+LOGIN_ID+ACCT_NUM,1821
+NAME+DRLIC+PASSPORT+ACCT_NUM,1820
+NAME+DOB+ADDRESS+PHONE+SSN+DRLIC+PASSPORT+ACCT_NUM,1793
+PNAME+SSN+LOGIN_ID+ACCT_NUM,1784
+PNAME+DOB+LOGIN_ID,1782
+PNAME+ADDRESS+SSN+LOGIN_ID+ACCT_NUM,1764
+DOB+ADDRESS+SSN,1749
+NAME+DOB+SSN+DRLIC+PASSPORT,1742
+PNAME+DOB+ADDRESS+SSN+LOGIN_ID,1716
+PNAME+DOB+ADDRESS+LOGIN_ID,1705
+PNAME+ADDRESS+DRLIC+PASSPORT,1703
+NAME+DOB+ADDRESS+SSN+LOGIN_ID+ACCT_NUM,1691
+PNAME+ADDRESS+PHONE+SSN+PASSPORT+LOGIN_ID,1687
+PNAME+ADDRESS+LOGIN_ID+ACCT_NUM,1681
+PNAME+ADDRESS+PHONE+SSN+DRLIC+PASSPORT+ACCT_NUM,1653
+NAME+DOB+LOGIN_ID+ACCT_NUM,1622
+PNAME+DOB+ADDRESS+SSN+DRLIC+ACCT_NUM,1611
+NAME+PHONE+PASSPORT+LOGIN_ID+ACCT_NUM,1609
+PNAME+ADDRESS+PHONE+DRLIC+PASSPORT+ACCT_NUM,1606
+NAME+ADDRESS+PHONE+SSN+PASSPORT+LOGIN_ID+ACCT_NUM,1605
+PNAME+DOB+SSN+LOGIN_ID,1605
+PNAME+PHONE+SSN+PASSPORT+LOGIN_ID,1604
+PNAME+DOB+ADDRESS+PHONE+SSN+DRLIC+PASSPORT,1588
+PNAME+DOB+ADDRESS+PHONE+DRLIC+PASSPORT,1586
+PNAME+DOB+DRLIC+ACCT_NUM,1574
+PNAME+ADDRESS+PHONE+PASSPORT+LOGIN_ID,1574
+DOB+PHONE+SSN+ACCT_NUM,1574
+NAME+DOB+PHONE+PASSPORT+LOGIN_ID,1551
+NAME+DOB+ADDRESS+PHONE+SSN+PASSPORT+LOGIN_ID,1549
+PNAME+DOB+ADDRESS+DRLIC+ACCT_NUM,1531
+NAME+DOB+SSN+LOGIN_ID+ACCT_NUM,1521
+NAME+DOB+PHONE+DRLIC+PASSPORT+ACCT_NUM,1515
+NAME+PHONE+SSN+PASSPORT+LOGIN_ID+ACCT_NUM,1511
+NAME+DOB+PHONE+SSN+PASSPORT+LOGIN_ID,1462
+PNAME+DOB+SSN+DRLIC+ACCT_NUM,1449
+PNAME+DOB+PHONE+DRLIC+PASSPORT,1449
+PNAME+PHONE+PASSPORT+LOGIN_ID,1443
+PNAME+PHONE+SSN+DRLIC+PASSPORT+ACCT_NUM,1433
+PNAME+PHONE+DRLIC+PASSPORT+ACCT_NUM,1415
+DOB+PHONE+SSN+DRLIC,1402
+NAME+DOB+PHONE+SSN+DRLIC+PASSPORT+ACCT_NUM,1399
+PNAME+DOB+ADDRESS+PHONE+SSN+LOGIN_ID+ACCT_NUM,1377
+NAME+ADDRESS+PHONE+DRLIC+PASSPORT+LOGIN_ID,1355
+PNAME+DOB+PHONE+SSN+DRLIC+PASSPORT,1346
+NAME+ADDRESS+DRLIC+LOGIN_ID+ACCT_NUM,1296
+PNAME+DOB+ADDRESS+PHONE+LOGIN_ID+ACCT_NUM,1277
+NAME+ADDRESS+SSN+DRLIC+LOGIN_ID+ACCT_NUM,1242
+PNAME+DOB+ADDRESS+PASSPORT+ACCT_NUM,1224
+PNAME+ADDRESS+SSN+DRLIC+LOGIN_ID,1215
+NAME+DOB+ADDRESS+DRLIC+LOGIN_ID,1212
+SURNAME+DOB+PHONE+SSN,1208
+PNAME+SSN+DRLIC+LOGIN_ID,1202
+PNAME+DOB+ADDRESS+SSN+PASSPORT+ACCT_NUM,1199
+PNAME+DOB+PHONE+LOGIN_ID+ACCT_NUM,1199
+PNAME+DOB+PASSPORT+ACCT_NUM,1181
+NAME+SSN+DRLIC+LOGIN_ID+ACCT_NUM,1170
+PNAME+ADDRESS+DRLIC+LOGIN_ID,1166
+NAME+DOB+ADDRESS+SSN+DRLIC+LOGIN_ID,1158
+NAME+ADDRESS+PHONE+SSN+DRLIC+PASSPORT+LOGIN_ID,1143
+NAME+PHONE+DRLIC+PASSPORT+LOGIN_ID,1138
+DOB+PHONE+SSN+PASSPORT,1128
+PNAME+DOB+PHONE+SSN+LOGIN_ID+ACCT_NUM,1128
+DOB+ADDRESS+PHONE+SSN+DRLIC+ACCT_NUM,1120
+PNAME+DOB+SSN+PASSPORT+ACCT_NUM,1118
+NAME+DOB+DRLIC+LOGIN_ID,1099
+NAME+DRLIC+LOGIN_ID+ACCT_NUM,1058
+NAME+DOB+SSN+DRLIC+LOGIN_ID,1043
+NAME+PHONE+SSN+DRLIC+PASSPORT+LOGIN_ID,1030
+NAME+DOB+ADDRESS+PHONE+DRLIC+LOGIN_ID+ACCT_NUM,988
+SURNAME+DOB+ADDRESS+PHONE+SSN+ACCT_NUM,964
+NAME+ADDRESS+PASSPORT+LOGIN_ID+ACCT_NUM,958
+DOB+ADDRESS+PHONE+SSN+PASSPORT+ACCT_NUM,955
+NAME+DOB+ADDRESS+PASSPORT+LOGIN_ID,948
+PNAME+ADDRESS+SSN+PASSPORT+LOGIN_ID,942
+PNAME+ADDRESS+PHONE+SSN+DRLIC+LOGIN_ID+ACCT_NUM,920
+PNAME+DOB+ADDRESS+PHONE+DRLIC+LOGIN_ID,915
+NAME+DOB+ADDRESS+DRLIC+PASSPORT+ACCT_NUM,900
+PNAME+DOB+ADDRESS+PHONE+SSN+DRLIC+LOGIN_ID,897
+NAME+DOB+ADDRESS+SSN+PASSPORT+LOGIN_ID,897
+NAME+ADDRESS+SSN+PASSPORT+LOGIN_ID+ACCT_NUM,890
+PNAME+ADDRESS+PASSPORT+LOGIN_ID,887
+SURNAME+DOB+ADDRESS+PHONE+SSN+DRLIC,883
+NAME+DOB+PHONE+DRLIC+LOGIN_ID+ACCT_NUM,881
+PNAME+ADDRESS+DRLIC+PASSPORT+ACCT_NUM,868
+PNAME+ADDRESS+SSN+DRLIC+PASSPORT+ACCT_NUM,860
+PNAME+DOB+SSN+DRLIC+PASSPORT,855
+PNAME+ADDRESS+PHONE+DRLIC+LOGIN_ID+ACCT_NUM,850
+PNAME+DOB+PHONE+DRLIC+LOGIN_ID,841
+PNAME+DOB+ADDRESS+DRLIC+PASSPORT,837
+PNAME+SSN+DRLIC+PASSPORT+ACCT_NUM,837
+PNAME+PHONE+SSN+DRLIC+LOGIN_ID+ACCT_NUM,835
+NAME+SSN+PASSPORT+LOGIN_ID+ACCT_NUM,831
+NAME+DOB+ADDRESS+SSN+DRLIC+PASSPORT+ACCT_NUM,828
+NAME+DOB+PASSPORT+LOGIN_ID,824
+PNAME+SSN+PASSPORT+LOGIN_ID,822
+NAME+DOB+SSN+PASSPORT+LOGIN_ID,817
+NAME+PASSPORT+LOGIN_ID+ACCT_NUM,811
+PNAME+PHONE+DRLIC+LOGIN_ID+ACCT_NUM,810
+PNAME+DOB+PHONE+SSN+DRLIC+LOGIN_ID,799
+NAME+DOB+ADDRESS+PHONE+PASSPORT+LOGIN_ID+ACCT_NUM,780
+NAME+DOB+ADDRESS+PHONE+SSN+DRLIC+LOGIN_ID+ACCT_NUM,776
+PNAME+DOB+ADDRESS+SSN+DRLIC+PASSPORT,769
+NAME+DOB+DRLIC+PASSPORT+ACCT_NUM,761
+NAME+DOB+SSN+DRLIC+PASSPORT+ACCT_NUM,742
+DOB+ADDRESS+SSN+ACCT_NUM,738
+PNAME+DOB+ADDRESS+PHONE+SSN+DRLIC+PASSPORT+ACCT_NUM,735
+NAME+ADDRESS+PHONE+DRLIC+PASSPORT+LOGIN_ID+ACCT_NUM,731
+PNAME+DOB+ADDRESS+PHONE+SSN+PASSPORT+LOGIN_ID,728
+SURNAME+DOB+ADDRESS+PHONE+SSN+PASSPORT,725
+PNAME+ADDRESS+PHONE+SSN+PASSPORT+LOGIN_ID+ACCT_NUM,721
+PNAME+DOB+ADDRESS+LOGIN_ID+ACCT_NUM,717
+PNAME+DOB+ADDRESS+PHONE+DRLIC+PASSPORT+ACCT_NUM,712
+NAME+DOB+PHONE+SSN+DRLIC+LOGIN_ID+ACCT_NUM,702
+PNAME+DOB+LOGIN_ID+ACCT_NUM,700
+PNAME+DOB+ADDRESS+SSN+LOGIN_ID+ACCT_NUM,695
+PNAME+DOB+ADDRESS+PHONE+PASSPORT+LOGIN_ID,694
+PNAME+DOB+DRLIC+PASSPORT,693
+DOB+ADDRESS+PHONE+SSN+DRLIC+PASSPORT,689
+PNAME+DOB+SSN+LOGIN_ID+ACCT_NUM,688
+NAME+ADDRESS+DRLIC+PASSPORT+LOGIN_ID,666
+DOB+ADDRESS+PHONE+SSN+LOGIN_ID,665
+NAME+ADDRESS+SSN+DRLIC+PASSPORT+LOGIN_ID,664
+DOB+ADDRESS+SSN+DRLIC,659
+PNAME+DOB+PHONE+PASSPORT+LOGIN_ID,650
+PNAME+PHONE+PASSPORT+LOGIN_ID+ACCT_NUM,638
+PNAME+DOB+PHONE+SSN+PASSPORT+LOGIN_ID,637
+PNAME+ADDRESS+PHONE+PASSPORT+LOGIN_ID+ACCT_NUM,634
+PNAME+PHONE+SSN+PASSPORT+LOGIN_ID+ACCT_NUM,633
+DOB+PHONE+SSN+DRLIC+ACCT_NUM,632
+NAME+DOB+PHONE+PASSPORT+LOGIN_ID+ACCT_NUM,625
+NAME+DOB+ADDRESS+PHONE+SSN+PASSPORT+LOGIN_ID+ACCT_NUM,612
+PNAME+DOB+PHONE+SSN+DRLIC+PASSPORT+ACCT_NUM,603
+PNAME+DOB+PHONE+DRLIC+PASSPORT+ACCT_NUM,597
+SURNAME+DOB+ADDRESS+SSN,583
+NAME+DRLIC+PASSPORT+LOGIN_ID,570
+NAME+SSN+DRLIC+PASSPORT+LOGIN_ID,565
+NAME+DOB+ADDRESS+PHONE+DRLIC+PASSPORT+LOGIN_ID,544
+NAME+DOB+PHONE+SSN+PASSPORT+LOGIN_ID+ACCT_NUM,543
+SURNAME+DOB+PHONE+SSN+ACCT_NUM,541
+NAME+DOB+ADDRESS+DRLIC+LOGIN_ID+ACCT_NUM,536
+DOB+ADDRESS+SSN+PASSPORT,532
+PNAME+ADDRESS+SSN+DRLIC+LOGIN_ID+ACCT_NUM,530
+NAME+PHONE+DRLIC+PASSPORT+LOGIN_ID+ACCT_NUM,519
+PNAME+ADDRESS+DRLIC+LOGIN_ID+ACCT_NUM,495
+DOB+PHONE+SSN+PASSPORT+ACCT_NUM,486
+PNAME+DOB+ADDRESS+DRLIC+LOGIN_ID,485
+PNAME+DOB+SSN+DRLIC+LOGIN_ID,483
+NAME+DOB+PHONE+DRLIC+PASSPORT+LOGIN_ID,480
+SURNAME+DOB+PHONE+SSN+DRLIC,478
+PNAME+ADDRESS+PHONE+SSN+DRLIC+PASSPORT+LOGIN_ID,476
+PNAME+DOB+ADDRESS+SSN+DRLIC+LOGIN_ID,473
+PNAME+SSN+DRLIC+LOGIN_ID+ACCT_NUM,472
+PNAME+DOB+DRLIC+LOGIN_ID,466
+NAME+DOB+DRLIC+LOGIN_ID+ACCT_NUM,463
+PNAME+ADDRESS+PHONE+DRLIC+PASSPORT+LOGIN_ID,463
+NAME+DOB+ADDRESS+SSN+DRLIC+LOGIN_ID+ACCT_NUM,441
+NAME+DOB+SSN+DRLIC+LOGIN_ID+ACCT_NUM,430
+PNAME+PHONE+DRLIC+PASSPORT+LOGIN_ID,429
+NAME+ADDRESS+PHONE+SSN+DRLIC+PASSPORT+LOGIN_ID+ACCT_NUM,425
+NAME+DOB+ADDRESS+PHONE+SSN+DRLIC+PASSPORT+LOGIN_ID,421
+SURNAME+DOB+ADDRESS+PHONE+SSN+DRLIC+ACCT_NUM,421
+NAME+DOB+ADDRESS+PASSPORT+LOGIN_ID+ACCT_NUM,421
+DOB+PHONE+SSN+LOGIN_ID,418
+NAME+PHONE+SSN+DRLIC+PASSPORT+LOGIN_ID+ACCT_NUM,415
+PNAME+ADDRESS+SSN+PASSPORT+LOGIN_ID+ACCT_NUM,412
+SURNAME+DOB+PHONE+SSN+PASSPORT,403
+PNAME+DOB+ADDRESS+PHONE+SSN+DRLIC+LOGIN_ID+ACCT_NUM,398
+PNAME+PHONE+SSN+DRLIC+PASSPORT+LOGIN_ID,395
+PNAME+DOB+ADDRESS+PASSPORT+LOGIN_ID,387
+PNAME+DOB+ADDRESS+PHONE+DRLIC+LOGIN_ID+ACCT_NUM,384
+PNAME+SSN+PASSPORT+LOGIN_ID+ACCT_NUM,382
+NAME+DOB+PHONE+SSN+DRLIC+PASSPORT+LOGIN_ID,381
+LIKELY_NAME+ADDRESS+PHONE+SSN,381
+NAME+DOB+PASSPORT+LOGIN_ID+ACCT_NUM,378
+DOB+ADDRESS+PHONE+SSN+DRLIC+PASSPORT+ACCT_NUM,369
+PNAME+DOB+PHONE+DRLIC+LOGIN_ID+ACCT_NUM,363
+PNAME+DOB+ADDRESS+SSN+DRLIC+PASSPORT+ACCT_NUM,361
+DOB+ADDRESS+PHONE+SSN+LOGIN_ID+ACCT_NUM,359
+PNAME+DOB+ADDRESS+SSN+PASSPORT+LOGIN_ID,356
+DOB+PHONE+SSN+DRLIC+PASSPORT,356
+SURNAME+DOB+ADDRESS+PHONE+SSN+PASSPORT+ACCT_NUM,352
+PNAME+ADDRESS+PASSPORT+LOGIN_ID+ACCT_NUM,352
+NAME+ADDRESS+DRLIC+PASSPORT+LOGIN_ID+ACCT_NUM,345
+PNAME+DOB+DRLIC+PASSPORT+ACCT_NUM,339
+PNAME+DOB+ADDRESS+DRLIC+PASSPORT+ACCT_NUM,338
+NAME+DOB+SSN+PASSPORT+LOGIN_ID+ACCT_NUM,338
+PNAME+DOB+SSN+PASSPORT+LOGIN_ID,335
+NAME+DOB+ADDRESS+SSN+PASSPORT+LOGIN_ID+ACCT_NUM,333
+DOB+ADDRESS+PHONE+SSN+DRLIC+LOGIN_ID,331
+PNAME+DOB+PASSPORT+LOGIN_ID,325
+PNAME+DOB+PHONE+SSN+DRLIC+LOGIN_ID+ACCT_NUM,323
+PNAME+DOB+SSN+DRLIC+PASSPORT+ACCT_NUM,314
+PNAME+DOB+ADDRESS+PHONE+SSN+PASSPORT+LOGIN_ID+ACCT_NUM,313
+PNAME+DOB+ADDRESS+PHONE+PASSPORT+LOGIN_ID+ACCT_NUM,310
+DOB+ADDRESS+SSN+DRLIC+ACCT_NUM,295
+PNAME+SSN+DRLIC+PASSPORT+LOGIN_ID,277
+PNAME+ADDRESS+SSN+DRLIC+PASSPORT+LOGIN_ID,265
+SURNAME+DOB+ADDRESS+PHONE+SSN+DRLIC+PASSPORT,264
+DOB+ADDRESS+PHONE+SSN+PASSPORT+LOGIN_ID,262
+NAME+DOB+ADDRESS+DRLIC+PASSPORT+LOGIN_ID,260
+SURNAME+DOB+ADDRESS+PHONE+SSN+LOGIN_ID,256
+SURNAME+DOB+ADDRESS+SSN+DRLIC,255
+NAME+DRLIC+PASSPORT+LOGIN_ID+ACCT_NUM,251
+PNAME+DOB+PHONE+PASSPORT+LOGIN_ID+ACCT_NUM,250
+NAME+ADDRESS+SSN+DRLIC+PASSPORT+LOGIN_ID+ACCT_NUM,250
+PNAME+DOB+PHONE+SSN+PASSPORT+LOGIN_ID+ACCT_NUM,246
+SURNAME+DOB+ADDRESS+SSN+ACCT_NUM,245
+DOB+ADDRESS+SSN+PASSPORT+ACCT_NUM,241
+SURNAME+DOB+PHONE+SSN+DRLIC+ACCT_NUM,236
+PNAME+ADDRESS+DRLIC+PASSPORT+LOGIN_ID,234
+NAME+DOB+DRLIC+PASSPORT+LOGIN_ID,228
+DOB+PHONE+SSN+LOGIN_ID+ACCT_NUM,226
+PNAME+ADDRESS+PHONE+DRLIC+PASSPORT+LOGIN_ID+ACCT_NUM,222
+NAME+SSN+DRLIC+PASSPORT+LOGIN_ID+ACCT_NUM,222
+PNAME+ADDRESS+PHONE+SSN+DRLIC+PASSPORT+LOGIN_ID+ACCT_NUM,220
+NAME+DOB+ADDRESS+SSN+DRLIC+PASSPORT+LOGIN_ID,209
+PNAME+DOB+ADDRESS+SSN+DRLIC+LOGIN_ID+ACCT_NUM,208
+PNAME+DOB+ADDRESS+PHONE+DRLIC+PASSPORT+LOGIN_ID,206
+NAME+DOB+SSN+DRLIC+PASSPORT+LOGIN_ID,202
+SURNAME+DOB+PHONE+SSN+PASSPORT+ACCT_NUM,202
+NAME+DOB+PHONE+DRLIC+PASSPORT+LOGIN_ID+ACCT_NUM,198
+DOB+ADDRESS+SSN+LOGIN_ID,196
+PNAME+PHONE+DRLIC+PASSPORT+LOGIN_ID+ACCT_NUM,193
+SURNAME+DOB+ADDRESS+SSN+PASSPORT,191
+PNAME+DOB+SSN+DRLIC+LOGIN_ID+ACCT_NUM,190
+PNAME+DOB+ADDRESS+DRLIC+LOGIN_ID+ACCT_NUM,188
+PNAME+DOB+PHONE+SSN+DRLIC+PASSPORT+LOGIN_ID,188
+PNAME+DOB+DRLIC+LOGIN_ID+ACCT_NUM,187
+NAME+DOB+ADDRESS+PHONE+DRLIC+PASSPORT+LOGIN_ID+ACCT_NUM,187
+PNAME+DOB+ADDRESS+PHONE+SSN+DRLIC+PASSPORT+LOGIN_ID,186
+PNAME+PHONE+SSN+DRLIC+PASSPORT+LOGIN_ID+ACCT_NUM,181
+DOB+ADDRESS+SSN+DRLIC+PASSPORT,177
+PNAME+DOB+PHONE+DRLIC+PASSPORT+LOGIN_ID,176
+SURNAME+DOB+ADDRESS+PHONE+SSN+DRLIC+PASSPORT+ACCT_NUM,173
+DOB+ADDRESS+PHONE+SSN+DRLIC+LOGIN_ID+ACCT_NUM,170
+PNAME+DOB+ADDRESS+SSN+PASSPORT+LOGIN_ID+ACCT_NUM,169
+DOB+PHONE+SSN+PASSPORT+LOGIN_ID,169
+DOB+PHONE+SSN+DRLIC+PASSPORT+ACCT_NUM,168
+NAME+DOB+ADDRESS+PHONE+SSN+DRLIC+PASSPORT+LOGIN_ID+ACCT_NUM,166
+LIKELY_NAME+ADDRESS+PHONE+ACCT_NUM,165
+SURNAME+DOB+PHONE+SSN+LOGIN_ID,164
+DOB+PHONE+SSN+DRLIC+LOGIN_ID,164
+LIKELY_NAME+ADDRESS+PHONE+SSN+ACCT_NUM,159
+PNAME+DOB+ADDRESS+PASSPORT+LOGIN_ID+ACCT_NUM,155
+LIKELY_NAME+DOB+ADDRESS+PHONE+SSN,147
+PNAME+DOB+PASSPORT+LOGIN_ID+ACCT_NUM,147
+SURNAME+DOB+PHONE+SSN+DRLIC+PASSPORT,145
+NAME+DOB+PHONE+SSN+DRLIC+PASSPORT+LOGIN_ID+ACCT_NUM,144
+SURNAME+DOB+ADDRESS+PHONE+SSN+LOGIN_ID+ACCT_NUM,144
+PNAME+DOB+SSN+PASSPORT+LOGIN_ID+ACCT_NUM,136
+DOB+ADDRESS+PHONE+SSN+PASSPORT+LOGIN_ID+ACCT_NUM,133
+SURNAME+DOB+ADDRESS+PHONE+SSN+DRLIC+LOGIN_ID,132
+LIKELY_NAME+DOB+ADDRESS+PHONE,127
+LIKELY_NAME+ADDRESS+PHONE+SSN+DRLIC,123
+NAME+DOB+ADDRESS+DRLIC+PASSPORT+LOGIN_ID+ACCT_NUM,121
+SURNAME+DOB+ADDRESS+SSN+DRLIC+ACCT_NUM,118
+PNAME+ADDRESS+SSN+DRLIC+PASSPORT+LOGIN_ID+ACCT_NUM,116
+PNAME+DOB+ADDRESS+DRLIC+PASSPORT+LOGIN_ID,110
+PNAME+SSN+DRLIC+PASSPORT+LOGIN_ID+ACCT_NUM,110
+PNAME+ADDRESS+DRLIC+PASSPORT+LOGIN_ID+ACCT_NUM,107
+LIKELY_NAME+ADDRESS+PHONE+SSN+PASSPORT,104
+DOB+ADDRESS+SSN+LOGIN_ID+ACCT_NUM,103
+PNAME+DOB+SSN+DRLIC+PASSPORT+LOGIN_ID,102
+PNAME+DOB+ADDRESS+SSN+DRLIC+PASSPORT+LOGIN_ID,98
+PNAME+DOB+ADDRESS+PHONE+SSN+DRLIC+PASSPORT+LOGIN_ID+ACCT_NUM,95
+LIKELY_NAME+DOB+PHONE+SSN,93
+NAME+DOB+DRLIC+PASSPORT+LOGIN_ID+ACCT_NUM,92
+PNAME+DOB+DRLIC+PASSPORT+LOGIN_ID,92
+SURNAME+DOB+ADDRESS+PHONE+SSN+PASSPORT+LOGIN_ID,91
+DOB+ADDRESS+PHONE+SSN+DRLIC+PASSPORT+LOGIN_ID,91
+SURNAME+DOB+ADDRESS+SSN+PASSPORT+ACCT_NUM,88
+PNAME+DOB+ADDRESS+PHONE+DRLIC+PASSPORT+LOGIN_ID+ACCT_NUM,87
+DOB+PHONE+SSN+DRLIC+LOGIN_ID+ACCT_NUM,87
+DOB+ADDRESS+SSN+DRLIC+PASSPORT+ACCT_NUM,86
+DOB+ADDRESS+SSN+DRLIC+LOGIN_ID,86
+PNAME+DOB+PHONE+DRLIC+PASSPORT+LOGIN_ID+ACCT_NUM,83
+LIKELY_NAME+ADDRESS+PHONE+PASSPORT,83
+NAME+DOB+ADDRESS+SSN+DRLIC+PASSPORT+LOGIN_ID+ACCT_NUM,80
+PNAME+DOB+PHONE+SSN+DRLIC+PASSPORT+LOGIN_ID+ACCT_NUM,74
+NAME+DOB+SSN+DRLIC+PASSPORT+LOGIN_ID+ACCT_NUM,74
+SURNAME+DOB+PHONE+SSN+DRLIC+PASSPORT+ACCT_NUM,74
+LIKELY_NAME+DOB+SSN,72
+LIKELY_NAME+DOB+ADDRESS+PHONE+SSN+ACCT_NUM,69
+LIKELY_NAME+ADDRESS+PHONE+DRLIC,68
+SURNAME+DOB+ADDRESS+PHONE+SSN+DRLIC+LOGIN_ID+ACCT_NUM,67
+SURNAME+DOB+PHONE+SSN+LOGIN_ID+ACCT_NUM,67
+DOB+PHONE+SSN+PASSPORT+LOGIN_ID+ACCT_NUM,64
+DOB+ADDRESS+SSN+PASSPORT+LOGIN_ID,63
+LIKELY_NAME+DOB+PHONE+SSN+ACCT_NUM,63
+LIKELY_NAME+DOB+ADDRESS+PHONE+ACCT_NUM,60
+DOB+PHONE+SSN+DRLIC+PASSPORT+LOGIN_ID,59
+SURNAME+DOB+PHONE+SSN+DRLIC+LOGIN_ID,59
+LIKELY_NAME+DOB+ADDRESS+SSN,58
+DOB+ADDRESS+PHONE+SSN+DRLIC+PASSPORT+LOGIN_ID+ACCT_NUM,58
+SURNAME+ADDRESS+PHONE+SSN,54
+LIKELY_NAME+DOB+ADDRESS+PHONE+SSN+DRLIC,51
+SURNAME+DOB+ADDRESS+SSN+DRLIC+PASSPORT,50
+PNAME+DOB+ADDRESS+DRLIC+PASSPORT+LOGIN_ID+ACCT_NUM,49
+SURNAME+DOB+ADDRESS+PHONE+SSN+PASSPORT+LOGIN_ID+ACCT_NUM,49
+SURNAME+DOB+ADDRESS+SSN+LOGIN_ID,49
+LIKELY_NAME+ADDRESS+PHONE+LOGIN_ID,48
+PNAME+DOB+DRLIC+PASSPORT+LOGIN_ID+ACCT_NUM,46
+SURNAME+DOB+PHONE+SSN+PASSPORT+LOGIN_ID,46
+LIKELY_NAME+DOB+ADDRESS+PHONE+DRLIC,44
+DOB+ADDRESS+SSN+DRLIC+LOGIN_ID+ACCT_NUM,43
+LIKELY_NAME+ADDRESS+PHONE+DRLIC+ACCT_NUM,42
+LIKELY_NAME+ADDRESS+PHONE+SSN+DRLIC+ACCT_NUM,41
+LIKELY_NAME+DOB+ADDRESS+SSN+ACCT_NUM,40
+DOB+ADDRESS+SSN+PASSPORT+LOGIN_ID+ACCT_NUM,39
+LIKELY_NAME+DOB+ADDRESS+PHONE+SSN+PASSPORT,38
+LIKELY_NAME+ADDRESS+PHONE+PASSPORT+ACCT_NUM,38
+LIKELY_NAME+ADDRESS+PHONE+SSN+PASSPORT+ACCT_NUM,36
+SURNAME+DOB+PHONE+SSN+DRLIC+LOGIN_ID+ACCT_NUM,36
+LIKELY_NAME+ADDRESS+PHONE+SSN+LOGIN_ID,36
+PNAME+DOB+SSN+DRLIC+PASSPORT+LOGIN_ID+ACCT_NUM,36
+LIKELY_NAME+DOB+ADDRESS+PHONE+PASSPORT,36
+SURNAME+DOB+ADDRESS+SSN+DRLIC+LOGIN_ID,34
+LIKELY_NAME+DOB+SSN+ACCT_NUM,34
+PNAME+DOB+ADDRESS+SSN+DRLIC+PASSPORT+LOGIN_ID+ACCT_NUM,33
+SURNAME+DOB+ADDRESS+PHONE+SSN+DRLIC+PASSPORT+LOGIN_ID,33
+LIKELY_NAME+DOB+PHONE+SSN+DRLIC,33
+LIKELY_NAME+DOB+PHONE+SSN+PASSPORT,29
+SURNAME+DOB+ADDRESS+SSN+LOGIN_ID+ACCT_NUM,29
+SURNAME+DOB+ADDRESS+SSN+DRLIC+PASSPORT+ACCT_NUM,28
+SURNAME+DOB+ADDRESS+SSN+PASSPORT+LOGIN_ID,27
+SURNAME+DOB+ADDRESS+PHONE+SSN+DRLIC+PASSPORT+LOGIN_ID+ACCT_NUM,27
+LIKELY_NAME+DOB+SSN+DRLIC,26
+LIKELY_NAME+DOB+PHONE+SSN+LOGIN_ID,26
+SURNAME+ADDRESS+PHONE+SSN+ACCT_NUM,25
+LIKELY_NAME+ADDRESS+PHONE+SSN+DRLIC+PASSPORT,24
+SURNAME+DOB+PHONE+SSN+PASSPORT+LOGIN_ID+ACCT_NUM,23
+LIKELY_NAME+DOB+ADDRESS+PHONE+SSN+PASSPORT+ACCT_NUM,23
+LIKELY_NAME+ADDRESS+PHONE+LOGIN_ID+ACCT_NUM,23
+SURNAME+ADDRESS+PHONE+ACCT_NUM,22
+LIKELY_NAME+ADDRESS+PHONE+SSN+LOGIN_ID+ACCT_NUM,21
+LIKELY_NAME+DOB+ADDRESS+PHONE+PASSPORT+ACCT_NUM,21
+LIKELY_NAME+DOB+ADDRESS+SSN+DRLIC,20
+LIKELY_NAME+DOB+ADDRESS+PHONE+DRLIC+ACCT_NUM,19
+LIKELY_NAME+DOB+ADDRESS+PHONE+SSN+LOGIN_ID,19
+LIKELY_NAME+DOB+PHONE+SSN+DRLIC+ACCT_NUM,19
+DOB+PHONE+SSN+DRLIC+PASSPORT+LOGIN_ID+ACCT_NUM,19
+LIKELY_NAME+DOB+SSN+PASSPORT,17
+LIKELY_NAME+ADDRESS+PHONE+DRLIC+PASSPORT,17
+DOB+ADDRESS+SSN+DRLIC+PASSPORT+LOGIN_ID,16
+LIKELY_NAME+DOB+ADDRESS+PHONE+SSN+DRLIC+ACCT_NUM,16
+SURNAME+DOB+ADDRESS+PHONE,15
+NAME+ADDRESS+PHONE+SSN-DRLIC,15
+LIKELY_NAME+DOB+ADDRESS+PHONE+LOGIN_ID,15
+SURNAME+DOB+ADDRESS+PHONE+ACCT_NUM,15
+LIKELY_NAME+DOB+ADDRESS+SSN+DRLIC+ACCT_NUM,14
+SURNAME+DOB+PHONE+SSN+DRLIC+PASSPORT+LOGIN_ID+ACCT_NUM,13
+LIKELY_NAME+ADDRESS+PHONE+PASSPORT+LOGIN_ID,13
+LIKELY_NAME+ADDRESS+PHONE+SSN+DRLIC+LOGIN_ID,13
+NAME+PHONE+SSN-DRLIC,13
+LIKELY_NAME+DOB+ADDRESS+SSN+PASSPORT+ACCT_NUM,13
+SURNAME+DOB+ADDRESS+SSN+PASSPORT+LOGIN_ID+ACCT_NUM,13
+LIKELY_NAME+DOB+ADDRESS+SSN+PASSPORT,13
+LIKELY_NAME+DOB+SSN+DRLIC+ACCT_NUM,12
+SURNAME+ADDRESS+PHONE+SSN+PASSPORT,12
+LIKELY_NAME+DOB+ADDRESS+PHONE+SSN+DRLIC+PASSPORT,12
+SURNAME+ADDRESS+PHONE+SSN+DRLIC,11
+LIKELY_NAME+ADDRESS+PHONE+SSN+PASSPORT+LOGIN_ID,11
+LIKELY_NAME+DOB+ADDRESS+PHONE+LOGIN_ID+ACCT_NUM,11
+NAME+DOB+ADDRESS+PHONE+SSN-DRLIC,11
+LIKELY_NAME+DOB+ADDRESS+PHONE+SSN+LOGIN_ID+ACCT_NUM,11
+LIKELY_NAME+ADDRESS+PHONE+DRLIC+LOGIN_ID,11
+LIKELY_NAME+DOB+PHONE+SSN+LOGIN_ID+ACCT_NUM,11
+SURNAME+DOB+PHONE+SSN+DRLIC+PASSPORT+LOGIN_ID,10
+LIKELY_NAME+DOB+PHONE+SSN+DRLIC+PASSPORT,10
+LIKELY_NAME+DOB+ADDRESS+PHONE+DRLIC+PASSPORT,10
+NAME+DOB+ADDRESS+PHONE+SSN+ACCT_NUM-DRLIC,10
+SURNAME+DOB+ADDRESS+SSN+DRLIC+LOGIN_ID+ACCT_NUM,10
+NAME+ADDRESS+SSN-DRLIC,10
+LIKELY_NAME+ADDRESS+PHONE+SSN+DRLIC+PASSPORT+ACCT_NUM,9
+NAME+PHONE+SSN+PASSPORT-DRLIC,9
+SURNAME+DOB+ADDRESS+PHONE+DRLIC,9
+SURNAME+DOB+SSN,9
+SURNAME+DOB+ADDRESS+SSN+DRLIC+PASSPORT+LOGIN_ID,9
+LIKELY_NAME+DOB+SSN+LOGIN_ID,8
+LIKELY_NAME+DOB+PHONE+SSN+PASSPORT+ACCT_NUM,8
+SURNAME+ADDRESS+PHONE+SSN+LOGIN_ID+ACCT_NUM,8
+NAME+ADDRESS+PHONE+SSN+ACCT_NUM-DRLIC,8
+NAME+DOB+PHONE+SSN-DRLIC,8
+SURNAME+ADDRESS+PHONE+SSN+DRLIC+ACCT_NUM,8
+SURNAME+ADDRESS+PHONE+PASSPORT+ACCT_NUM,8
+DOB+ADDRESS+SSN+DRLIC+PASSPORT+LOGIN_ID+ACCT_NUM,8
+LIKELY_NAME+ADDRESS+PHONE+SSN+PASSPORT+LOGIN_ID+ACCT_NUM,7
+NAME+DOB+ADDRESS+PHONE+SSN+PASSPORT-DRLIC,7
+LIKELY_NAME+DOB+SSN+DRLIC+PASSPORT,7
+LIKELY_NAME+ADDRESS+PHONE+DRLIC+PASSPORT+ACCT_NUM,7
+LIKELY_NAME+ADDRESS+PHONE+SSN+DRLIC+LOGIN_ID+ACCT_NUM,7
+SURNAME+ADDRESS+PHONE+SSN+LOGIN_ID,7
+SURNAME+ADDRESS+PHONE+SSN+DRLIC+PASSPORT,7
+LIKELY_NAME+DOB+SSN+PASSPORT+ACCT_NUM,7
+SURNAME+ADDRESS+PHONE+DRLIC,7
+LIKELY_NAME+DOB+ADDRESS+PHONE+DRLIC+LOGIN_ID,7
+NAME+PHONE+SSN+ACCT_NUM-DRLIC,7
+SURNAME+ADDRESS+PHONE+LOGIN_ID,6
+LIKELY_NAME+DOB+ADDRESS+PHONE+PASSPORT+LOGIN_ID,6
+LIKELY_NAME+DOB+PHONE+SSN+DRLIC+PASSPORT+ACCT_NUM,6
+LIKELY_NAME+DOB+SSN+LOGIN_ID+ACCT_NUM,6
+NAME+DOB+ADDRESS+SSN-DRLIC,6
+LIKELY_NAME+DOB+PHONE+SSN+PASSPORT+LOGIN_ID,6
+LIKELY_NAME+DOB+ADDRESS+SSN+LOGIN_ID,6
+NAME+ADDRESS+SSN+ACCT_NUM-DRLIC,6
+LIKELY_NAME+DOB+ADDRESS+PHONE+SSN+DRLIC+LOGIN_ID,6
+NAME+DOB+ADDRESS+PHONE+ACCT_NUM-DRLIC,5
+LIKELY_NAME+DOB+ADDRESS+PHONE+SSN+PASSPORT+LOGIN_ID,5
+SURNAME+DOB+ADDRESS+PHONE+PASSPORT,5
+SURNAME+DOB+ADDRESS+PHONE+DRLIC+ACCT_NUM,5
+NAME+DOB+ADDRESS+PHONE+SSN+LOGIN_ID-DRLIC,5
+SURNAME+ADDRESS+PHONE+PASSPORT,5
+NAME+DOB+PHONE+SSN+ACCT_NUM-DRLIC,5
+NAME+DOB+SSN-DRLIC,5
+SURNAME+ADDRESS+PHONE+DRLIC+ACCT_NUM,5
+LIKELY_NAME+ADDRESS+PHONE+PASSPORT+LOGIN_ID+ACCT_NUM,4
+NAME+DOB+ADDRESS+SSN+ACCT_NUM-DRLIC,4
+NAME+ADDRESS+SSN+LOGIN_ID-DRLIC,4
+NAME+ADDRESS+PHONE+SSN+PASSPORT-DRLIC,4
+LOGIN_ID,4
+LIKELY_NAME+DOB+ADDRESS+SSN+LOGIN_ID+ACCT_NUM,4
+LIKELY_NAME+DOB+ADDRESS+SSN+DRLIC+LOGIN_ID,4
+LIKELY_NAME+ADDRESS+PHONE+DRLIC+LOGIN_ID+ACCT_NUM,4
+SURNAME+ADDRESS+PHONE+SSN+PASSPORT+ACCT_NUM,4
+SURNAME+DOB+ADDRESS+SSN+DRLIC+PASSPORT+LOGIN_ID+ACCT_NUM,4
+SURNAME+ADDRESS+PHONE+LOGIN_ID+ACCT_NUM,3
+LIKELY_NAME+DOB+ADDRESS+PHONE+SSN+PASSPORT+LOGIN_ID+ACCT_NUM,3
+LIKELY_NAME+DOB+ADDRESS+SSN+DRLIC+LOGIN_ID+ACCT_NUM,3
+LIKELY_NAME+DOB+PHONE+SSN+DRLIC+LOGIN_ID+ACCT_NUM,3
+NAME+DOB+PHONE+LOGIN_ID-DRLIC,3
+LIKELY_NAME+DOB+PHONE+SSN+DRLIC+LOGIN_ID,3
+LIKELY_NAME+DOB+ADDRESS+PHONE+DRLIC+PASSPORT+ACCT_NUM,3
+SURNAME+DOB+SSN+PASSPORT,3
+LIKELY_NAME+DOB+ADDRESS+PHONE+SSN+DRLIC+LOGIN_ID+ACCT_NUM,3
+NAME+DOB+SSN+ACCT_NUM-DRLIC,3
+LIKELY_NAME+ADDRESS+PHONE+DRLIC+PASSPORT+LOGIN_ID,3
+SURNAME+ADDRESS+PHONE+SSN+DRLIC+LOGIN_ID+ACCT_NUM,3
+SURNAME+ADDRESS+PHONE+PASSPORT+LOGIN_ID,3
+NAME+DOB+PHONE+ACCT_NUM-SSN,2
+LIKELY_NAME+ADDRESS+PHONE+DRLIC+PASSPORT+LOGIN_ID+ACCT_NUM,2
+LIKELY_NAME+DOB+ADDRESS+PHONE+PASSPORT+LOGIN_ID+ACCT_NUM,2
+LIKELY_NAME+DOB+ADDRESS+PHONE+SSN+DRLIC+PASSPORT+ACCT_NUM,2
+LIKELY_NAME+DOB+ADDRESS+PHONE+SSN+DRLIC+PASSPORT+LOGIN_ID,2
+LIKELY_NAME+DOB+ADDRESS+SSN+DRLIC+PASSPORT+ACCT_NUM,2
+SSN+ACCT_NUM,2
+SURNAME+ADDRESS+PHONE+DRLIC+LOGIN_ID,2
+SURNAME+ADDRESS+PHONE+DRLIC+PASSPORT,2
+SURNAME+ADDRESS+PHONE+DRLIC+PASSPORT+ACCT_NUM,2
+LIKELY_NAME+DOB+PHONE+SSN+PASSPORT+LOGIN_ID+ACCT_NUM,2
+PNAME+DOB+ADDRESS+SSN+LOGIN_ID-DRLIC,2
+LIKELY_NAME+DOB+SSN+DRLIC+LOGIN_ID+ACCT_NUM,2
+SURNAME+ADDRESS+PHONE+SSN+DRLIC+LOGIN_ID,2
+PNAME+DOB+ADDRESS+SSN-DRLIC,2
+SURNAME+ADDRESS+PHONE+SSN+DRLIC+PASSPORT+ACCT_NUM,2
+LIKELY_NAME+DOB+SSN+PASSPORT+LOGIN_ID+ACCT_NUM,2
+SURNAME+DOB+SSN+PASSPORT+ACCT_NUM,2
+SURNAME+ADDRESS+PHONE+SSN+PASSPORT+LOGIN_ID+ACCT_NUM,2
+SURNAME+DOB+ADDRESS+PHONE+DRLIC+PASSPORT+ACCT_NUM,2
+SURNAME+DOB+ADDRESS+PHONE+LOGIN_ID+ACCT_NUM,2
+SURNAME+DOB+ADDRESS+PHONE+PASSPORT+LOGIN_ID+ACCT_NUM,2
+NAME+ADDRESS+PHONE+SSN-PASSPORT,2
+NAME+ADDRESS+PHONE+SSN+PASSPORT+ACCT_NUM-DRLIC,2
+PNAME+DOB+ADDRESS+PHONE+SSN+ACCT_NUM-DRLIC,2
+NAME+DOB+ADDRESS+ACCT_NUM-DRLIC,2
+NAME+DOB+ADDRESS+PASSPORT+ACCT_NUM-DRLIC,2
+NAME+DOB+ADDRESS+PHONE+SSN+LOGIN_ID+ACCT_NUM-DRLIC,2
+NAME+DOB+ADDRESS+SSN+LOGIN_ID-DRLIC,2
+NAME+DOB+PHONE+SSN+PASSPORT-DRLIC,2
+NAME+DOB+SSN+PASSPORT+ACCT_NUM-DRLIC,2
+NAME+PHONE+SSN+ACCT_NUM-PASSPORT,2
+SURNAME+DOB+SSN+ACCT_NUM,2
+SURNAME+DOB+SSN+DRLIC,2
+SURNAME+DOB+SSN+LOGIN_ID,2
+LIKELY_NAME+ADDRESS+PHONE+SSN+DRLIC+PASSPORT+LOGIN_ID,2
+LIKELY_NAME+ADDRESS+PHONE+SSN+DRLIC+PASSPORT+LOGIN_ID+ACCT_NUM,2
+SURNAME+DOB+ADDRESS+PHONE+DRLIC+LOGIN_ID,1
+SURNAME+DOB+ADDRESS+PHONE+DRLIC+LOGIN_ID+ACCT_NUM,1
+SURNAME+DOB+ADDRESS+PHONE+DRLIC+PASSPORT,1
+NAME+DOB+SSN+LOGIN_ID-DRLIC,1
+SURNAME+DOB+ADDRESS+PHONE+LOGIN_ID,1
+LIKELY_NAME+DOB+ADDRESS+PHONE+DRLIC+LOGIN_ID+ACCT_NUM,1
+NAME+ADDRESS+PHONE+SSN+DRLIC+LOGIN_ID-PASSPORT,1
+SURNAME+DOB+ADDRESS+PHONE+PASSPORT+ACCT_NUM,1
+NAME+DOB+SSN+PASSPORT+LOGIN_ID-DRLIC,1
+NAME+ADDRESS+PHONE+SSN+LOGIN_ID+ACCT_NUM-DRLIC,1
+NAME+ADDRESS+PHONE+SSN+LOGIN_ID-DRLIC,1
+SURNAME+DOB+SSN+LOGIN_ID+ACCT_NUM,1
+NAME+PHONE+SSN+LOGIN_ID-DRLIC,1
+PNAME+DOB+ADDRESS+PHONE+SSN-DRLIC,1
+NAME+PHONE+SSN-PASSPORT,1
+NAME+ADDRESS+SSN-PASSPORT,1
+NAME+ADDRESS+SSN+PASSPORT+ACCT_NUM-DRLIC,1
+NAME+ADDRESS+SSN+PASSPORT-DRLIC,1
+ADDRESS+PHONE+SSN+ACCT_NUM,1
+NAME+DOB+ADDRESS+DRLIC-SSN,1
+NAME+DOB+ADDRESS+LOGIN_ID+ACCT_NUM-DRLIC,1
+NAME+DOB+ADDRESS+LOGIN_ID+ACCT_NUM-SSN-PASSPORT,1
+ADDRESS+PHONE+SSN,1
+NAME+DOB+ADDRESS+PASSPORT-DRLIC,1
+NAME+DOB+ADDRESS+PHONE+LOGIN_ID-DRLIC,1
+NAME+DOB+ADDRESS+PHONE+PASSPORT+ACCT_NUM-DRLIC,1
+NAME+DOB+ADDRESS+PHONE+SSN+ACCT_NUM-PASSPORT,1
+PHONE+LOGIN_ID,1
+NAME+DOB+ADDRESS+PHONE+SSN-PASSPORT,1
+NAME+DOB+ADDRESS+PHONE+SSN+PASSPORT+ACCT_NUM-DRLIC,1
+NAME+DOB+ADDRESS+PHONE+SSN+PASSPORT+LOGIN_ID+ACCT_NUM-DRLIC,1
+PHONE+PASSPORT,1
+NAME+DOB+ADDRESS+SSN-PASSPORT,1
+NAME+DOB+ADDRESS+SSN+PASSPORT+ACCT_NUM-DRLIC,1
+ADDRESS+PHONE+PASSPORT+ACCT_NUM,1
+SSN+DRLIC,1
+LIKELY_NAME+DOB+ADDRESS+SSN+PASSPORT+LOGIN_ID+ACCT_NUM,1
+LIKELY_NAME+DOB+ADDRESS+SSN+DRLIC+PASSPORT,1
+ADDRESS+PHONE+DRLIC+ACCT_NUM,1
+NAME+DOB+PHONE+ACCT_NUM-DRLIC,1
+PNAME+DOB+SSN+DRLIC-PASSPORT,1
+NAME+DOB+PHONE+LOGIN_ID+ACCT_NUM-SSN,1
+SURNAME+ADDRESS+PHONE+DRLIC+PASSPORT+LOGIN_ID,1
+PNAME+DOB+SSN+PASSPORT+ACCT_NUM-DRLIC,1
+PNAME+DOB+PHONE+SSN+LOGIN_ID+ACCT_NUM-PASSPORT,1
+PNAME+DOB+ADDRESS+SSN+PASSPORT-DRLIC,1
+LIKELY_NAME+DOB+SSN+DRLIC+LOGIN_ID,1
+LIKELY_NAME+DOB+ADDRESS+PHONE+SSN+DRLIC+PASSPORT+LOGIN_ID+ACCT_NUM,1
+NAME+DOB+PHONE+SSN+ACCT_NUM-PASSPORT,1
+NAME+DOB+PHONE+SSN+DRLIC-PASSPORT,1
+LIKELY_NAME+DOB+SSN+DRLIC+PASSPORT+ACCT_NUM,1
+LIKELY_NAME+DOB+SSN+DRLIC+PASSPORT+LOGIN_ID,1
+NAME+DOB+PHONE+SSN+LOGIN_ID+ACCT_NUM-DRLIC,1
+PNAME+DOB+PHONE+SSN+PASSPORT-DRLIC,1
+NAME+DOB+PHONE+SSN+LOGIN_ID-DRLIC,1
+ADDRESS+SSN+DRLIC+LOGIN_ID+ACCT_NUM,1
+PNAME+DOB+ADDRESS+SSN+ACCT_NUM-DRLIC,1
+LIKELY_NAME+DOB+SSN+PASSPORT+LOGIN_ID,1
+ADDRESS+PHONE+SSN+DRLIC,1
+PHONE+SSN+LOGIN_ID,1
+LIKELY_NAME+DOB+ADDRESS+PHONE+DRLIC+PASSPORT+LOGIN_ID,1
+PNAME+DOB+ADDRESS+PHONE+SSN+PASSPORT+ACCT_NUM-DRLIC,1
+NAME+ADDRESS+PHONE+SSN-DOB,1
+NAME+ADDRESS+PHONE+SSN-DOB-DRLIC-PASSPORT,1
+PNAME+DOB+ADDRESS+PHONE+SSN+LOGIN_ID-DRLIC,1
