+LOGIN_ID-SSN,1117239
+LOGIN_ID,1038425
+NAME,904759
+LOGIN_ID-GENDER-SSN,586903
+LOGIN_ID-GENDER,516929
+LOGIN_ID-DOB-SSN,486105
+LOGIN_ID-DOB,391418
+ADDRESS-SSN,354470
+ADDRESS,337146
+LOGIN_ID-SSN-PASSPORT,283266
+LOGIN_ID-DOB-GENDER-SSN,276648
+LOGIN_ID-PASSPORT,228356
+LOGIN_ID-DOB-GENDER,204592
+ADDRESS-GENDER-SSN,188505
+ADDRESS-GENDER,164305
+LOGIN_ID-GENDER-SSN-PASSPORT,161119
+ADDRESS-DOB-SSN,160884
+LOGIN_ID-DOB-SSN-PASSPORT,157954
+ADDRESS-DOB,125991
+LOGIN_ID-SSN-DRLIC,121784
+LOGIN_ID-GENDER-PASSPORT,118781
+LOGIN_ID-DRLIC,103548
+LOGIN_ID-DOB-GENDER-SSN-PASSPORT,102326
+LOGIN_ID-DOB-PASSPORT,97947
+ADDRESS-DOB-GENDER-SSN,93342
+ADDRESS-SSN-PASSPORT,93056
+DRLIC-SSN,79603
+DRLIC,77197
+ADDRESS-PASSPORT,72461
+LOGIN_ID-GENDER-SSN-DRLIC,66733
+ADDRESS-DOB-GENDER,66521
+LOGIN_ID-DOB-SSN-DRLIC,60492
+SSN,59516
+ADDRESS-DOB-SSN-PASSPORT,56189
+LOGIN_ID-DOB-GENDER-PASSPORT,54441
+ADDRESS-GENDER-SSN-PASSPORT,53956
+LOGIN_ID-GENDER-DRLIC,52592
+PNAME+ADDRESS+PHONE,44397
+NAME+DOB-SSN,44350
+NAME+DOB,43301
+DRLIC-GENDER-SSN,42697
+LOGIN_ID-DOB-DRLIC,42086
+ADDRESS-SSN-DRLIC,39134
+ADDRESS-GENDER-PASSPORT,38659
+ADDRESS-DOB-GENDER-SSN-PASSPORT,37097
+LOGIN_ID-DOB-GENDER-SSN-DRLIC,37040
+DRLIC-GENDER,36867
+DRLIC-DOB-SSN,35929
+LOGIN_ID-SSN-DRLIC-PASSPORT,35421
+ADDRESS-DOB-PASSPORT,32594
+ADDRESS-DRLIC,32491
+PNAME+PHONE,32059
+DRLIC-DOB,28521
+ADDRESS+PHONE+SSN,26444
+LOGIN_ID-DRLIC-PASSPORT,24637
+ADDRESS+PHONE,24424
+SSN-GENDER,24304
+LOGIN_ID-DOB-SSN-DRLIC-PASSPORT,24244
+PHONE+SSN,23470
+PHONE,23363
+LOGIN_ID-DOB-GENDER-DRLIC,22764
+ADDRESS-GENDER-SSN-DRLIC,21911
+PNAME+ADDRESS,21428
+LOGIN_ID-GENDER-SSN-DRLIC-PASSPORT,21417
+DRLIC-DOB-GENDER-SSN,21415
+DRLIC-SSN-PASSPORT,21157
+ADDRESS-DOB-SSN-DRLIC,20612
+SSN-DOB,19472
+ADDRESS-DOB-GENDER-PASSPORT,18494
+ADDRESS-GENDER-DRLIC,17119
+LOGIN_ID-DOB-GENDER-SSN-DRLIC-PASSPORT,16955
+DRLIC-PASSPORT,16313
+DRLIC-DOB-GENDER,14976
+ADDRESS+SSN,14336
+ADDRESS-DOB-DRLIC,13780
+PNAME+ACCT_NUM,13486
+LOGIN_ID-GENDER-DRLIC-PASSPORT,13346
+ADDRESS-DOB-GENDER-SSN-DRLIC,13299
+DRLIC-DOB-SSN-PASSPORT,12693
+NAME+DOB-SSN-PASSPORT,12461
+DRLIC-GENDER-SSN-PASSPORT,12319
+ADDRESS+PHONE+SSN+ACCT_NUM,12048
+PHONE+ACCT_NUM,12045
+ADDRESS+PHONE+ACCT_NUM,12023
+PNAME+DOB+PHONE,11997
-SSN,11983
+ADDRESS-SSN-DRLIC-PASSPORT,11915
+LOGIN_ID-DOB-DRLIC-PASSPORT,11781
+SSN-PASSPORT,11529
+PHONE+SSN+ACCT_NUM,11293
+SSN-DOB-GENDER,10937
+NAME+DOB-GENDER-SSN,10924
+NAME+DOB-GENDER,10830
+NAME+DOB-PASSPORT,9140
+ADDRESS-DOB-SSN-DRLIC-PASSPORT,9034
+SURNAME+ADDRESS+PHONE+SSN,8734
+DRLIC-GENDER-PASSPORT,8709
+DOB+ADDRESS+PHONE,8699
+PNAME+DRLIC,8571
+DRLIC-DOB-GENDER-SSN-PASSPORT,8465
+NAME+DRLIC,8302
+ADDRESS+PHONE+SSN+DRLIC,8097
+ADDRESS-DRLIC-PASSPORT,8070
+ADDRESS+PHONE+DRLIC,7974
+SURNAME+PHONE+SSN,7876
+ACCT_NUM,7821
+SURNAME+ADDRESS+PHONE,7785
+ADDRESS-GENDER-SSN-DRLIC-PASSPORT,7720
+PNAME+LOGIN_ID,7684
+ADDRESS-DOB-GENDER-DRLIC,7631
+PHONE+DRLIC,7587
-GENDER-SSN,7564
+PHONE+SSN+DRLIC,7486
+PNAME+DOB+ADDRESS,7433
+DRLIC-DOB-PASSPORT,7379
-DOB-SSN,7282
+ADDRESS+ACCT_NUM,7210
+LOGIN_ID-DOB-GENDER-DRLIC-PASSPORT,7177
+SSN+ACCT_NUM,6821
+ADDRESS+SSN+ACCT_NUM,6598
,6589
+ADDRESS-DOB-GENDER-SSN-DRLIC-PASSPORT,6409
+SSN-GENDER-PASSPORT,6381
+DOB+PHONE+SSN,6301
+PHONE-SSN,6199
+SURNAME+PHONE,6193
+DOB+PHONE,6185
+PNAME+PHONE+DRLIC,6118
+ADDRESS+PHONE+SSN+PASSPORT,6060
+SSN-DOB-PASSPORT,6010
+PNAME+ADDRESS+PHONE+DRLIC,5786
+DOB+ADDRESS+PHONE+SSN,5782
+ADDRESS+PHONE+PASSPORT,5595
+PHONE+SSN+PASSPORT,5467
+DOB+SSN,5466
+PNAME+LOGIN_ID-SSN,5292
+PHONE+PASSPORT,5127
+PNAME+DOB+ADDRESS+PHONE,4993
+SSN-DRLIC,4978
+NAME+DOB-SSN-DRLIC,4949
+PNAME+PASSPORT,4907
-DOB-GENDER-SSN,4767
+DOB+ADDRESS+PHONE+ACCT_NUM,4661
+ADDRESS+DRLIC,4595
+SURNAME+ADDRESS+SSN,4514
+ADDRESS-GENDER-DRLIC-PASSPORT,4448
+SSN+DRLIC,4405
+DOB+PHONE+ACCT_NUM,4403
-SSN-PASSPORT,4377
+ADDRESS+SSN+DRLIC,4287
-DOB,4214
+DRLIC-DOB-GENDER-PASSPORT,4193
+SURNAME+SSN,4162
-GENDER,4150
+ADDRESS-DOB-DRLIC-PASSPORT,4109
+DOB+ADDRESS+SSN,4084
+SURNAME+ADDRESS,4075
+SURNAME+ADDRESS+PHONE+SSN+ACCT_NUM,4070
+DOB+ADDRESS,4060
+NAME+DOB-DRLIC,4056
+SURNAME+ADDRESS+PHONE+ACCT_NUM,4022
+ADDRESS+PHONE+SSN+DRLIC+ACCT_NUM,3915
+PNAME+ADDRESS+DRLIC,3736
+SSN-DOB-GENDER-PASSPORT,3667
+SURNAME+PHONE+SSN+ACCT_NUM,3605
+SURNAME+PHONE+ACCT_NUM,3574
+PNAME+DRLIC+ACCT_NUM,3455
+ADDRESS+PHONE+DRLIC+ACCT_NUM,3317
+ADDRESS+SSN+PASSPORT,3225
+PHONE+DRLIC+ACCT_NUM,3218
+PHONE-GENDER-SSN,3205
+DOB+ADDRESS+PHONE+DRLIC,3193
+ADDRESS+PASSPORT,3163
+PHONE+SSN+DRLIC+ACCT_NUM,3098
+SURNAME+DOB+ADDRESS+PHONE,3090
+SSN+PASSPORT,3003
+ADDRESS+PHONE+SSN+PASSPORT+ACCT_NUM,2932
-DOB-SSN-PASSPORT,2925
+NAME+PASSPORT,2859
+PHONE-GENDER,2852
-GENDER-SSN-PASSPORT,2848
+DOB+PHONE+DRLIC,2821
+DOB+ADDRESS+PHONE+SSN+ACCT_NUM,2817
+PASSPORT,2817
+SURNAME+ADDRESS+PHONE+SSN+DRLIC,2814
+PHONE-DOB-SSN,2806
+DOB+PHONE+SSN+ACCT_NUM,2791
+PHONE+LOGIN_ID,2785
+NAME+DOB-GENDER-SSN-PASSPORT,2719
+ADDRESS+PHONE+SSN+LOGIN_ID,2695
+ADDRESS+PHONE+LOGIN_ID,2693
+DOB+ACCT_NUM,2684
+PNAME+LOGIN_ID-DOB-SSN,2662
+SSN-GENDER-DRLIC,2652
-DOB-GENDER,2620
+SURNAME+ADDRESS+PHONE+DRLIC,2605
+ADDRESS+PHONE+PASSPORT+ACCT_NUM,2595
+PNAME+PASSPORT+ACCT_NUM,2584
+ADDRESS-DOB-GENDER-DRLIC-PASSPORT,2530
+DOB+ADDRESS+ACCT_NUM,2510
-PASSPORT,2448
+SURNAME+PHONE+DRLIC,2448
+PHONE+SSN+LOGIN_ID,2445
+PNAME+SSN,2412
+SURNAME+ACCT_NUM,2391
+SURNAME+PHONE+SSN+DRLIC,2385
+SSN-DOB-DRLIC,2380
+PHONE+PASSPORT+ACCT_NUM,2379
+DOB+SSN+ACCT_NUM,2377
+PHONE+SSN+PASSPORT+ACCT_NUM,2351
+PNAME+PHONE+PASSPORT,2337
+NAME+DOB-GENDER-PASSPORT,2303
+SURNAME+ADDRESS+ACCT_NUM,2210
+DOB+ADDRESS+PHONE+PASSPORT,2200
+SURNAME+DOB+PHONE,2200
+PHONE-DOB,2156
+SURNAME+SSN+ACCT_NUM,2134
+SURNAME+ADDRESS+SSN+ACCT_NUM,2103
+SURNAME+ADDRESS+PHONE+SSN+PASSPORT,2085
+ADDRESS+PHONE+SSN+DRLIC+PASSPORT,2028
+SURNAME+DOB+PHONE+SSN,2011
+SURNAME+DOB+ADDRESS+PHONE+SSN,1978
+DRLIC+ACCT_NUM,1925
+SURNAME+ADDRESS+PHONE+PASSPORT,1917
+ADDRESS+SSN+DRLIC+ACCT_NUM,1897
-DOB-GENDER-SSN-PASSPORT,1897
+DOB+PHONE+PASSPORT,1848
+PNAME+LOGIN_ID-DOB,1819
+ADDRESS+DRLIC+ACCT_NUM,1810
+SURNAME+PHONE+SSN+PASSPORT,1797
-SSN-DRLIC,1789
+DOB+ADDRESS+SSN+ACCT_NUM,1784
+PNAME+DRLIC+PASSPORT,1761
+ADDRESS+PHONE+DRLIC+PASSPORT,1736
+PNAME+ADDRESS-SSN,1708
+DOB+ADDRESS+DRLIC,1697
+SSN+DRLIC+ACCT_NUM,1683
+NAME+DOB-SSN-DRLIC-PASSPORT,1682
+SURNAME+DOB+SSN,1680
+DOB+DRLIC,1676
+SURNAME+DOB+ADDRESS+PHONE+ACCT_NUM,1651
+DOB+SSN+DRLIC,1634
+SURNAME+PHONE+PASSPORT,1610
+PHONE+DRLIC+PASSPORT,1610
+SURNAME+LOGIN_ID,1586
-DOB-PASSPORT,1582
+DOB+PHONE+SSN+DRLIC,1581
+ADDRESS+LOGIN_ID,1579
+PHONE-SSN-PASSPORT,1578
-GENDER-PASSPORT,1555
+PHONE-DOB-GENDER-SSN,1540
+SSN+LOGIN_ID,1538
+SURNAME+DRLIC,1523
+PNAME+ADDRESS+PASSPORT,1522
+PNAME+LOGIN_ID-SSN-PASSPORT,1506
+DOB+ADDRESS+PHONE+DRLIC+ACCT_NUM,1502
+PHONE+SSN+DRLIC+PASSPORT,1493
+ADDRESS+SSN+LOGIN_ID,1469
+PASSPORT+ACCT_NUM,1454
+SURNAME+SSN+DRLIC,1453
+SURNAME+ADDRESS+DRLIC,1444
+SURNAME+DOB+PHONE+ACCT_NUM,1434
+SURNAME+DOB+ADDRESS,1418
+SURNAME+ADDRESS+PHONE+SSN+DRLIC+ACCT_NUM,1416
+SURNAME+ADDRESS+SSN+DRLIC,1391
+SURNAME+DOB+ADDRESS+SSN,1378
+SSN-DRLIC-PASSPORT,1373
+SSN-DOB-GENDER-DRLIC,1371
+ADDRESS+PASSPORT+ACCT_NUM,1352
+PHONE-PASSPORT,1348
+ADDRESS+SSN+PASSPORT+ACCT_NUM,1339
+SSN+PASSPORT+ACCT_NUM,1300
+DOB+ADDRESS+PHONE+SSN+DRLIC,1295
+PNAME+DOB+DRLIC,1227
+DOB+PHONE+DRLIC+ACCT_NUM,1202
+NAME+DOB-GENDER-SSN-DRLIC,1201
+PHONE-DOB-GENDER,1192
+SURNAME+ADDRESS+PHONE+DRLIC+ACCT_NUM,1186
+PNAME+SSN+DRLIC,1178
+PNAME+LOGIN_ID+ACCT_NUM,1177
+ADDRESS+PHONE+SSN+LOGIN_ID+ACCT_NUM,1162
+DOB+ADDRESS+PHONE+PASSPORT+ACCT_NUM,1157
-GENDER-SSN-DRLIC,1156
+SURNAME+ADDRESS+PHONE+SSN+PASSPORT+ACCT_NUM,1145
+ADDRESS+PHONE+LOGIN_ID+ACCT_NUM,1136
+DOB+SSN+PASSPORT,1136
+SURNAME+LOGIN_ID-SSN,1112
-DOB-SSN-DRLIC,1111
+DOB+ADDRESS+PASSPORT,1106
+NAME+DOB-GENDER-DRLIC,1099
+PNAME+LOGIN_ID-PASSPORT,1089
+DOB+PHONE+SSN+PASSPORT,1086
+SURNAME+DOB+ADDRESS+PHONE+DRLIC,1078
+DOB+ADDRESS+SSN+DRLIC,1074
+SURNAME+PHONE+SSN+DRLIC+ACCT_NUM,1073
+SURNAME+ADDRESS+SSN+PASSPORT,1070
+PHONE+LOGIN_ID+ACCT_NUM,1067
+ADDRESS+PHONE+SSN+DRLIC+PASSPORT+ACCT_NUM,1065
+PNAME+ADDRESS+PHONE+PASSPORT,1020
+PHONE+SSN+LOGIN_ID+ACCT_NUM,999
+DOB+ADDRESS+PHONE+LOGIN_ID,999
+NAME+DOB-DRLIC-PASSPORT,994
+DOB+PHONE+LOGIN_ID,990
-DRLIC,982
+SURNAME+ADDRESS+PASSPORT,980
-DOB-GENDER-PASSPORT,977
+SURNAME+ADDRESS+PHONE+PASSPORT+ACCT_NUM,973
+PNAME+LOGIN_ID-DOB-SSN-PASSPORT,972
+SURNAME+PHONE+DRLIC+ACCT_NUM,967
+LOGIN_ID-GENERATION-SSN,967
+ADDRESS+SSN+DRLIC+PASSPORT,956
+DOB+PHONE+PASSPORT+ACCT_NUM,956
+DRLIC+PASSPORT,955
+PHONE-DOB-SSN-PASSPORT,951
+SURNAME+SSN+PASSPORT,948
+SSN+DRLIC+PASSPORT,932
+SURNAME+DOB+ADDRESS+PHONE+SSN+ACCT_NUM,929
+ADDRESS+DRLIC+PASSPORT,926
+DOB+PASSPORT,922
+SURNAME+DOB+PHONE+SSN+ACCT_NUM,899
+PHONE-GENDER-SSN-PASSPORT,888
+DOB+ADDRESS+PHONE+SSN+PASSPORT,885
+SURNAME+DOB+PHONE+DRLIC,873
+SURNAME+PASSPORT,859
+SURNAME+DOB+ADDRESS+ACCT_NUM,856
+SURNAME+PHONE+LOGIN_ID,855
+ADDRESS+PHONE+DRLIC+PASSPORT+ACCT_NUM,850
+SSN-DOB-DRLIC-PASSPORT,848
+SURNAME+PHONE+SSN+LOGIN_ID,844
+SURNAME+ADDRESS+PHONE+LOGIN_ID,844
+SURNAME+ADDRESS+PHONE+SSN+LOGIN_ID,843
+PNAME+ADDRESS-DOB-SSN,838
+ADDRESS+PHONE+SSN+DRLIC+LOGIN_ID,816
+SURNAME+DOB+ACCT_NUM,815
+DOB+ADDRESS+SSN+PASSPORT,815
+SURNAME+PHONE+SSN+PASSPORT+ACCT_NUM,810
+SURNAME+PHONE+PASSPORT+ACCT_NUM,801
+DOB+LOGIN_ID,794
+DOB+ADDRESS+PHONE+DRLIC+PASSPORT,792
+SURNAME+DOB+ADDRESS+PHONE+PASSPORT,790
+SSN-GENDER-DRLIC-PASSPORT,787
+PNAME+DRLIC+PASSPORT+ACCT_NUM,757
+PNAME+DRLIC+LOGIN_ID,751
+PHONE+SSN+DRLIC+PASSPORT+ACCT_NUM,741
+ADDRESS+PHONE+DRLIC+LOGIN_ID,737
-DOB-GENDER-SSN-DRLIC,734
+SURNAME+ADDRESS+PHONE+SSN+DRLIC+PASSPORT,729
+DOB+ADDRESS+DRLIC+ACCT_NUM,720
+SURNAME+DOB+SSN+ACCT_NUM,710
+PHONE+SSN+DRLIC+LOGIN_ID,708
+PHONE+DRLIC+LOGIN_ID,702
+LOGIN_ID-GENERATION,702
+DOB+PHONE+SSN+DRLIC+ACCT_NUM,693
+SURNAME+DOB+ADDRESS+SSN+ACCT_NUM,692
+PNAME+PHONE+SSN (Ambiguous),687
+PHONE-SSN-DRLIC,687
-SSN-DRLIC-PASSPORT,676
+DOB+ADDRESS+PHONE+SSN+DRLIC+ACCT_NUM,673
+DOB+SSN+DRLIC+ACCT_NUM,663
+DOB+DRLIC+ACCT_NUM,654
+PHONE-GENDER-PASSPORT,652
+NAME+DRLIC+PASSPORT,652
+ADDRESS+LOGIN_ID+ACCT_NUM,650
+ADDRESS+SSN+LOGIN_ID+ACCT_NUM,632
-DOB-DRLIC,631
+PHONE+DRLIC+PASSPORT+ACCT_NUM,631
+PNAME+LOGIN_ID-SSN-DRLIC,626
+LOGIN_ID+ACCT_NUM,620
+SURNAME+ADDRESS+SSN+DRLIC+ACCT_NUM,619
+ADDRESS+PHONE+SSN+PASSPORT+LOGIN_ID,619
+DOB+PHONE+SSN+LOGIN_ID,615
+SURNAME+ADDRESS+PHONE+DRLIC+PASSPORT,615
+DOB+PHONE+DRLIC+PASSPORT,615
+PHONE-DOB-GENDER-SSN-PASSPORT,614
+DOB+ADDRESS+LOGIN_ID,609
+PNAME+PASSPORT+LOGIN_ID,609
+PNAME+ADDRESS-DOB,605
-GENDER-DRLIC,590
+PNAME+ADDRESS+PHONE+SSN (Ambiguous),589
+SURNAME+DRLIC+ACCT_NUM,588
+SSN-DOB-GENDER-DRLIC-PASSPORT,579
+LOGIN_ID-GENERATION-GENDER-SSN,578
+SURNAME+DOB+ADDRESS+DRLIC,575
+SSN+LOGIN_ID+ACCT_NUM,571
+DOB+ADDRESS+PHONE+SSN+LOGIN_ID,571
+SURNAME+ADDRESS+DRLIC+ACCT_NUM,570
+ADDRESS+PHONE+PASSPORT+LOGIN_ID,561
+SURNAME+DOB+ADDRESS+PHONE+DRLIC+ACCT_NUM,558
+SURNAME+DOB+DRLIC,557
+SURNAME+DOB+PHONE+PASSPORT,553
+PHONE-DRLIC,549
+PHONE+PASSPORT+LOGIN_ID,547
+DOB+ADDRESS+PASSPORT+ACCT_NUM,546
+DOB+ADDRESS+SSN+DRLIC+ACCT_NUM,546
+LOGIN_ID-GENERATION-DOB-SSN,541
+SURNAME+LOGIN_ID-GENDER-SSN,540
+PHONE-DOB-PASSPORT,536
+PNAME+LOGIN_ID-GENDER-SSN,531
+SURNAME+PHONE+SSN+DRLIC+PASSPORT,531
+PHONE+SSN+PASSPORT+LOGIN_ID,529
+SURNAME+DOB+ADDRESS+PHONE+SSN+DRLIC,529
+SURNAME+SSN+DRLIC+ACCT_NUM,527
+DOB+PHONE+SSN+PASSPORT+ACCT_NUM,524
+DOB+PASSPORT+ACCT_NUM,523
+DOB+SSN+LOGIN_ID,512
+SURNAME+SSN+LOGIN_ID,510
+DOB+SSN+PASSPORT+ACCT_NUM,505
+SURNAME+DOB+PHONE+SSN+DRLIC,500
+PNAME+ADDRESS-SSN-PASSPORT,500
+SURNAME+ADDRESS+LOGIN_ID,498
+SURNAME+LOGIN_ID-GENDER,497
+SURNAME+ADDRESS+PHONE+SSN+DRLIC+PASSPORT+ACCT_NUM,495
+PNAME+PHONE+DRLIC+PASSPORT,489
+SURNAME+ADDRESS+SSN+PASSPORT+ACCT_NUM,488
+SURNAME+DOB+SSN+DRLIC,484
+SURNAME+PHONE+DRLIC+PASSPORT,472
+SURNAME+ADDRESS+SSN+LOGIN_ID,469
+DOB+ADDRESS+PHONE+SSN+PASSPORT+ACCT_NUM,469
+PNAME+LOGIN_ID-DRLIC,468
+SURNAME+LOGIN_ID-DOB-SSN,468
+PNAME+LOGIN_ID-DOB-PASSPORT,467
+SURNAME+ADDRESS+PASSPORT+ACCT_NUM,463
+ADDRESS+SSN+DRLIC+PASSPORT+ACCT_NUM,458
+SURNAME+ADDRESS+PHONE+SSN+LOGIN_ID+ACCT_NUM,449
+ADDRESS+SSN+DRLIC+LOGIN_ID,448
+DOB+ADDRESS+PHONE+LOGIN_ID+ACCT_NUM,445
+DRLIC+LOGIN_ID,445
-DOB-SSN-DRLIC-PASSPORT,444
+PNAME+LOGIN_ID-GENDER,440
+ADDRESS+DRLIC+LOGIN_ID,437
+SURNAME+DOB+ADDRESS+PHONE+PASSPORT+ACCT_NUM,435
-GENDER-SSN-DRLIC-PASSPORT,434
+SURNAME+PASSPORT+ACCT_NUM,426
+SURNAME+SSN+PASSPORT+ACCT_NUM,426
+SURNAME+DOB+PHONE+DRLIC+ACCT_NUM,423
+PNAME+SSN (Ambiguous),421
+DOB+PHONE+LOGIN_ID+ACCT_NUM,417
+PNAME+ADDRESS+SSN (Ambiguous),417
+LOGIN_ID-GENERATION-GENDER,413
+DOB+ADDRESS+SSN+LOGIN_ID,411
+SURNAME+ADDRESS+PHONE+LOGIN_ID+ACCT_NUM,405
+ADDRESS+PHONE+SSN+DRLIC+LOGIN_ID+ACCT_NUM,402
+SSN+DRLIC+LOGIN_ID,391
-DOB-GENDER-DRLIC,390
+ADDRESS+DRLIC+PASSPORT+ACCT_NUM,390
+DOB+ADDRESS+SSN+PASSPORT+ACCT_NUM,389
+PNAME+DRLIC-SSN,388
+PHONE-GENDER-SSN-DRLIC,387
+SSN+DRLIC+PASSPORT+ACCT_NUM,386
+NAME+PHONE+SSN (Ambiguous),380
+DOB+ADDRESS+PHONE+DRLIC+PASSPORT+ACCT_NUM,380
+SURNAME+DOB+ADDRESS+PASSPORT,379
+SURNAME+DOB+PHONE+SSN+PASSPORT,374
+SURNAME+PHONE+LOGIN_ID+ACCT_NUM,374
+LOGIN_ID-GENERATION-DOB,373
+SURNAME+PHONE+SSN+LOGIN_ID+ACCT_NUM,369
+PNAME+ADDRESS-DOB-SSN-PASSPORT,369
+DOB+ADDRESS+DRLIC+PASSPORT,364
+SURNAME+DOB+ADDRESS+PHONE+LOGIN_ID,362
+DRLIC+PASSPORT+ACCT_NUM,362
+SURNAME+DOB+ADDRESS+SSN+DRLIC,361
+PNAME+PHONE+SSN+ACCT_NUM (Ambiguous),361
+SURNAME+DOB+SSN+PASSPORT,359
+SURNAME+ADDRESS+SSN+DRLIC+PASSPORT,358
+ADDRESS-GENERATION-SSN,356
+ADDRESS+PHONE+DRLIC+LOGIN_ID+ACCT_NUM,354
+PHONE-DOB-SSN-DRLIC,353
+LOGIN_ID-GENERATION-SSN-PASSPORT,346
+DOB+SSN+DRLIC+PASSPORT,346
+LOGIN_ID-GENERATION-DOB-GENDER-SSN,345
+PNAME+ADDRESS-PASSPORT,341
+SURNAME+ADDRESS-SSN,340
+DOB+PHONE+SSN+DRLIC+PASSPORT,340
+ADDRESS+SSN+PASSPORT+LOGIN_ID,340
+SURNAME+DOB+PHONE+PASSPORT+ACCT_NUM,340
+NAME+DOB-GENDER-SSN-DRLIC-PASSPORT,340
+SURNAME+LOGIN_ID-DOB,337
+ADDRESS+PHONE+SSN+PASSPORT+LOGIN_ID+ACCT_NUM,334
+SURNAME+DOB+PHONE+LOGIN_ID,334
+PASSPORT+LOGIN_ID,333
+PHONE-DOB-GENDER-PASSPORT,331
+DOB+DRLIC+PASSPORT,328
+NAME+ADDRESS+PHONE+SSN (Ambiguous),327
+PNAME+LOGIN_ID-DOB-SSN-DRLIC,326
+PNAME+ADDRESS+PHONE+SSN+ACCT_NUM (Ambiguous),324
+SURNAME+ADDRESS+PHONE+DRLIC+PASSPORT+ACCT_NUM,322
-DRLIC-PASSPORT,321
+SURNAME+DOB+ADDRESS+PHONE+SSN+PASSPORT,319
+SURNAME+DRLIC+PASSPORT,319
+DOB+ADDRESS+PHONE+DRLIC+LOGIN_ID,316
+ADDRESS+PASSPORT+LOGIN_ID,314
+PHONE+SSN+DRLIC+LOGIN_ID+ACCT_NUM,310
+SURNAME+ADDRESS+PHONE+SSN+DRLIC+LOGIN_ID,309
+SURNAME+DOB+PASSPORT,308
+LIKELY_NAME+PHONE+SSN,308
+SURNAME+DOB+ADDRESS+PHONE+DRLIC+PASSPORT,307
+DOB+ADDRESS+PHONE+SSN+LOGIN_ID+ACCT_NUM,305
+LIKELY_NAME+ADDRESS+PHONE,299
+PNAME+ADDRESS+DRLIC+PASSPORT,299
+SURNAME+SSN+DRLIC+PASSPORT,298
+PNAME+DRLIC+LOGIN_ID+ACCT_NUM,296
+SSN+PASSPORT+LOGIN_ID,293
+SURNAME+ADDRESS+DRLIC+PASSPORT,289
+PHONE+DRLIC+LOGIN_ID+ACCT_NUM,286
+PNAME+PHONE+ACCT_NUM (Ambiguous),283
+DOB+PHONE+DRLIC+PASSPORT+ACCT_NUM,281
+SURNAME+DOB+ADDRESS+PHONE+SSN+DRLIC+ACCT_NUM,281
+SURNAME+LOGIN_ID-DOB-GENDER-SSN,279
+DOB+PHONE+SSN+LOGIN_ID+ACCT_NUM,278
+DOB+ADDRESS+PHONE+PASSPORT+LOGIN_ID,272
+DOB+ADDRESS+PHONE+SSN+DRLIC+PASSPORT,271
+PHONE-GENDER-DRLIC,269
+SURNAME+PHONE+SSN+DRLIC+PASSPORT+ACCT_NUM,268
-DOB-GENDER-SSN-DRLIC-PASSPORT,268
+DOB+LOGIN_ID-SSN,268
+LOGIN_ID-GENERATION-DOB-SSN-PASSPORT,263
+ADDRESS-GENERATION,262
+DOB+ADDRESS+SSN+DRLIC+PASSPORT,257
+SURNAME+DOB+PHONE+SSN+LOGIN_ID,256
+ADDRESS+PHONE+PASSPORT+LOGIN_ID+ACCT_NUM,255
+SURNAME+DOB+ADDRESS+SSN+PASSPORT,254
+PHONE-DOB-DRLIC,253
+PNAME+SSN+ACCT_NUM (Ambiguous),252
+SURNAME+DOB+PHONE+SSN+DRLIC+ACCT_NUM,251
+SURNAME+PHONE+DRLIC+PASSPORT+ACCT_NUM,250
+SURNAME+LOGIN_ID-SSN-PASSPORT,250
+DOB+ADDRESS+LOGIN_ID+ACCT_NUM,246
+PHONE+PASSPORT+LOGIN_ID+ACCT_NUM,246
+NAME+ADDRESS+PHONE+SSN+ACCT_NUM (Ambiguous),245
+SURNAME+DOB+ADDRESS+DRLIC+ACCT_NUM,242
+SURNAME+ADDRESS+PHONE+DRLIC+LOGIN_ID,242
+NAME+PHONE+SSN+ACCT_NUM (Ambiguous),242
+NAME+DOB-GENDER-DRLIC-PASSPORT,238
+ADDRESS+PHONE+SSN+DRLIC+PASSPORT+LOGIN_ID,235
+PNAME+LOGIN_ID-DOB-GENDER-SSN,235
+NAME+ADDRESS+SSN (Ambiguous),234
+SURNAME+DOB+SSN+DRLIC+ACCT_NUM,232
+DOB+PHONE+DRLIC+LOGIN_ID,232
+PNAME+PASSPORT+LOGIN_ID+ACCT_NUM,231
+DOB+LOGIN_ID+ACCT_NUM,229
+PHONE+SSN+PASSPORT+LOGIN_ID+ACCT_NUM,227
+PHONE-DOB-GENDER-SSN-DRLIC,226
+PNAME+ADDRESS+PHONE+ACCT_NUM (Ambiguous),224
-DOB-DRLIC-PASSPORT,223
+SURNAME+PHONE+SSN+DRLIC+LOGIN_ID,219
+NAME+ADDRESS+PHONE (Ambiguous),218
-GENDER-DRLIC-PASSPORT,218
+PNAME+DOB+PASSPORT,217
+LOGIN_ID-GENERATION-GENDER-SSN-PASSPORT,217
+PNAME+ADDRESS+SSN+ACCT_NUM (Ambiguous),216
+SURNAME+ADDRESS-GENDER-SSN,214
+ADDRESS-GENERATION-GENDER-SSN,214
+LOGIN_ID-GENERATION-PASSPORT,211
+SURNAME+PHONE+DRLIC+LOGIN_ID,210
+PNAME+LOGIN_ID-DOB-DRLIC,210
+SURNAME+DOB+LOGIN_ID,210
+SURNAME+DOB+ADDRESS+PHONE+SSN+LOGIN_ID,209
+DOB+SSN+LOGIN_ID+ACCT_NUM,205
+LIKELY_NAME+PHONE,204
+SURNAME+LOGIN_ID+ACCT_NUM,203
+PNAME+DRLIC-DOB-SSN,203
+PNAME+ADDRESS-SSN-DRLIC,203
+SURNAME+DOB+ADDRESS+SSN+DRLIC+ACCT_NUM,202
+PNAME+DRLIC+PASSPORT+LOGIN_ID,201
+SURNAME+LOGIN_ID-DOB-GENDER,201
+PNAME+LOGIN_ID-SSN-DRLIC-PASSPORT,200
+SURNAME+ADDRESS+LOGIN_ID+ACCT_NUM,197
+PNAME+ADDRESS+PHONE+DRLIC+PASSPORT,197
+PHONE-SSN-DRLIC-PASSPORT,196
+SURNAME+DOB+ADDRESS+PHONE+SSN+PASSPORT+ACCT_NUM,196
+LOGIN_ID-GENERATION-DOB-GENDER,195
+SURNAME+PHONE+PASSPORT+LOGIN_ID,195
+DOB+PHONE+PASSPORT+LOGIN_ID,193
+SURNAME+DOB+DRLIC+ACCT_NUM,193
+SURNAME+DOB+ADDRESS+LOGIN_ID,192
+SURNAME+ADDRESS+PHONE+PASSPORT+LOGIN_ID,192
+SURNAME+ADDRESS+SSN+LOGIN_ID+ACCT_NUM,192
+ADDRESS-GENERATION-DOB-SSN,190
+LIKELY_NAME+ADDRESS+SSN,190
+DRLIC+LOGIN_ID+ACCT_NUM,189
+SURNAME+ADDRESS+PHONE+SSN+PASSPORT+LOGIN_ID,189
+DOB+ADDRESS+PHONE+DRLIC+LOGIN_ID+ACCT_NUM,188
+LOGIN_ID-GENERATION-DOB-GENDER-SSN-PASSPORT,188
+NAME+SSN (Ambiguous),187
+SURNAME+DOB+PHONE+DRLIC+PASSPORT,184
+PNAME+SSN+PASSPORT,182
+SURNAME+LOGIN_ID-PASSPORT,182
+PNAME+LOGIN_ID-DOB-SSN-DRLIC-PASSPORT,181
+ADDRESS+PHONE+DRLIC+PASSPORT+LOGIN_ID,179
+SURNAME+DOB+ADDRESS+PASSPORT+ACCT_NUM,178
+PNAME+PHONE+SSN+DRLIC (Ambiguous),178
+ADDRESS+SSN+DRLIC+LOGIN_ID+ACCT_NUM,178
+DOB+SSN+DRLIC+PASSPORT+ACCT_NUM,176
+SURNAME+ADDRESS+PHONE+SSN+DRLIC+LOGIN_ID+ACCT_NUM,176
+SURNAME+PHONE+SSN+PASSPORT+LOGIN_ID,175
+SURNAME+SSN+LOGIN_ID+ACCT_NUM,174
+PNAME+ADDRESS-GENDER,173
+DOB+ADDRESS+DRLIC+PASSPORT+ACCT_NUM,173
+SURNAME+DOB+SSN+LOGIN_ID,171
+SURNAME+DOB+PHONE+SSN+PASSPORT+ACCT_NUM,171
+DOB+ADDRESS+SSN+LOGIN_ID+ACCT_NUM,170
+PNAME+ADDRESS-DOB-PASSPORT,167
+PHONE-DOB-SSN-DRLIC-PASSPORT,167
+PHONE+DRLIC+PASSPORT+LOGIN_ID,166
+PNAME+LOGIN_ID-DOB-GENDER,165
+LIKELY_NAME+SSN,163
+NAME+PHONE (Ambiguous),162
+SSN+DRLIC+LOGIN_ID+ACCT_NUM,162
+DOB+PHONE+SSN+DRLIC+PASSPORT+ACCT_NUM,162
+PNAME+ADDRESS+PHONE+SSN+DRLIC (Ambiguous),161
+SURNAME+DOB+SSN+PASSPORT+ACCT_NUM,161
+SURNAME+DOB+ADDRESS+PHONE+LOGIN_ID+ACCT_NUM,161
+LIKELY_NAME+PHONE+ACCT_NUM,161
+PNAME+ADDRESS-GENDER-SSN,160
+DOB+ADDRESS+PHONE+SSN+DRLIC+PASSPORT+ACCT_NUM,160
+SURNAME+ADDRESS+SSN+DRLIC+PASSPORT+ACCT_NUM,158
+DOB+ADDRESS+DRLIC+LOGIN_ID,158
+SURNAME+DOB+ADDRESS+PHONE+DRLIC+PASSPORT+ACCT_NUM,157
+DOB+LOGIN_ID-GENDER-SSN,156
+SURNAME+ADDRESS-DOB-SSN,156
+ADDRESS-GENERATION-GENDER,154
+PHONE+SSN+DRLIC+PASSPORT+LOGIN_ID,154
+PNAME+ADDRESS-DRLIC,153
+DOB+DRLIC+PASSPORT+ACCT_NUM,152
+LIKELY_NAME+ADDRESS,151
+ADDRESS+SSN+PASSPORT+LOGIN_ID+ACCT_NUM,150
+PNAME+DOB+ADDRESS+PHONE+SSN (Ambiguous),150
+SURNAME+LOGIN_ID-DOB-SSN-PASSPORT,150
+DOB+PHONE+SSN+DRLIC+LOGIN_ID,147
+DOB+DRLIC+LOGIN_ID,146
+NAME+ADDRESS+PHONE+ACCT_NUM (Ambiguous),145
+SURNAME+ADDRESS-GENDER,144
+NAME+ADDRESS+SSN+ACCT_NUM (Ambiguous),144
+DOB+SSN+DRLIC+LOGIN_ID,144
+DOB+ADDRESS+PHONE+SSN+DRLIC+LOGIN_ID,143
-DOB-GENDER-DRLIC-PASSPORT,141
+PASSPORT-SSN,141
+NAME+SSN+ACCT_NUM (Ambiguous),140
+ADDRESS+DRLIC+LOGIN_ID+ACCT_NUM,140
+SURNAME+SSN+DRLIC+LOGIN_ID,140
+ADDRESS+PHONE+SSN+DRLIC+PASSPORT+LOGIN_ID+ACCT_NUM,140
+SURNAME+DOB+ADDRESS+DRLIC+PASSPORT,140
+PNAME+LOGIN_ID-GENDER-SSN-PASSPORT,139
+SURNAME+ADDRESS+DRLIC+LOGIN_ID,138
+SURNAME+DOB+ADDRESS+SSN+LOGIN_ID,137
+PNAME+DOB+SSN (Ambiguous),136
+PNAME+DOB+PHONE+SSN (Ambiguous),136
+SURNAME+LOGIN_ID-GENDER-SSN-PASSPORT,136
+SURNAME+DRLIC+LOGIN_ID,135
+DOB+ADDRESS+SSN+DRLIC+PASSPORT+ACCT_NUM,135
+SSN+PASSPORT+LOGIN_ID+ACCT_NUM,135
+LIKELY_NAME+PHONE+SSN+ACCT_NUM,134
+SURNAME+LOGIN_ID-SSN-DRLIC,134
+PNAME+LOGIN_ID-DRLIC-PASSPORT,134
+SURNAME+DOB+SSN+DRLIC+PASSPORT,134
+NAME+LOGIN_ID-SSN,134
+PNAME+PHONE+SSN+PASSPORT (Ambiguous),133
+SURNAME+DOB+PASSPORT+ACCT_NUM,132
+PHONE-DRLIC-PASSPORT,132
+SURNAME+ADDRESS+PHONE+SSN+PASSPORT+LOGIN_ID+ACCT_NUM,132
+ADDRESS+PASSPORT+LOGIN_ID+ACCT_NUM,132
+SURNAME+DOB+ADDRESS+SSN+PASSPORT+ACCT_NUM,132
+NAME+ADDRESS+PHONE+SSN+DRLIC (Ambiguous),130
+SURNAME+ADDRESS-DOB,130
+ADDRESS-GENERATION-DOB-GENDER-SSN,129
+PNAME+DRLIC-SSN-PASSPORT,129
+SURNAME+ADDRESS+SSN+DRLIC+LOGIN_ID,128
+SURNAME+ADDRESS+DRLIC+PASSPORT+ACCT_NUM,128
+DOB+PHONE+SSN+PASSPORT+LOGIN_ID,127
+PNAME+DOB+PHONE+ACCT_NUM (Ambiguous),127
+DOB+PASSPORT+LOGIN_ID,127
+PNAME+ADDRESS-DOB-SSN-DRLIC,127
+NAME+PHONE+ACCT_NUM (Ambiguous),126
+SURNAME+SSN+DRLIC+PASSPORT+ACCT_NUM,125
+SURNAME+DRLIC+PASSPORT+ACCT_NUM,125
+SURNAME+DOB+PHONE+SSN+DRLIC+PASSPORT,125
+PNAME+SSN+DRLIC (Ambiguous),125
+PNAME+ADDRESS+ACCT_NUM (Ambiguous),123
+PNAME+ADDRESS+PHONE+SSN+PASSPORT (Ambiguous),123
+LOGIN_ID-GENERATION-GENDER-PASSPORT,122
+SURNAME+PASSPORT+LOGIN_ID,122
+ADDRESS-GENERATION-DOB-SSN-PASSPORT,122
+DOB+PHONE+DRLIC+LOGIN_ID+ACCT_NUM,122
+DOB+LOGIN_ID-GENDER,122
+PASSPORT+LOGIN_ID+ACCT_NUM,121
+PNAME+DOB+ADDRESS+PHONE+SSN+ACCT_NUM (Ambiguous),121
+SURNAME+DOB+PHONE+LOGIN_ID+ACCT_NUM,121
+DOB+ADDRESS+SSN+DRLIC+LOGIN_ID,121
+LOGIN_ID-GENERATION-SSN-DRLIC,120
+DOB+ADDRESS+PHONE+PASSPORT+LOGIN_ID+ACCT_NUM,120
+DOB+ADDRESS+PASSPORT+LOGIN_ID,119
+SURNAME+DOB+ADDRESS+PHONE+SSN+LOGIN_ID+ACCT_NUM,119
+PNAME+DRLIC-DOB,117
+PHONE-GENDER-SSN-DRLIC-PASSPORT,115
+PNAME+ADDRESS+SSN+DRLIC (Ambiguous),114
+PNAME+SSN-DOB,114
+PHONE-DOB-GENDER-DRLIC,114
+SURNAME+ADDRESS+PHONE+DRLIC+LOGIN_ID+ACCT_NUM,114
+LOGIN_ID-GENERATION-DOB-PASSPORT,113
+NAME+PHONE+SSN+DRLIC (Ambiguous),113
+SURNAME+SSN+PASSPORT+LOGIN_ID,112
+SURNAME+ADDRESS+PASSPORT+LOGIN_ID,110
+PNAME+DOB+ADDRESS+PHONE+ACCT_NUM (Ambiguous),110
+NAME+ADDRESS (Ambiguous),110
+NAME+DOB+ADDRESS+PHONE+SSN (Ambiguous),110
+PNAME+PHONE-SSN,108
+SURNAME+PHONE+DRLIC+LOGIN_ID+ACCT_NUM,108
+SURNAME+DOB+DRLIC+PASSPORT,108
+SURNAME+DOB+ADDRESS+PHONE+DRLIC+LOGIN_ID,108
+ADDRESS-GENERATION-DOB,107
+SURNAME+ADDRESS-SSN-PASSPORT,107
+SURNAME+DOB+PHONE+DRLIC+PASSPORT+ACCT_NUM,107
+SURNAME+DOB+ADDRESS+PHONE+SSN+DRLIC+PASSPORT,106
+PNAME+SSN+PASSPORT (Ambiguous),106
+DOB+PHONE+PASSPORT+LOGIN_ID+ACCT_NUM,106
+SURNAME+ADDRESS+PHONE+PASSPORT+LOGIN_ID+ACCT_NUM,105
+NAME+ADDRESS-SSN,105
+LIKELY_NAME+PHONE+DRLIC,104
+SURNAME+ADDRESS+SSN+PASSPORT+LOGIN_ID,103
+LIKELY_NAME+ACCT_NUM,103
+LIKELY_NAME+SSN+ACCT_NUM,101
+PNAME+DOB+PHONE+SSN+ACCT_NUM (Ambiguous),100
+SURNAME+ADDRESS-DOB-GENDER-SSN,100
+SURNAME+LOGIN_ID-DOB-GENDER-SSN-PASSPORT,99
+LIKELY_NAME+ADDRESS+ACCT_NUM,98
+ADDRESS-GENERATION-SSN-PASSPORT,97
+SURNAME+LOGIN_ID-GENDER-PASSPORT,96
+SURNAME+DOB+ADDRESS+PHONE+PASSPORT+LOGIN_ID,95
+PNAME+DOB+ADDRESS+SSN (Ambiguous),95
+SURNAME+PHONE+SSN+DRLIC+LOGIN_ID+ACCT_NUM,95
+SURNAME+LOGIN_ID-DOB-PASSPORT,94
+SURNAME+PHONE+SSN+PASSPORT+LOGIN_ID+ACCT_NUM,94
+LIKELY_NAME+PHONE+SSN+DRLIC,94
+ADDRESS-GENERATION-DOB-GENDER-SSN-PASSPORT,94
+ADDRESS+DRLIC+PASSPORT+LOGIN_ID,94
+PNAME+LOGIN_ID-GENDER-PASSPORT,93
+DOB+SSN+PASSPORT+LOGIN_ID,93
+PNAME+PHONE+DRLIC (Ambiguous),93
+NAME+DOB+PHONE+SSN+ACCT_NUM (Ambiguous),93
+PNAME+ADDRESS+PHONE+DRLIC (Ambiguous),93
+PNAME+DOB+DRLIC+PASSPORT,92
+SURNAME+DOB+PHONE+SSN+LOGIN_ID+ACCT_NUM,92
+ADDRESS+SSN+DRLIC+PASSPORT+LOGIN_ID,90
+DOB+ADDRESS+PHONE+SSN+DRLIC+LOGIN_ID+ACCT_NUM,90
+PNAME+ADDRESS+SSN+PASSPORT (Ambiguous),89
+PNAME+SSN+DRLIC+PASSPORT,89
+PNAME+LOGIN_ID-DOB-GENDER-SSN-PASSPORT,89
+NAME+DOB+PHONE+SSN (Ambiguous),89
+ADDRESS+PHONE+DRLIC+PASSPORT+LOGIN_ID+ACCT_NUM,88
+LIKELY_NAME+ADDRESS+SSN+ACCT_NUM,88
+DOB+ADDRESS-SSN,88
+DOB+ADDRESS+PHONE+SSN+PASSPORT+LOGIN_ID,88
+NAME+PHONE+SSN+PASSPORT (Ambiguous),88
+SURNAME+ADDRESS-DOB-GENDER,87
+NAME+ADDRESS+ACCT_NUM (Ambiguous),86
+LOGIN_ID-GENERATION-DRLIC,86
+SURNAME+DOB+ADDRESS+SSN+DRLIC+PASSPORT,85
+SURNAME+LOGIN_ID-DRLIC,85
+DOB+LOGIN_ID-SSN-PASSPORT,84
+PHONE-DOB-GENDER-SSN-DRLIC-PASSPORT,84
+NAME+ADDRESS+PHONE+SSN+PASSPORT (Ambiguous),84
+NAME+DOB+ADDRESS+PHONE+SSN+ACCT_NUM (Ambiguous),83
+PNAME+ADDRESS-DOB-GENDER-SSN,82
+PNAME+DRLIC-DOB-SSN-PASSPORT,82
+PNAME+PHONE+PASSPORT (Ambiguous),81
+DRLIC+PASSPORT+LOGIN_ID,81
+LOGIN_ID-GENERATION-DOB-SSN-DRLIC,80
+PNAME+ADDRESS+PHONE+SSN+DRLIC+ACCT_NUM (Ambiguous),80
+PNAME+ADDRESS-DOB-GENDER,80
+DOB+PHONE+DRLIC+PASSPORT+LOGIN_ID,80
+SURNAME+DOB+ADDRESS+LOGIN_ID+ACCT_NUM,79
+SURNAME+PHONE+PASSPORT+LOGIN_ID+ACCT_NUM,79
+LOGIN_ID-GENERATION-GENDER-SSN-DRLIC,78
+PHONE+SSN+DRLIC+PASSPORT+LOGIN_ID+ACCT_NUM,78
+SURNAME+DOB+PHONE+PASSPORT+LOGIN_ID,78
+PNAME+DRLIC-PASSPORT,78
+NAME+DOB+ADDRESS+SSN (Ambiguous),78
+LIKELY_NAME+DOB+PHONE,78
+SURNAME+ADDRESS+PHONE+SSN+DRLIC+PASSPORT+LOGIN_ID,77
+PNAME+ADDRESS-SSN-DRLIC-PASSPORT,76
+PNAME+PHONE+SSN+DRLIC+ACCT_NUM (Ambiguous),76
+ADDRESS-GENERATION-GENDER-SSN-PASSPORT,76
+PHONE-DOB-DRLIC-PASSPORT,76
+DOB+ADDRESS+PHONE+DRLIC+PASSPORT+LOGIN_ID,76
+SSN+DRLIC+PASSPORT+LOGIN_ID,75
+DRLIC-GENERATION-SSN,75
+NAME+PHONE+SSN+DRLIC+ACCT_NUM (Ambiguous),75
+ADDRESS-GENERATION-DOB-GENDER,74
+SURNAME+DRLIC-SSN,74
+PNAME+ADDRESS-DOB-DRLIC,74
+SURNAME+ADDRESS+SSN+DRLIC+LOGIN_ID+ACCT_NUM,73
+PNAME+ADDRESS+PHONE+SSN+PASSPORT+ACCT_NUM (Ambiguous),73
+NAME+DOB+PHONE (Ambiguous),72
+PNAME+PHONE+SSN+PASSPORT+ACCT_NUM (Ambiguous),72
+DOB+ADDRESS+DRLIC+LOGIN_ID+ACCT_NUM,72
+PNAME+ADDRESS-DOB-SSN-DRLIC-PASSPORT,72
+PNAME+DOB+ACCT_NUM (Ambiguous),72
+ADDRESS-GENERATION-PASSPORT,72
+NAME+ADDRESS+PHONE+DRLIC+ACCT_NUM (Ambiguous),71
+SURNAME+DOB+PHONE+DRLIC+LOGIN_ID,71
+DOB+ADDRESS+SSN+PASSPORT+LOGIN_ID,71
+SURNAME+DOB+ADDRESS+DRLIC+PASSPORT+ACCT_NUM,70
+NAME+DOB+ADDRESS+PHONE (Ambiguous),69
+PNAME+DRLIC+PASSPORT+LOGIN_ID+ACCT_NUM,69
+SURNAME+ADDRESS-PASSPORT,69
+NAME+ADDRESS+SSN+DRLIC (Ambiguous),68
+DOB+SSN-GENDER,68
+NAME+ADDRESS+PHONE+SSN+DRLIC+ACCT_NUM (Ambiguous),67
+SURNAME+DOB+ADDRESS+PHONE+DRLIC+LOGIN_ID+ACCT_NUM,67
+SURNAME+ADDRESS+PHONE+SSN+DRLIC+PASSPORT+LOGIN_ID+ACCT_NUM,67
+LOGIN_ID-GENERATION-DOB-GENDER-PASSPORT,66
+PHONE-GENDER-DRLIC-PASSPORT,66
+NAME+ADDRESS+PHONE+SSN+PASSPORT+ACCT_NUM (Ambiguous),66
+LIKELY_NAME+ADDRESS+SSN+DRLIC,66
+SURNAME+LOGIN_ID-GENDER-SSN-DRLIC,65
+PASSPORT-DOB-SSN,65
+PNAME+DOB+ADDRESS+PHONE+SSN+DRLIC (Ambiguous),65
+PNAME+DOB+SSN+ACCT_NUM (Ambiguous),65
+PNAME+DOB+ADDRESS+ACCT_NUM (Ambiguous),64
+PNAME-SSN,64
+LIKELY_NAME+DRLIC,64
+DOB+DRLIC+LOGIN_ID+ACCT_NUM,64
+PNAME+LOGIN_ID-DOB-DRLIC-PASSPORT,64
+NAME+DOB+SSN (Ambiguous),64
+SURNAME+DOB+PHONE+SSN+DRLIC+PASSPORT+ACCT_NUM,64
+NAME+SSN+PASSPORT (Ambiguous),63
+LOGIN_ID-GENERATION-DOB-SSN-DRLIC-PASSPORT,63
+SURNAME+DRLIC+LOGIN_ID+ACCT_NUM,63
+DOB+PHONE+SSN+DRLIC+LOGIN_ID+ACCT_NUM,63
+SURNAME+DOB+ADDRESS+PHONE+SSN+DRLIC+PASSPORT+ACCT_NUM,62
+PNAME+DOB+ADDRESS+SSN+ACCT_NUM (Ambiguous),62
+SURNAME+ADDRESS+PHONE+DRLIC+PASSPORT+LOGIN_ID,62
+NAME+SSN+DRLIC (Ambiguous),62
+LIKELY_NAME+PHONE+SSN+PASSPORT,62
+SURNAME+LOGIN_ID-DOB-SSN-DRLIC,62
+SURNAME+ADDRESS+PASSPORT+LOGIN_ID+ACCT_NUM,62
+PASSPORT-GENDER-SSN,62
+LIKELY_NAME+PHONE+PASSPORT,60
+NAME+ADDRESS+SSN+PASSPORT (Ambiguous),60
+NAME+DOB+ADDRESS+PHONE+ACCT_NUM (Ambiguous),60
+NAME+ADDRESS+PHONE+DRLIC (Ambiguous),60
+PHONE+DRLIC+PASSPORT+LOGIN_ID+ACCT_NUM,59
+LIKELY_NAME+DOB+ADDRESS,59
+SURNAME+ADDRESS+DRLIC+LOGIN_ID+ACCT_NUM,59
+PNAME+ADDRESS+PHONE+PASSPORT (Ambiguous),59
+DOB+SSN+PASSPORT+LOGIN_ID+ACCT_NUM,58
+NAME+PHONE-SSN,58
+SURNAME+PHONE+SSN+DRLIC+PASSPORT+LOGIN_ID,58
+PASSPORT-DOB,57
+DOB+ADDRESS+SSN+DRLIC+LOGIN_ID+ACCT_NUM,57
+PASSPORT-GENDER,57
+LOGIN_ID-GENERATION-DOB-GENDER-SSN-DRLIC,57
+PNAME+DOB+ADDRESS+PHONE (Ambiguous),57
+PNAME+ADDRESS-GENDER-SSN-PASSPORT,57
+SURNAME+LOGIN_ID-GENDER-DRLIC,56
+SURNAME+DOB+DRLIC+PASSPORT+ACCT_NUM,56
+SURNAME+DOB+LOGIN_ID+ACCT_NUM,55
+DOB+SSN+DRLIC+LOGIN_ID+ACCT_NUM,55
+SURNAME+DOB+SSN+DRLIC+PASSPORT+ACCT_NUM,55
+LIKELY_NAME+DOB+PHONE+ACCT_NUM,54
+PNAME+PHONE-DOB-SSN,54
+LOGIN_ID-GENERATION-DOB-DRLIC,54
+SURNAME+DOB+SSN+LOGIN_ID+ACCT_NUM,54
+NAME+DOB (Ambiguous),54
+SURNAME+DOB+ADDRESS+DRLIC+LOGIN_ID,54
+DOB+ADDRESS-GENDER-SSN,54
+PNAME,53
+SURNAME+ADDRESS-GENDER-SSN-PASSPORT,53
+LIKELY_NAME+ADDRESS+DRLIC,53
+PNAME+PHONE+SSN+DRLIC+PASSPORT (Ambiguous),53
+DOB+PHONE+SSN+PASSPORT+LOGIN_ID+ACCT_NUM,53
+NAME+LOGIN_ID-DOB-SSN,53
+PHONE-DOB-GENDER-DRLIC-PASSPORT,52
+NAME+SSN,52
+NAME+DOB-GENERATION-SSN,52
+PNAME+SSN-PASSPORT,52
+PNAME+ADDRESS+PHONE+PASSPORT+ACCT_NUM (Ambiguous),52
+DOB+LOGIN_ID-GENDER-SSN-PASSPORT,51
+SURNAME+DOB+ADDRESS+SSN+LOGIN_ID+ACCT_NUM,51
+NAME+DOB+PHONE+ACCT_NUM (Ambiguous),51
+LOGIN_ID-GENERATION-DOB-GENDER-SSN-DRLIC-PASSPORT,51
+NAME+ADDRESS+PHONE+PASSPORT (Ambiguous),50
+NAME+DOB+ADDRESS+SSN+ACCT_NUM (Ambiguous),50
+NAME+LOGIN_ID-DOB,50
+NAME+ADDRESS-DOB-SSN,50
+DOB+ADDRESS+PASSPORT+LOGIN_ID+ACCT_NUM,50
+SURNAME+PHONE+DRLIC+PASSPORT+LOGIN_ID,49
+PNAME+ADDRESS+DRLIC (Ambiguous),49
+NAME+PHONE+SSN+PASSPORT+ACCT_NUM (Ambiguous),49
+SURNAME+LOGIN_ID-DOB-GENDER-PASSPORT,49
+LIKELY_NAME+SSN+DRLIC,49
+PNAME+SSN+DRLIC+ACCT_NUM (Ambiguous),49
+PNAME+PHONE+DRLIC+ACCT_NUM (Ambiguous),48
+PNAME+ADDRESS-GENDER-PASSPORT,48
+PNAME+DOB+PHONE+SSN+DRLIC (Ambiguous),48
+SURNAME+DOB+PHONE+DRLIC+LOGIN_ID+ACCT_NUM,48
+PNAME-DOB-SSN,48
+SSN-GENERATION,48
+SURNAME+DOB+ADDRESS+SSN+DRLIC+PASSPORT+ACCT_NUM,47
+PNAME+PHONE+SSN+LOGIN_ID (Ambiguous),47
+SURNAME+DOB+DRLIC+LOGIN_ID,47
+PNAME+LOGIN_ID-GENDER-SSN-DRLIC,47
+NAME+PHONE+DRLIC+ACCT_NUM (Ambiguous),47
+PNAME+ADDRESS+PHONE+DRLIC+ACCT_NUM (Ambiguous),47
+SURNAME+DRLIC-DOB,47
+NAME+DOB+SSN+ACCT_NUM (Ambiguous),46
+DRLIC-GENERATION-GENDER-SSN,46
+LOGIN_ID-GENERATION-SSN-DRLIC-PASSPORT,46
+PNAME+PHONE+PASSPORT+ACCT_NUM (Ambiguous),46
+NAME+PHONE+DRLIC (Ambiguous),46
+PNAME+SSN-DRLIC,46
+NAME+ADDRESS+SSN+DRLIC+ACCT_NUM (Ambiguous),45
+PNAME+LOGIN_ID-DOB-GENDER-PASSPORT,45
+LOGIN_ID-GENERATION-GENDER-DRLIC,45
+PNAME+SSN+PASSPORT+ACCT_NUM (Ambiguous),45
+NAME+DOB+ADDRESS (Ambiguous),44
+ADDRESS-GENERATION-DOB-PASSPORT,44
+SURNAME+ADDRESS-DOB-SSN-PASSPORT,44
+SURNAME+ADDRESS+SSN+PASSPORT+LOGIN_ID+ACCT_NUM,44
+LIKELY_NAME+DOB+PHONE+SSN,44
+PNAME+LOGIN_ID-GENDER-DRLIC,43
+NAME+DOB+ACCT_NUM (Ambiguous),43
+NAME+DOB+PHONE+SSN+DRLIC (Ambiguous),43
+DOB+ADDRESS+PHONE+SSN+PASSPORT+LOGIN_ID+ACCT_NUM,43
+SURNAME+LOGIN_ID-DOB-DRLIC,43
+LIKELY_NAME+PHONE+DRLIC+ACCT_NUM,42
+SURNAME+DOB+ADDRESS+PHONE+SSN+DRLIC+LOGIN_ID,42
+PNAME+ADDRESS+PHONE+SSN,42
+SURNAME+DOB+SSN+DRLIC+LOGIN_ID,42
+SURNAME+DOB+PHONE+SSN+PASSPORT+LOGIN_ID,42
+NAME+DOB+ADDRESS+ACCT_NUM (Ambiguous),42
+PNAME+DOB+PHONE+SSN+PASSPORT (Ambiguous),42
+DOB+LOGIN_ID-PASSPORT,42
+DRLIC-GENERATION,41
+SURNAME+DOB+PHONE+SSN+DRLIC+LOGIN_ID,41
+SURNAME+DOB+SSN+PASSPORT+LOGIN_ID,41
+PNAME+PHONE-GENDER-SSN,41
+SURNAME+ADDRESS-DOB-PASSPORT,41
+NAME+PHONE-DRLIC,41
+PNAME+DOB+SSN+DRLIC (Ambiguous),41
+SURNAME+PASSPORT+LOGIN_ID+ACCT_NUM,41
+ADDRESS-GENERATION-SSN-DRLIC,41
+SURNAME+DOB+ADDRESS+PHONE+PASSPORT+LOGIN_ID+ACCT_NUM,41
+DOB+PASSPORT+LOGIN_ID+ACCT_NUM,40
+PNAME+PHONE-GENDER,40
+NAME+LOGIN_ID-GENDER-SSN,40
+NAME+ACCT_NUM (Ambiguous),40
+LIKELY_NAME+ADDRESS+SSN+PASSPORT,40
+PNAME+PHONE-DOB,40
+PNAME+ADDRESS+SSN+DRLIC+ACCT_NUM (Ambiguous),40
+DOB+ADDRESS+SSN+PASSPORT+LOGIN_ID+ACCT_NUM,40
+PNAME+ADDRESS+PHONE+SSN+LOGIN_ID (Ambiguous),40
+NAME+PHONE+PASSPORT (Ambiguous),40
+SURNAME+DOB+ADDRESS+SSN+DRLIC+LOGIN_ID,39
+SURNAME+DOB+ADDRESS+SSN+PASSPORT+LOGIN_ID,39
+PNAME+DOB+ADDRESS+SSN+DRLIC (Ambiguous),39
+PNAME+LOGIN_ID-DOB-GENDER-SSN-DRLIC,39
+DRLIC+PASSPORT+LOGIN_ID+ACCT_NUM,39
+SURNAME+SSN+PASSPORT+LOGIN_ID+ACCT_NUM,39
+PNAME+ADDRESS+SSN+PASSPORT+ACCT_NUM (Ambiguous),39
+SURNAME+DOB+ADDRESS+PHONE+SSN+DRLIC+LOGIN_ID+ACCT_NUM,39
+NAME+ADDRESS+DRLIC (Ambiguous),39
+LIKELY_NAME+PHONE+SSN+DRLIC+ACCT_NUM,38
+ADDRESS-GENERATION-GENDER-PASSPORT,38
+PNAME+DOB+ADDRESS+PHONE+SSN+PASSPORT (Ambiguous),38
+LIKELY_NAME+ADDRESS+PASSPORT,38
+DRLIC-GENERATION-DOB-SSN,38
+PNAME+DOB+PHONE+PASSPORT (Ambiguous),38
+SURNAME+ADDRESS+PHONE+DRLIC+PASSPORT+LOGIN_ID+ACCT_NUM,37
+SURNAME+DRLIC-GENDER-SSN,37
+SURNAME+DRLIC-GENDER,37
+NAME+ADDRESS+PHONE+PASSPORT+ACCT_NUM (Ambiguous),37
+ADDRESS+SSN+DRLIC+PASSPORT+LOGIN_ID+ACCT_NUM,37
+DOB+ADDRESS+PHONE+DRLIC+PASSPORT+LOGIN_ID+ACCT_NUM,37
+DOB+ADDRESS+SSN+DRLIC+PASSPORT+LOGIN_ID,37
+LIKELY_NAME+SSN+PASSPORT,37
+PNAME+SSN+LOGIN_ID (Ambiguous),37
+PNAME+SSN-DOB-PASSPORT,37
+PNAME+ADDRESS+PHONE+SSN+DRLIC+PASSPORT (Ambiguous),37
+SURNAME+DOB+ADDRESS+PASSPORT+LOGIN_ID,36
+NAME+LOGIN_ID-GENDER,36
+ADDRESS+DRLIC+PASSPORT+LOGIN_ID+ACCT_NUM,36
+NAME+DOB-GENERATION,36
+LIKELY_NAME+PASSPORT,36
+NAME+PHONE+PASSPORT+ACCT_NUM (Ambiguous),36
+NAME+DOB+ADDRESS+PHONE+SSN+DRLIC (Ambiguous),36
+NAME+DOB+SSN+DRLIC (Ambiguous),35
+PNAME+ADDRESS-DRLIC-PASSPORT,35
+SURNAME+DOB+ADDRESS+PHONE+SSN+PASSPORT+LOGIN_ID,35
+SURNAME+ADDRESS-SSN-DRLIC,35
+DOB+PHONE+DRLIC+PASSPORT+LOGIN_ID+ACCT_NUM,35
+SURNAME+DOB+PHONE+SSN+DRLIC+LOGIN_ID+ACCT_NUM,35
+SURNAME+ADDRESS-DOB-GENDER-SSN-PASSPORT,35
+PNAME+DOB+ADDRESS+PHONE+DRLIC (Ambiguous),35
+PNAME+DOB+PHONE+DRLIC (Ambiguous),34
+ADDRESS-GENERATION-DOB-GENDER-PASSPORT,34
+NAME+SSN+DRLIC+ACCT_NUM (Ambiguous),34
+PASSPORT-DOB-GENDER-SSN,34
+DRLIC-GENERATION-SSN-PASSPORT,34
+PNAME+SSN-GENDER,34
+NAME+ADDRESS+PHONE+SSN+LOGIN_ID (Ambiguous),34
+SURNAME+DRLIC-DOB-SSN,34
+NAME+DOB+ADDRESS+PHONE+SSN+DRLIC+ACCT_NUM (Ambiguous),34
+SURNAME+PHONE+SSN+DRLIC+PASSPORT+LOGIN_ID+ACCT_NUM,34
+LIKELY_NAME+DOB+PHONE+PASSPORT,33
+LIKELY_NAME+PHONE+SSN+LOGIN_ID,33
+SURNAME+DOB+PHONE+PASSPORT+LOGIN_ID+ACCT_NUM,33
+LIKELY_NAME+DOB+ADDRESS+ACCT_NUM,33
+SSN+DRLIC+PASSPORT+LOGIN_ID+ACCT_NUM,33
+PNAME+DOB+PHONE+DRLIC+ACCT_NUM (Ambiguous),33
+NAME+SSN+PASSPORT+ACCT_NUM (Ambiguous),33
+PNAME+DOB+SSN+PASSPORT (Ambiguous),33
+PNAME+DOB+PASSPORT (Ambiguous),33
+SURNAME+DOB+PASSPORT+LOGIN_ID,32
+PNAME+DRLIC-DOB-PASSPORT,32
+DOB+ADDRESS+PHONE+SSN+DRLIC+PASSPORT+LOGIN_ID,32
+SURNAME+ADDRESS+SSN+DRLIC+PASSPORT+LOGIN_ID+ACCT_NUM,32
+PNAME+DOB+ADDRESS+PHONE+PASSPORT (Ambiguous),32
+PNAME+ADDRESS+DRLIC+ACCT_NUM (Ambiguous),32
+NAME+PHONE+SSN+LOGIN_ID (Ambiguous),32
+PNAME+DOB+ADDRESS+SSN+PASSPORT (Ambiguous),32
+NAME+ADDRESS+PHONE+SSN+DRLIC+PASSPORT (Ambiguous),32
+LIKELY_NAME+DOB+PHONE+DRLIC,32
+SURNAME+DOB+ADDRESS+PHONE+DRLIC+PASSPORT+LOGIN_ID,32
+NAME+DOB+PHONE+SSN+PASSPORT (Ambiguous),32
+NAME+ADDRESS-DOB,32
+SURNAME+PHONE+DRLIC+PASSPORT+LOGIN_ID+ACCT_NUM,32
+SURNAME+SSN+DRLIC+LOGIN_ID+ACCT_NUM,32
+LIKELY_NAME+PHONE+PASSPORT+ACCT_NUM,32
+SURNAME+DRLIC+PASSPORT+LOGIN_ID,31
+DOB+SSN-PASSPORT,31
+PNAME+DOB+ADDRESS+DRLIC (Ambiguous),31
+LIKELY_NAME+PHONE+LOGIN_ID,31
+SURNAME+SSN+DRLIC+PASSPORT+LOGIN_ID,31
+PNAME+DOB+ADDRESS+PHONE+SSN+DRLIC+ACCT_NUM (Ambiguous),31
+PNAME+DOB+ADDRESS+PHONE+SSN+PASSPORT+ACCT_NUM (Ambiguous),31
+NAME+ADDRESS-SSN-PASSPORT,31
+NAME+ADDRESS+PHONE-DRLIC,31
+NAME+ADDRESS+PHONE,31
+PNAME+ADDRESS-DOB-GENDER-SSN-PASSPORT,31
+PNAME+PHONE+SSN,31
+DRLIC-GENERATION-DOB-GENDER-SSN-PASSPORT,30
+LIKELY_NAME+ADDRESS+PHONE+DRLIC,30
+DOB+PHONE+SSN+DRLIC+PASSPORT+LOGIN_ID,30
+PNAME+ADDRESS+PHONE+LOGIN_ID (Ambiguous),30
+PNAME+ADDRESS+PASSPORT (Ambiguous),30
+NAME+DOB+ADDRESS+PHONE+SSN+PASSPORT (Ambiguous),29
+PASSPORT-DOB-GENDER,29
+DRLIC-GENERATION-GENDER,29
+SURNAME+ADDRESS+SSN+DRLIC+PASSPORT+LOGIN_ID,29
+DOB+LOGIN_ID-DRLIC,29
+NAME+DOB+PHONE+DRLIC (Ambiguous),29
+LIKELY_NAME+DRLIC+ACCT_NUM,29
+DRLIC-GENERATION-DOB-GENDER-SSN,29
+PNAME+PHONE-SSN-PASSPORT,29
+DOB+SSN+DRLIC+PASSPORT+LOGIN_ID,28
+SURNAME+DOB+ADDRESS+DRLIC+LOGIN_ID+ACCT_NUM,28
+PNAME+ADDRESS+SSN+LOGIN_ID (Ambiguous),28
+NAME+ADDRESS-GENDER-SSN,28
+PNAME+DOB+ADDRESS+PHONE+DRLIC+ACCT_NUM (Ambiguous),28
+LIKELY_NAME+PHONE+SSN+PASSPORT+ACCT_NUM,28
+PNAME+DRLIC-GENDER,28
+NAME+PHONE,28
+NAME+DOB+PHONE+PASSPORT (Ambiguous),28
+DOB+ADDRESS+DRLIC+PASSPORT+LOGIN_ID,27
+SURNAME+ADDRESS-GENDER-PASSPORT,27
+DRLIC-GENERATION-DOB-SSN-PASSPORT,27
+PNAME+DRLIC-GENDER-SSN,27
+DOB+ADDRESS+DRLIC+PASSPORT+LOGIN_ID+ACCT_NUM,27
+ADDRESS-GENERATION-DRLIC,27
+SURNAME+ADDRESS+DRLIC+PASSPORT+LOGIN_ID,27
+PNAME+PHONE-PASSPORT,27
+LIKELY_NAME+ADDRESS+PASSPORT+ACCT_NUM,26
+NAME+ADDRESS+SSN+PASSPORT+ACCT_NUM (Ambiguous),26
+LOGIN_ID-GENERATION-GENDER-SSN-DRLIC-PASSPORT,26
+DOB+DRLIC+PASSPORT+LOGIN_ID,26
+LIKELY_NAME+DOB+ACCT_NUM,26
+LIKELY_NAME+PHONE+DRLIC+PASSPORT,26
+NAME+PHONE-DOB-SSN,26
+SURNAME+SSN-GENDER,26
+NAME+LOGIN_ID-SSN-PASSPORT,26
+LIKELY_NAME+DOB+DRLIC,26
+PNAME-SSN-PASSPORT,26
+SURNAME+ADDRESS-GENDER-SSN-DRLIC,26
+PNAME+PHONE+SSN+LOGIN_ID+ACCT_NUM (Ambiguous),25
+NAME+PHONE+SSN+DRLIC+PASSPORT (Ambiguous),25
+PNAME+DOB+PHONE+SSN+PASSPORT+ACCT_NUM (Ambiguous),25
+SURNAME+LOGIN_ID-DOB-GENDER-SSN-DRLIC,25
+SURNAME+ADDRESS-DOB-GENDER-PASSPORT,25
+NAME+ADDRESS-PASSPORT,25
+PNAME+LOGIN_ID-GENDER-SSN-DRLIC-PASSPORT,25
+NAME+ADDRESS-GENDER,25
+DOB+SSN-GENDER-PASSPORT,25
+LIKELY_NAME+DOB+ADDRESS+DRLIC,25
+LOGIN_ID-GENERATION-DRLIC-PASSPORT,25
+PNAME+DOB+PHONE+SSN+DRLIC+ACCT_NUM (Ambiguous),25
+PNAME+ADDRESS+PHONE+SSN+LOGIN_ID+ACCT_NUM (Ambiguous),24
+PNAME+ADDRESS+PHONE+SSN+DRLIC+PASSPORT+ACCT_NUM (Ambiguous),24
+PNAME+DOB+DRLIC (Ambiguous),24
+SURNAME+DOB+ADDRESS+PASSPORT+LOGIN_ID+ACCT_NUM,24
+ADDRESS-GENERATION-DOB-SSN-DRLIC,24
+LIKELY_NAME+ADDRESS+SSN+DRLIC+ACCT_NUM,24
+SURNAME+SSN+DRLIC+PASSPORT+LOGIN_ID+ACCT_NUM,24
+PNAME+ADDRESS-DOB-DRLIC-PASSPORT,24
-GENERATION-SSN,24
+NAME+DOB-GENERATION-SSN-PASSPORT,24
+SURNAME+LOGIN_ID-SSN-DRLIC-PASSPORT,24
+DOB+DRLIC-SSN,23
+PNAME+PHONE+LOGIN_ID (Ambiguous),23
+SURNAME+LOGIN_ID-DOB-GENDER-DRLIC,23
+SURNAME+DOB+ADDRESS+SSN+DRLIC+LOGIN_ID+ACCT_NUM,23
+NAME+ADDRESS+PASSPORT (Ambiguous),23
+PNAME-DOB-SSN-PASSPORT,23
+SURNAME+DOB+DRLIC+LOGIN_ID+ACCT_NUM,23
+PNAME+SSN+DRLIC+PASSPORT (Ambiguous),23
+PNAME+PHONE-DRLIC,23
+NAME+DOB+ADDRESS+PHONE+PASSPORT (Ambiguous),23
+DOB+LOGIN_ID-SSN-DRLIC,22
+DOB+ADDRESS+SSN+DRLIC+PASSPORT+LOGIN_ID+ACCT_NUM,22
+SURNAME+DOB+ADDRESS+PHONE+DRLIC+PASSPORT+LOGIN_ID+ACCT_NUM,22
+DOB+ADDRESS-SSN-PASSPORT,22
+SURNAME+ADDRESS-DRLIC,22
+DRLIC-GENERATION-DOB,22
+PNAME+SSN+LOGIN_ID+ACCT_NUM (Ambiguous),22
+NAME+ADDRESS+PHONE+SSN-DRLIC,22
+NAME+LOGIN_ID-DOB-GENDER-SSN,22
+NAME+PHONE+DRLIC+PASSPORT (Ambiguous),22
+ADDRESS-GENERATION-DOB-GENDER-SSN-DRLIC-PASSPORT,22
+ADDRESS-GENERATION-DOB-GENDER-SSN-DRLIC,22
+PNAME+ADDRESS-GENDER-DRLIC,22
+DOB+ADDRESS+PHONE+SSN+DRLIC+PASSPORT+LOGIN_ID+ACCT_NUM,22
+PNAME+LOGIN_ID-DOB-GENDER-DRLIC,21
+PNAME-DOB,21
+SURNAME+ADDRESS-DOB-SSN-DRLIC,21
+DOB+ADDRESS-GENDER,21
+PNAME+ADDRESS-GENDER-SSN-DRLIC,21
+LIKELY_NAME+DOB+ADDRESS+SSN,21
+LOGIN_ID-GENERATION-DOB-GENDER-DRLIC,21
+DOB+LOGIN_ID-SSN-DRLIC-PASSPORT,21
+NAME+DOB+PHONE+SSN+DRLIC+ACCT_NUM (Ambiguous),21
+NAME+DOB+ADDRESS+PHONE+DRLIC+ACCT_NUM (Ambiguous),21
+NAME+DRLIC (Ambiguous),20
+PNAME+LOGIN_ID-GENDER-DRLIC-PASSPORT,20
+NAME+DOB+ADDRESS+PHONE+SSN+PASSPORT+ACCT_NUM (Ambiguous),20
+NAME+DOB+ADDRESS+SSN+DRLIC (Ambiguous),20
+NAME+DOB+PHONE+SSN+LOGIN_ID (Ambiguous),20
+LIKELY_NAME+PHONE+LOGIN_ID+ACCT_NUM,20
+PNAME+DOB+ADDRESS+PHONE+PASSPORT+ACCT_NUM (Ambiguous),20
+DOB+ADDRESS-PASSPORT,20
+ADDRESS-GENERATION-GENDER-SSN-DRLIC,20
+LOGIN_ID-GENERATION-GENDER-DRLIC-PASSPORT,20
+SURNAME+DOB+ADDRESS+SSN+DRLIC+PASSPORT+LOGIN_ID,20
+NAME+ADDRESS+SSN+LOGIN_ID (Ambiguous),20
+PNAME+DOB+DRLIC+ACCT_NUM (Ambiguous),20
+PNAME+DOB+PASSPORT+ACCT_NUM (Ambiguous),20
+SURNAME+LOGIN_ID-DOB-GENDER-SSN-DRLIC-PASSPORT,20
+NAME+DOB+PHONE+DRLIC+ACCT_NUM (Ambiguous),20
+LIKELY_NAME+ADDRESS+DRLIC+ACCT_NUM,20
+PNAME-PASSPORT,19
+PNAME+DOB+PHONE+LOGIN_ID (Ambiguous),19
+PNAME+DOB+PHONE+SSN,19
+SURNAME+LOGIN_ID-GENDER-SSN-DRLIC-PASSPORT,19
+NAME+PHONE+SSN-DRLIC,19
+NAME+DOB+PHONE+SSN+PASSPORT+ACCT_NUM (Ambiguous),19
+SURNAME+LOGIN_ID-DRLIC-PASSPORT,19
+SURNAME+DOB+PHONE+DRLIC+PASSPORT+LOGIN_ID,19
+NAME+ADDRESS+DRLIC+ACCT_NUM (Ambiguous),19
+DRLIC-GENERATION-GENDER-SSN-PASSPORT,19
+PNAME+ADDRESS+PHONE+DRLIC+PASSPORT (Ambiguous),19
+LIKELY_NAME+PASSPORT+ACCT_NUM,19
+SURNAME+LOGIN_ID-DOB-SSN-DRLIC-PASSPORT,19
+PNAME+ADDRESS+SSN,19
+PNAME+DOB+ADDRESS+PHONE+SSN+LOGIN_ID (Ambiguous),19
+SURNAME+SSN-DOB,19
+DOB+PHONE+SSN+DRLIC+PASSPORT+LOGIN_ID+ACCT_NUM,19
+NAME+ADDRESS+PHONE+DRLIC+PASSPORT+ACCT_NUM (Ambiguous),19
+SURNAME,19
+NAME+LOGIN_ID-PASSPORT,19
+NAME+PASSPORT (Ambiguous),18
+PNAME+ADDRESS+LOGIN_ID (Ambiguous),18
+LIKELY_NAME+ADDRESS+LOGIN_ID,18
+LIKELY_NAME+PHONE+SSN+DRLIC+PASSPORT,18
+NAME+DOB+DRLIC (Ambiguous),18
+DRLIC-GENERATION-DOB-GENDER,18
+PNAME+PHONE+DRLIC+PASSPORT (Ambiguous),18
+SURNAME+DRLIC-SSN-PASSPORT,18
+NAME+SSN-DRLIC,18
+PNAME+LOGIN_ID-DOB-GENDER-SSN-DRLIC-PASSPORT,18
+LOGIN_ID-GENERATION-DOB-DRLIC-PASSPORT,18
+PNAME+ADDRESS+PASSPORT+ACCT_NUM (Ambiguous),18
+SURNAME+ADDRESS-GENDER-DRLIC,18
+LIKELY_NAME+ADDRESS+SSN+PASSPORT+ACCT_NUM,18
+LIKELY_NAME+SSN+LOGIN_ID,18
+NAME+PHONE-DOB,18
+NAME+ADDRESS+PHONE+DRLIC+PASSPORT (Ambiguous),18
+NAME+ADDRESS-DRLIC,18
+PASSPORT-DRLIC,18
+NAME+ADDRESS-DOB-SSN-PASSPORT,18
+NAME+ADDRESS+PHONE+LOGIN_ID (Ambiguous),17
+NAME+ADDRESS+PHONE+SSN+DRLIC+PASSPORT+ACCT_NUM (Ambiguous),17
+NAME+DOB+SSN+PASSPORT+ACCT_NUM (Ambiguous),17
+NAME+DOB+SSN+PASSPORT (Ambiguous),17
+NAME+DRLIC+ACCT_NUM (Ambiguous),17
+SURNAME+DOB+PHONE+SSN+PASSPORT+LOGIN_ID+ACCT_NUM,17
+NAME+LOGIN_ID-DOB-GENDER,17
+LIKELY_NAME+SSN+DRLIC+ACCT_NUM,17
+PNAME+PHONE-DOB-SSN-PASSPORT,17
+SSN-GENERATION-DOB-GENDER,17
+SURNAME+DRLIC-PASSPORT,17
+SSN-GENERATION-GENDER,17
+NAME+PHONE+LOGIN_ID (Ambiguous),17
+NAME+ADDRESS,17
+PNAME+DOB+SSN+DRLIC+ACCT_NUM (Ambiguous),17
+NAME+PHONE-SSN-PASSPORT,17
+PNAME+DOB+PHONE+PASSPORT+ACCT_NUM (Ambiguous),17
+SURNAME+ADDRESS+DRLIC+PASSPORT+LOGIN_ID+ACCT_NUM,17
+PNAME+DOB+ADDRESS+PHONE+LOGIN_ID (Ambiguous),17
+ADDRESS-GENERATION-DOB-SSN-DRLIC-PASSPORT,17
+SURNAME+DOB+ADDRESS+PHONE+SSN+PASSPORT+LOGIN_ID+ACCT_NUM,17
+DOB+LOGIN_ID-GENDER-PASSPORT,17
+PNAME+DOB+ADDRESS+PASSPORT (Ambiguous),17
+PNAME+ADDRESS+SSN+DRLIC+PASSPORT (Ambiguous),17
+LIKELY_NAME+DOB+PHONE+DRLIC+ACCT_NUM,17
+DOB+LOGIN_ID-GENDER-SSN-DRLIC,16
+NAME+DOB+ADDRESS+PHONE+DRLIC (Ambiguous),16
+LIKELY_NAME+LOGIN_ID,16
+PNAME+SSN-DOB-GENDER,16
+NAME+DOB+ADDRESS+PHONE+SSN+LOGIN_ID (Ambiguous),16
+NAME+PHONE-GENDER-SSN,16
+NAME+DOB+ADDRESS+PHONE+SSN+DRLIC+PASSPORT (Ambiguous),16
+NAME+LOGIN_ID-SSN-DRLIC,16
+PNAME+PHONE+SSN+DRLIC+LOGIN_ID (Ambiguous),16
+SURNAME+DOB+ADDRESS+DRLIC+PASSPORT+LOGIN_ID,16
+PNAME+ADDRESS+DRLIC+PASSPORT (Ambiguous),16
+NAME+PHONE-PASSPORT,16
+DOB+DRLIC-GENDER-SSN,16
+SURNAME+DRLIC-DOB-GENDER,15
-GENERATION-DOB-SSN,15
+PNAME+ADDRESS+SSN+DRLIC+PASSPORT+ACCT_NUM (Ambiguous),15
+LIKELY_NAME+DOB+ADDRESS+PASSPORT,15
+NAME+PHONE+DRLIC+PASSPORT+ACCT_NUM (Ambiguous),15
+PNAME+PHONE+SSN+DRLIC+PASSPORT+ACCT_NUM (Ambiguous),15
+NAME+DOB+PHONE-DRLIC,15
+PNAME+DOB+ADDRESS+PASSPORT+ACCT_NUM (Ambiguous),15
+SURNAME+PHONE-SSN,15
+PNAME+ADDRESS+PHONE-DRLIC,15
+NAME+ADDRESS+PHONE+ACCT_NUM-DRLIC,15
+SURNAME+DOB+PHONE+SSN+DRLIC+PASSPORT+LOGIN_ID,15
+NAME+LOGIN_ID-DRLIC,15
+SURNAME+SSN-DOB-GENDER,15
+NAME+DOB+ADDRESS-DRLIC,15
+LIKELY_NAME+DOB+PHONE+PASSPORT+ACCT_NUM,15
+PNAME+ADDRESS+PHONE+LOGIN_ID+ACCT_NUM (Ambiguous),15
+ADDRESS-GENERATION-DOB-DRLIC,15
+DRLIC-GENERATION-PASSPORT,15
+PNAME+DOB+ADDRESS+SSN+DRLIC+ACCT_NUM (Ambiguous),15
+NAME+ADDRESS+PASSPORT+ACCT_NUM (Ambiguous),15
+SURNAME+DOB+SSN+DRLIC+LOGIN_ID+ACCT_NUM,15
+NAME+PHONE+SSN+DRLIC+PASSPORT+ACCT_NUM (Ambiguous),14
+DOB+LOGIN_ID-GENDER-DRLIC,14
+NAME+ADDRESS+PHONE+SSN+LOGIN_ID+ACCT_NUM (Ambiguous),14
+NAME+DOB+ADDRESS+SSN+PASSPORT (Ambiguous),14
+SSN-GENERATION-DOB,14
+PNAME+PHONE-DOB-GENDER-SSN,14
+PNAME+DRLIC-DOB-GENDER-SSN,14
+PNAME+DRLIC-DOB-GENDER,14
+LIKELY_NAME+DOB+SSN,14
+PNAME+DOB+SSN+LOGIN_ID (Ambiguous),14
+PNAME+ADDRESS+PHONE+SSN-DRLIC,14
+SURNAME+DOB+ADDRESS+PHONE+SSN+DRLIC+PASSPORT+LOGIN_ID,14
+PNAME+ADDRESS-DOB-GENDER-SSN-DRLIC-PASSPORT,14
+SURNAME+DOB+PASSPORT+LOGIN_ID+ACCT_NUM,14
+ADDRESS-GENERATION-SSN-DRLIC-PASSPORT,14
+PNAME+ADDRESS-DOB-GENDER-PASSPORT,14
+NAME+ADDRESS+SSN+DRLIC+PASSPORT (Ambiguous),14
+DOB+ADDRESS-GENDER-SSN-PASSPORT,14
+LIKELY_NAME+ADDRESS+SSN+LOGIN_ID,14
+PNAME+DOB+ADDRESS+PHONE+SSN+LOGIN_ID+ACCT_NUM (Ambiguous),14
+NAME+PHONE+ACCT_NUM-DRLIC,13
+SURNAME+LOGIN_ID-DOB-DRLIC-PASSPORT,13
+LIKELY_NAME+ADDRESS+SSN+DRLIC+PASSPORT,13
+SURNAME+ADDRESS-DOB-DRLIC,13
+NAME+ADDRESS-DOB-GENDER-SSN,13
+SURNAME+DRLIC-GENDER-SSN-PASSPORT,13
+NAME+DOB+PHONE,13
+PASSPORT-SSN-DRLIC,13
+NAME+ACCT_NUM,13
+PNAME+DOB+SSN+PASSPORT+ACCT_NUM (Ambiguous),13
+PNAME+DOB+DRLIC+PASSPORT (Ambiguous),13
+PNAME+DOB+ADDRESS+PHONE+SSN+DRLIC+PASSPORT+ACCT_NUM (Ambiguous),13
+PNAME+SSN+ACCT_NUM,13
+NAME+DOB-GENERATION-GENDER-SSN,12
+PNAME+DOB+PHONE+SSN+LOGIN_ID (Ambiguous),12
+PNAME+SSN-DOB-DRLIC-PASSPORT,12
+NAME+DOB+PHONE+PASSPORT+ACCT_NUM (Ambiguous),12
+NAME+PHONE+SSN+LOGIN_ID+ACCT_NUM (Ambiguous),12
+SURNAME+DRLIC-DOB-SSN-PASSPORT,12
+NAME+LOGIN_ID-DOB-PASSPORT,12
+SURNAME+PHONE-DOB,12
+NAME+DOB+SSN+DRLIC+PASSPORT (Ambiguous),12
+LIKELY_NAME+ADDRESS+DRLIC+PASSPORT,12
+PNAME+DOB+PHONE+DRLIC+PASSPORT (Ambiguous),12
+DOB+SSN-DRLIC,12
+NAME+DOB+ADDRESS+PHONE-DRLIC,12
+PNAME+DRLIC-GENDER-SSN-PASSPORT,12
+LIKELY_NAME+SSN+DRLIC+PASSPORT,12
+SURNAME+DOB+ADDRESS+SSN+PASSPORT+LOGIN_ID+ACCT_NUM,12
+PNAME+DOB+ADDRESS+SSN+PASSPORT+ACCT_NUM (Ambiguous),12
+DRLIC-GENERATION-DOB-PASSPORT,12
+NAME+ADDRESS+LOGIN_ID (Ambiguous),12
+NAME+DOB+ADDRESS+DRLIC (Ambiguous),12
+NAME+SSN+LOGIN_ID (Ambiguous),12
+PNAME+PHONE-SSN-DRLIC,12
+PNAME+PHONE+SSN-DRLIC,12
+NAME+ADDRESS+PHONE+PASSPORT-DRLIC,12
+SURNAME+DRLIC-DOB-GENDER-SSN,12
+SURNAME+LOGIN_ID-GENDER-DRLIC-PASSPORT,12
+LIKELY_NAME+PHONE+SSN+LOGIN_ID+ACCT_NUM,12
+NAME+ADDRESS-DOB-PASSPORT,11
+DOB+ADDRESS-SSN-DRLIC,11
+NAME+SSN+DRLIC+PASSPORT (Ambiguous),11
+PNAME+SSN-GENDER-PASSPORT,11
+NAME+DOB+ADDRESS+SSN+PASSPORT+ACCT_NUM (Ambiguous),11
+NAME+DOB+SSN,11
+PNAME+DOB+ADDRESS+SSN,11
+ADDRESS-GENERATION-GENDER-DRLIC,11
+SURNAME+DRLIC+PASSPORT+LOGIN_ID+ACCT_NUM,11
+NAME+SSN-DOB,11
+PNAME+DOB+LOGIN_ID+ACCT_NUM (Ambiguous),11
+NAME+PHONE-DOB-SSN-PASSPORT,11
+LIKELY_NAME+DOB+PHONE+LOGIN_ID,11
+NAME+DOB+ADDRESS+PHONE+LOGIN_ID+ACCT_NUM (Ambiguous),11
+NAME+DOB-GENERATION-GENDER,11
+NAME+ADDRESS+ACCT_NUM-DRLIC,11
+NAME+ADDRESS+PHONE+SSN,11
+LIKELY_NAME+PHONE+DRLIC+PASSPORT+ACCT_NUM,11
+DOB+ADDRESS-GENDER-PASSPORT,11
+NAME+ADDRESS+PHONE+SSN+PASSPORT+LOGIN_ID (Ambiguous),11
+NAME+DOB+ADDRESS+PHONE,11
+NAME+DOB+ADDRESS+PHONE+SSN+DRLIC+PASSPORT+ACCT_NUM (Ambiguous),11
+NAME+DOB+SSN+DRLIC+ACCT_NUM (Ambiguous),10
+PNAME+LOGIN_ID-DOB-GENDER-DRLIC-PASSPORT,10
+NAME+ADDRESS+PHONE+DRLIC+LOGIN_ID (Ambiguous),10
+NAME+LOGIN_ID-GENDER-PASSPORT,10
+NAME+PHONE-GENDER,10
+PNAME+DRLIC-DOB-GENDER-SSN-PASSPORT,10
+SURNAME+DOB+SSN+PASSPORT+LOGIN_ID+ACCT_NUM,10
+SURNAME+DOB+SSN+DRLIC+PASSPORT+LOGIN_ID,10
+SURNAME+ADDRESS-DOB-SSN-DRLIC-PASSPORT,10
+NAME+ADDRESS+SSN+DRLIC+PASSPORT+ACCT_NUM (Ambiguous),10
+ADDRESS-GENERATION-DOB-GENDER-DRLIC,10
+PNAME+PHONE+LOGIN_ID+ACCT_NUM (Ambiguous),10
+NAME+SSN-GENDER,10
+PNAME+DOB+ADDRESS+PHONE+SSN+DRLIC+PASSPORT (Ambiguous),10
+PNAME+PHONE+SSN+DRLIC+LOGIN_ID+ACCT_NUM (Ambiguous),10
+SURNAME+SSN-GENDER-PASSPORT,10
+LIKELY_NAME+PHONE+SSN+DRLIC+LOGIN_ID,10
+LIKELY_NAME+PHONE+DRLIC+LOGIN_ID,10
+PNAME+DOB+ADDRESS+DRLIC+ACCT_NUM (Ambiguous),10
+DOB+DRLIC+PASSPORT+LOGIN_ID+ACCT_NUM,10
+PNAME+ADDRESS+SSN+LOGIN_ID+ACCT_NUM (Ambiguous),10
+LIKELY_NAME+DRLIC+PASSPORT,10
+PNAME+ADDRESS+PHONE+SSN+DRLIC+LOGIN_ID (Ambiguous),10
+LIKELY_NAME+DOB+ADDRESS+LOGIN_ID,10
+PNAME+PHONE-DOB-GENDER,10
+PNAME+PHONE-DOB-PASSPORT,10
-GENERATION-GENDER-SSN,10
+LIKELY_NAME+PHONE+SSN+DRLIC+PASSPORT+ACCT_NUM,9
+PNAME+ADDRESS+PHONE+DRLIC+LOGIN_ID+ACCT_NUM (Ambiguous),9
+DOB+DRLIC-SSN-PASSPORT,9
+PNAME+DOB+ADDRESS+SSN+DRLIC+PASSPORT+ACCT_NUM (Ambiguous),9
+PNAME+SSN+ACCT_NUM-DRLIC,9
+PNAME+ADDRESS+SSN+PASSPORT+LOGIN_ID (Ambiguous),9
+LIKELY_NAME+DOB+PASSPORT,9
+NAME+ADDRESS+PHONE-SSN,9
+DOB+ADDRESS+PHONE-DRLIC,9
+PNAME+ADDRESS-DOB-GENDER-DRLIC,9
+SURNAME+PHONE-DOB-SSN,9
+PNAME+SSN-DOB-DRLIC,9
+PNAME+PHONE+DRLIC+PASSPORT+ACCT_NUM (Ambiguous),9
+PNAME+ADDRESS-DOB-GENDER-SSN-DRLIC,9
+NAME+DOB-GENERATION-GENDER-SSN-PASSPORT,9
+PNAME+DOB+PHONE+SSN+DRLIC+PASSPORT (Ambiguous),9
+LIKELY_NAME+DOB+DRLIC+ACCT_NUM,9
+SURNAME+DOB+DRLIC+PASSPORT+LOGIN_ID,9
+NAME+ADDRESS-DOB-SSN-DRLIC,9
+PNAME+ADDRESS+PHONE+SSN+DRLIC+LOGIN_ID+ACCT_NUM (Ambiguous),9
+PNAME+ADDRESS+PHONE+SSN+DRLIC,9
+PNAME+PHONE-GENDER-PASSPORT,9
+NAME+DOB+ADDRESS+PASSPORT (Ambiguous),9
+NAME+DOB+ADDRESS+PHONE+SSN-DRLIC,9
+PNAME+ADDRESS+LOGIN_ID+ACCT_NUM (Ambiguous),9
+NAME+DOB+PHONE+LOGIN_ID (Ambiguous),9
+NAME+ADDRESS+SSN-DRLIC,9
+NAME+ADDRESS+PHONE+DRLIC,9
+SURNAME+ADDRESS-SSN-DRLIC-PASSPORT,9
+SSN-GENERATION-DRLIC,9
+SURNAME+SSN-PASSPORT,9
+PNAME+PHONE+DRLIC+LOGIN_ID (Ambiguous),9
+PNAME+DOB+ADDRESS+PHONE+DRLIC+PASSPORT (Ambiguous),9
+PNAME+PHONE+SSN+PASSPORT+LOGIN_ID (Ambiguous),9
+NAME+PHONE-DOB-GENDER,9
+SURNAME+DOB+PHONE+DRLIC+PASSPORT+LOGIN_ID+ACCT_NUM,9
+NAME+DOB+PHONE+SSN+DRLIC+PASSPORT (Ambiguous),9
+PNAME+DOB+ADDRESS+LOGIN_ID (Ambiguous),9
+SURNAME+PHONE-GENDER-SSN,9
+DOB+LOGIN_ID-DRLIC-PASSPORT,9
+LIKELY_NAME+SSN+PASSPORT+ACCT_NUM,9
+PNAME+DOB+ADDRESS+DRLIC+PASSPORT (Ambiguous),9
+DOB+ADDRESS-DRLIC,9
+NAME+DOB+DRLIC+ACCT_NUM (Ambiguous),8
+DOB+DRLIC-GENDER,8
+NAME+PHONE+PASSPORT-DRLIC,8
+NAME+DOB+ADDRESS+SSN+LOGIN_ID (Ambiguous),8
+LIKELY_NAME+PHONE+DRLIC+LOGIN_ID+ACCT_NUM,8
+NAME+PHONE+DRLIC+LOGIN_ID (Ambiguous),8
+NAME+LOGIN_ID-GENDER-DRLIC,8
+LIKELY_NAME+DOB+PHONE+DRLIC+PASSPORT,8
+NAME+SSN+LOGIN_ID+ACCT_NUM (Ambiguous),8
+NAME+DOB+ADDRESS+PASSPORT+ACCT_NUM (Ambiguous),8
+NAME+DOB+ADDRESS+SSN+DRLIC+ACCT_NUM (Ambiguous),8
+NAME+SSN+DRLIC+PASSPORT+ACCT_NUM (Ambiguous),8
+SURNAME+DRLIC-GENDER-PASSPORT,8
+PNAME+SSN-DRLIC-PASSPORT,8
+PNAME+ADDRESS+PHONE+DRLIC+LOGIN_ID (Ambiguous),8
+NAME+ADDRESS-GENDER-PASSPORT,8
+NAME+SSN+DRLIC+LOGIN_ID (Ambiguous),8
+PNAME+ADDRESS+PHONE+SSN+ACCT_NUM-DRLIC,8
+NAME+ADDRESS+PHONE+LOGIN_ID+ACCT_NUM (Ambiguous),8
+PNAME+ADDRESS+DRLIC+LOGIN_ID (Ambiguous),8
+PNAME+ADDRESS+PHONE+PASSPORT+LOGIN_ID (Ambiguous),8
+NAME+LOGIN_ID-GENDER-SSN-PASSPORT,8
+LIKELY_NAME+DRLIC+LOGIN_ID,8
+LIKELY_NAME+SSN+LOGIN_ID+ACCT_NUM,8
+DOB+SSN+DRLIC+PASSPORT+LOGIN_ID+ACCT_NUM,8
+LIKELY_NAME+ADDRESS+SSN+DRLIC+PASSPORT+ACCT_NUM,8
+PNAME+DOB+LOGIN_ID (Ambiguous),8
+LIKELY_NAME+ADDRESS+LOGIN_ID+ACCT_NUM,8
-GENERATION,8
+NAME+LOGIN_ID-DOB-SSN-PASSPORT,8
+NAME+DOB+PHONE+SSN-DRLIC,8
+NAME+LOGIN_ID-DOB-GENDER-SSN-PASSPORT,8
+SURNAME+ADDRESS-DRLIC-PASSPORT,8
+NAME+ADDRESS+SSN,8
+PNAME+DOB+PHONE+SSN+DRLIC+PASSPORT+ACCT_NUM (Ambiguous),8
+NAME+PHONE+SSN,8
+SURNAME+ADDRESS-DOB-GENDER-SSN-DRLIC,7
+NAME+ADDRESS-DOB-DRLIC,7
+NAME+ADDRESS+DRLIC+PASSPORT (Ambiguous),7
+NAME+ADDRESS+PHONE+LOGIN_ID-DRLIC,7
+NAME+ACCT_NUM-DRLIC,7
+NAME+ADDRESS+PHONE+SSN+DRLIC+LOGIN_ID (Ambiguous),7
+NAME+DOB+ADDRESS,7
+NAME+DOB+ADDRESS+DRLIC+ACCT_NUM (Ambiguous),7
+NAME+DOB+ADDRESS+LOGIN_ID (Ambiguous),7
+NAME+DOB+ADDRESS+PHONE+DRLIC+PASSPORT+ACCT_NUM (Ambiguous),7
+NAME+DOB+ADDRESS+PHONE+PASSPORT+ACCT_NUM (Ambiguous),7
+NAME+DOB-GENERATION-SSN-DRLIC,7
+NAME+DOB+PASSPORT (Ambiguous),7
+NAME+DOB+PHONE+DRLIC+PASSPORT (Ambiguous),7
+LIKELY_NAME+PHONE+SSN+PASSPORT+LOGIN_ID,7
+NAME+PHONE+PASSPORT,7
+NAME+PHONE+SSN+DRLIC+LOGIN_ID (Ambiguous),7
+NAME+SSN+PASSPORT+LOGIN_ID (Ambiguous),7
+PASSPORT-DOB-SSN-DRLIC,7
+PASSPORT-GENDER-SSN-DRLIC,7
+LIKELY_NAME+PASSPORT+LOGIN_ID,7
+PHONE-GENERATION,7
+LIKELY_NAME+DOB+PHONE+SSN+PASSPORT,7
+PHONE+SSN-DRLIC,7
+LIKELY_NAME+DOB+PHONE+LOGIN_ID+ACCT_NUM,7
+LIKELY_NAME+DOB+PASSPORT+ACCT_NUM,7
+LIKELY_NAME+DOB+DRLIC+PASSPORT,7
+PNAME+ADDRESS+PHONE+DRLIC+PASSPORT+ACCT_NUM (Ambiguous),7
+LIKELY_NAME+DOB+ADDRESS+DRLIC+ACCT_NUM,7
+PNAME+ADDRESS+PHONE+SSN+PASSPORT-DRLIC,7
+PNAME+ADDRESS+PHONE+SSN+PASSPORT+LOGIN_ID+ACCT_NUM (Ambiguous),7
+LIKELY_NAME+ADDRESS+SSN+LOGIN_ID+ACCT_NUM,7
+PNAME+DOB+ADDRESS+PHONE+SSN,7
+PNAME+DOB+ADDRESS+PHONE+SSN+DRLIC+LOGIN_ID (Ambiguous),7
+PNAME+DOB+SSN+DRLIC+PASSPORT (Ambiguous),7
+LIKELY_NAME+ADDRESS+PASSPORT+LOGIN_ID,7
+PNAME-GENDER,7
-GENERATION-SSN-PASSPORT,7
-GENERATION-DOB-GENDER-SSN,7
+PNAME+PHONE-DOB-DRLIC,7
+PNAME+PHONE-GENDER-SSN-PASSPORT,7
+PNAME+PHONE+SSN+DRLIC,7
+PNAME-SSN-DRLIC,7
+PNAME+SSN+DRLIC+ACCT_NUM,7
+PNAME+SSN+DRLIC+PASSPORT+ACCT_NUM (Ambiguous),7
+DOB+SSN-DRLIC-PASSPORT,7
+SSN-GENERATION-DOB-GENDER-PASSPORT,7
+SSN-GENERATION-GENDER-PASSPORT,7
+DOB+LOGIN_ID-GENDER-SSN-DRLIC-PASSPORT,7
+DOB+DRLIC-GENDER-SSN-PASSPORT,7
+DOB+ADDRESS-GENDER-DRLIC,7
+SURNAME-DOB-SSN,7
+SURNAME+SSN-DOB-PASSPORT,7
+SURNAME+DOB+SSN+DRLIC+PASSPORT+LOGIN_ID+ACCT_NUM,6
+PHONE+ACCT_NUM-DRLIC,6
+SURNAME+DRLIC-DOB-GENDER-SSN-PASSPORT,6
+LIKELY_NAME+PHONE+PASSPORT+LOGIN_ID,6
+PNAME+PHONE-DOB-GENDER-SSN-PASSPORT,6
+NAME+PHONE+SSN+PASSPORT+LOGIN_ID (Ambiguous),6
+NAME+PHONE+SSN+ACCT_NUM-DRLIC,6
+NAME+DOB+SSN+LOGIN_ID (Ambiguous),6
+PNAME+SSN+DRLIC+LOGIN_ID (Ambiguous),6
+NAME+ADDRESS+DRLIC,6
+PHONE-GENERATION-SSN,6
+PNAME+DOB+ADDRESS+PHONE+DRLIC+PASSPORT+ACCT_NUM (Ambiguous),6
+DOB+ADDRESS-GENDER-SSN-DRLIC,6
+NAME+ADDRESS-GENDER-SSN-PASSPORT,6
+SURNAME+ADDRESS-DOB-GENDER-DRLIC,6
+NAME+DOB+PASSPORT+ACCT_NUM (Ambiguous),6
-GENERATION-PASSPORT,6
+PNAME-DOB-SSN-DRLIC,6
+DOB+SSN-GENDER-DRLIC,6
+PASSPORT-GENDER-DRLIC,6
+NAME+ADDRESS+SSN+LOGIN_ID+ACCT_NUM (Ambiguous),6
+NAME+DOB-GENERATION-SSN-DRLIC-PASSPORT,6
+PASSPORT-DOB-GENDER-SSN-DRLIC,6
+NAME+SSN+ACCT_NUM-DRLIC,6
+PNAME+SSN+PASSPORT+LOGIN_ID+ACCT_NUM (Ambiguous),6
+PNAME+PHONE+SSN-GENERATION,6
+PNAME-DOB-PASSPORT,6
+LOGIN_ID-GENERATION-DOB-GENDER-DRLIC-PASSPORT,6
+NAME+DOB+ADDRESS+PHONE+SSN+DRLIC+LOGIN_ID (Ambiguous),6
+ADDRESS+PHONE+SSN+ACCT_NUM-DRLIC,6
+NAME+LOGIN_ID (Ambiguous),6
+PNAME+DOB+SSN+DRLIC+PASSPORT+ACCT_NUM (Ambiguous),6
+PNAME-DOB-SSN-DRLIC-PASSPORT,6
+PNAME-GENDER-SSN,6
+NAME+DOB+ADDRESS+PHONE+SSN+LOGIN_ID+ACCT_NUM (Ambiguous),6
+NAME+ADDRESS-DOB-GENDER,6
+SSN-GENERATION-DRLIC-PASSPORT,6
+SURNAME+ADDRESS-GENDER-SSN-DRLIC-PASSPORT,6
+PNAME+DRLIC-GENDER-PASSPORT,6
+LIKELY_NAME+ADDRESS+DRLIC+LOGIN_ID,6
+SURNAME+PHONE-SSN-DRLIC,6
+SURNAME+LOGIN_ID-DOB-GENDER-DRLIC-PASSPORT,6
+NAME+DRLIC-SSN,6
+PNAME+ADDRESS+SSN+DRLIC+LOGIN_ID (Ambiguous),6
+LIKELY_NAME+LOGIN_ID+ACCT_NUM,6
+DRLIC-GENERATION-GENDER-PASSPORT,6
+PNAME+ADDRESS+PASSPORT+LOGIN_ID (Ambiguous),6
+SURNAME+PHONE-PASSPORT,6
+ADDRESS-GENERATION-DOB-DRLIC-PASSPORT,6
+NAME+ADDRESS-SSN-DRLIC,6
+SURNAME-GENDER-SSN,6
+NAME+DOB+ADDRESS+SSN+DRLIC+PASSPORT (Ambiguous),6
+NAME+SSN+DRLIC,6
+NAME+ADDRESS+PHONE+PASSPORT+ACCT_NUM-DRLIC,6
+NAME+ADDRESS+PHONE+PASSPORT,6
+PNAME+ADDRESS-GENDER-SSN-DRLIC-PASSPORT,6
+SURNAME+DOB+ADDRESS+PHONE+SSN+DRLIC+PASSPORT+LOGIN_ID+ACCT_NUM,6
+PNAME+DOB+PHONE+SSN+LOGIN_ID+ACCT_NUM (Ambiguous),5
+ADDRESS+PHONE+SSN-DRLIC,5
+ADDRESS+PHONE+SSN+DRLIC-GENERATION,5
+NAME+DRLIC+PASSPORT (Ambiguous),5
+NAME+SSN-DOB-PASSPORT,5
+PNAME+DOB+ADDRESS+SSN+LOGIN_ID (Ambiguous),5
+NAME+ADDRESS-DOB-GENDER-SSN-PASSPORT,5
+PNAME+DOB+ADDRESS+SSN+DRLIC+LOGIN_ID (Ambiguous),5
+PNAME+SSN+LOGIN_ID,5
+NAME+ADDRESS+PHONE+PASSPORT+LOGIN_ID (Ambiguous),5
+NAME+DOB+PHONE+SSN+DRLIC+PASSPORT+ACCT_NUM (Ambiguous),5
+NAME+ADDRESS+PHONE+SSN+ACCT_NUM-DRLIC,5
+NAME+SSN-PASSPORT,5
+PNAME-DRLIC,5
+NAME+DOB+ADDRESS+PHONE+LOGIN_ID (Ambiguous),5
+NAME+PHONE-DOB-GENDER-SSN,5
+NAME+ADDRESS-GENDER-SSN-DRLIC,5
+NAME+DOB+ADDRESS+PHONE+DRLIC+PASSPORT (Ambiguous),5
+SURNAME-SSN,5
+NAME+ADDRESS+PHONE+SSN+DRLIC+PASSPORT+LOGIN_ID (Ambiguous),5
+DOB+ADDRESS+PHONE+SSN-DRLIC,5
+NAME+ADDRESS+PHONE+SSN+PASSPORT+LOGIN_ID+ACCT_NUM (Ambiguous),5
+PNAME+PHONE+PASSPORT+LOGIN_ID (Ambiguous),5
+DOB+ADDRESS+PHONE+SSN (Ambiguous),5
+NAME+DOB+ADDRESS+PHONE+ACCT_NUM-DRLIC,5
-GENERATION-SSN-DRLIC,5
+SURNAME+DOB+DRLIC+PASSPORT+LOGIN_ID+ACCT_NUM,5
+LIKELY_NAME+DOB+ADDRESS+PASSPORT+ACCT_NUM,5
+SURNAME+PHONE-SSN-PASSPORT,5
+NAME+ADDRESS-SSN-DRLIC-PASSPORT,5
+PNAME+DOB+ADDRESS+PHONE+LOGIN_ID+ACCT_NUM (Ambiguous),5
-GENERATION-GENDER-SSN-PASSPORT,5
+PNAME+DOB+PHONE+SSN+DRLIC+LOGIN_ID (Ambiguous),5
+LIKELY_NAME+DOB+SSN+DRLIC,5
+PNAME+SSN+DRLIC+LOGIN_ID+ACCT_NUM (Ambiguous),5
+NAME+ADDRESS+PASSPORT,5
+PNAME+DOB+PHONE+PASSPORT+LOGIN_ID (Ambiguous),5
+SSN-GENERATION-PASSPORT,5
+PNAME+PHONE-DRLIC-PASSPORT,5
+NAME+ADDRESS+PASSPORT+ACCT_NUM-DRLIC,5
+PNAME+PHONE-DOB-SSN-DRLIC,5
+PNAME+DOB+PHONE+LOGIN_ID+ACCT_NUM (Ambiguous),5
+SURNAME+PHONE-GENDER-SSN-PASSPORT,5
+SURNAME+PHONE-DOB-GENDER-SSN-PASSPORT,5
+PNAME+DOB+PHONE+DRLIC+PASSPORT+ACCT_NUM (Ambiguous),5
+PNAME+PHONE+ACCT_NUM-DRLIC,5
-GENERATION-DOB-PASSPORT,5
-GENERATION-DOB,5
+LIKELY_NAME+DOB+ADDRESS+DRLIC+LOGIN_ID,5
+NAME+DOB+PHONE+SSN+PASSPORT+LOGIN_ID (Ambiguous),5
+SURNAME+PHONE-DOB-GENDER-SSN,5
+LIKELY_NAME+ADDRESS+DRLIC+PASSPORT+ACCT_NUM,5
+PNAME+DOB+PHONE+ACCT_NUM-DRLIC,5
+NAME+DOB+LOGIN_ID (Ambiguous),5
+PNAME+ADDRESS+PHONE+SSN+PASSPORT,5
+NAME+DOB-GENERATION-PASSPORT,5
+PNAME+ADDRESS+PHONE+SSN+PASSPORT+LOGIN_ID (Ambiguous),5
+LIKELY_NAME+DOB+LOGIN_ID,5
+ADDRESS-GENERATION-DRLIC-PASSPORT,5
+NAME+ADDRESS+PASSPORT-DRLIC,5
+PNAME+ADDRESS+DRLIC+PASSPORT+ACCT_NUM (Ambiguous),5
+NAME+PHONE+SSN+DRLIC+LOGIN_ID+ACCT_NUM (Ambiguous),5
+PNAME+ADDRESS+SSN-DRLIC,5
+NAME+DOB+DRLIC+PASSPORT+ACCT_NUM (Ambiguous),5
+NAME+PHONE+LOGIN_ID+ACCT_NUM (Ambiguous),5
+PNAME+PHONE+SSN+ACCT_NUM-DRLIC,4
+PNAME+SSN-DOB-GENDER-PASSPORT,4
+NAME+ADDRESS-DOB-GENDER-PASSPORT,4
+NAME+PHONE-GENDER-SSN-PASSPORT,4
+LIKELY_NAME+DOB+ADDRESS+DRLIC+PASSPORT,4
+NAME+DRLIC-DOB-SSN,4
+PNAME+PHONE+SSN+PASSPORT+LOGIN_ID+ACCT_NUM (Ambiguous),4
+NAME+DRLIC-GENDER,4
+NAME+PHONE-DOB-SSN-DRLIC,4
+PHONE-GENERATION-GENDER-SSN,4
+NAME+PHONE+ACCT_NUM-SSN,4
+NAME+LOGIN_ID-DOB-DRLIC,4
+NAME+LOGIN_ID-DOB-GENDER-DRLIC,4
+NAME+LOGIN_ID-DOB-SSN-DRLIC,4
+NAME+LOGIN_ID-DOB-SSN-DRLIC-PASSPORT,4
+NAME+LOGIN_ID-DRLIC-PASSPORT,4
+PHONE-GENERATION-GENDER,4
+NAME+LOGIN_ID-SSN-DRLIC-PASSPORT,4
+NAME+PASSPORT+ACCT_NUM (Ambiguous),4
+PNAME+LOGIN_ID-GENERATION-SSN,4
+NAME+PHONE+ACCT_NUM,4
-GENERATION-DOB-GENDER,4
+PNAME+ADDRESS+PHONE+SSN+DRLIC+PASSPORT+LOGIN_ID (Ambiguous),4
+ADDRESS+PHONE+ACCT_NUM-GENERATION,4
+ADDRESS+PHONE-DRLIC,4
+SURNAME+SSN-DOB-GENDER-PASSPORT,4
+NAME+ADDRESS+ACCT_NUM,4
+PHONE-GENERATION-DOB-GENDER-SSN,4
+PNAME+ADDRESS+SSN+ACCT_NUM-DRLIC,4
+NAME+ADDRESS+PHONE+DRLIC+ACCT_NUM,4
+PHONE-GENERATION-DOB,4
+NAME+ADDRESS-DOB-GENDER-SSN-DRLIC,4
+LIKELY_NAME+DRLIC+PASSPORT+ACCT_NUM,4
+LIKELY_NAME+DOB+PHONE+DRLIC+LOGIN_ID,4
+SURNAME+SSN-DOB-DRLIC,4
+SURNAME+DRLIC-DOB-PASSPORT,4
+PNAME+ADDRESS+SSN+PASSPORT+LOGIN_ID+ACCT_NUM (Ambiguous),4
+ADDRESS+SSN-DRLIC,4
+PNAME+ADDRESS+PHONE+ACCT_NUM-DRLIC,4
+SURNAME+DOB+PHONE+SSN+DRLIC+PASSPORT+LOGIN_ID+ACCT_NUM,4
+SURNAME+DOB+PHONE+SSN-DRLIC,4
+DOB,4
+PNAME+DOB+ADDRESS+LOGIN_ID+ACCT_NUM (Ambiguous),4
+NAME+ADDRESS+PHONE+SSN+PASSPORT-DRLIC,4
+PHONE+ACCT_NUM-GENERATION,4
+SURNAME-DOB-GENDER-SSN,4
+PNAME+ADDRESS+PHONE+DRLIC+ACCT_NUM-GENERATION,4
+DOB+ADDRESS-GENDER-SSN-DRLIC-PASSPORT,4
+SURNAME+DOB+ADDRESS+SSN+DRLIC+PASSPORT+LOGIN_ID+ACCT_NUM,4
+PNAME+DOB+ADDRESS+PHONE+PASSPORT+LOGIN_ID (Ambiguous),4
+SURNAME-DOB,4
+LIKELY_NAME+DOB+PHONE+DRLIC+PASSPORT+ACCT_NUM,4
+PNAME+ADDRESS+DRLIC+LOGIN_ID+ACCT_NUM (Ambiguous),4
+PNAME+DOB+ADDRESS+PHONE+SSN+PASSPORT+LOGIN_ID+ACCT_NUM (Ambiguous),4
+NAME+DOB+ADDRESS+PHONE-SSN,4
+ACCT_NUM-DRLIC,4
+PNAME-DOB-DRLIC,4
+LIKELY_NAME+ADDRESS+SSN+DRLIC+LOGIN_ID,4
+NAME+DOB+DRLIC-SSN,4
+PNAME+DOB+LOGIN_ID-SSN,4
+LIKELY_NAME+SSN+PASSPORT+LOGIN_ID,4
+SURNAME+ADDRESS-DOB-GENDER-SSN-DRLIC-PASSPORT,4
+SURNAME+PHONE+SSN-DRLIC,4
+SURNAME+ADDRESS-DOB-DRLIC-PASSPORT,4
+PNAME+ADDRESS+PHONE+LOGIN_ID-DRLIC,4
+DOB+PHONE+SSN-DRLIC,4
+NAME+DOB+PHONE+DRLIC,4
+PNAME+DOB+PHONE+PASSPORT-DRLIC,4
+SSN-GENERATION-DOB-PASSPORT,4
+SSN-GENERATION-DOB-GENDER-DRLIC,4
+SSN-GENERATION-DOB-DRLIC,4
+NAME+DOB+PHONE+LOGIN_ID+ACCT_NUM (Ambiguous),4
+ADDRESS-GENERATION-GENDER-DRLIC-PASSPORT,4
+DOB+SSN-GENDER-DRLIC-PASSPORT,4
+ADDRESS-GENERATION-GENDER-SSN-DRLIC-PASSPORT,4
+PNAME+SSN+PASSPORT+LOGIN_ID (Ambiguous),4
+NAME+PHONE-SSN-DRLIC,4
+NAME+DOB+PHONE+SSN+LOGIN_ID+ACCT_NUM (Ambiguous),4
+NAME+DOB+PHONE+SSN+PASSPORT+LOGIN_ID+ACCT_NUM (Ambiguous),4
+PNAME+ADDRESS+PHONE-SSN,4
+PNAME+SSN-GENDER-DRLIC,4
+NAME+DOB+SSN+DRLIC+PASSPORT+ACCT_NUM (Ambiguous),4
+PNAME-SSN-DRLIC-PASSPORT,4
+PNAME+DOB+SSN+LOGIN_ID+ACCT_NUM (Ambiguous),4
+DRLIC-GENERATION-DOB-GENDER-PASSPORT,4
+NAME+DOB+SSN+LOGIN_ID+ACCT_NUM (Ambiguous),4
+PHONE+SSN+PASSPORT-GENERATION,3
+PNAME+ADDRESS+PHONE+ACCT_NUM,3
+DOB+DRLIC-PASSPORT,3
+PNAME+DOB+ADDRESS+SSN+DRLIC+PASSPORT (Ambiguous),3
+NAME+DOB+ADDRESS+PHONE+SSN+PASSPORT-GENERATION,3
+PNAME+DOB+ADDRESS+SSN+LOGIN_ID+ACCT_NUM (Ambiguous),3
+NAME+ADDRESS+PHONE+LOGIN_ID,3
+NAME+SSN+DRLIC+LOGIN_ID+ACCT_NUM (Ambiguous),3
+ADDRESS+PHONE+SSN-GENERATION,3
+DOB+LOGIN_ID-GENDER-DRLIC-PASSPORT,3
+SURNAME-GENDER,3
+PNAME+ADDRESS+PHONE+PASSPORT+LOGIN_ID+ACCT_NUM (Ambiguous),3
+NAME+DRLIC-DOB,3
+PNAME-GENDER-SSN-PASSPORT,3
+SURNAME-GENDER-SSN-PASSPORT,3
+NAME+DOB+ADDRESS+SSN+LOGIN_ID+ACCT_NUM (Ambiguous),3
+PNAME+DOB+DRLIC+LOGIN_ID (Ambiguous),3
+PNAME-DOB-DRLIC-PASSPORT,3
+NAME+SSN-DOB-GENDER,3
+PNAME+DOB+DRLIC+PASSPORT+ACCT_NUM (Ambiguous),3
+PNAME+ADDRESS-GENDER-DRLIC-PASSPORT,3
+NAME+DOB+DRLIC+LOGIN_ID (Ambiguous),3
+LIKELY_NAME+DRLIC+LOGIN_ID+ACCT_NUM,3
+NAME+DOB+DRLIC+PASSPORT (Ambiguous),3
+PNAME+ADDRESS+SSN+DRLIC,3
+PNAME-DOB-GENDER-SSN,3
+DRLIC-DOB-SSN-DRLIC,3
+PNAME+ADDRESS+ACCT_NUM-GENERATION,3
+SURNAME-SSN-DRLIC,3
+PNAME+ADDRESS+PHONE-GENERATION,3
+NAME+PHONE-GENDER-DRLIC,3
+ADDRESS+PHONE-SSN,3
+SURNAME+ADDRESS-GENDER-DRLIC-PASSPORT,3
+PNAME+ADDRESS+PHONE+SSN+PASSPORT+ACCT_NUM-GENERATION,3
+NAME+ADDRESS+PHONE+ACCT_NUM-SSN,3
+ADDRESS+PHONE-GENERATION,3
+ADDRESS+PHONE+DRLIC-GENERATION,3
+PNAME+ADDRESS-GENERATION-SSN,3
+DOB+PHONE-SSN,3
+LIKELY_NAME+SSN+DRLIC+LOGIN_ID,3
+SURNAME+LOGIN_ID-GENERATION-SSN,3
+ADDRESS+PHONE+ACCT_NUM-DRLIC,3
+NAME+DRLIC+LOGIN_ID+ACCT_NUM (Ambiguous),3
+PNAME+DOB+PHONE-DRLIC,3
+SURNAME+PHONE-DOB-DRLIC-PASSPORT,3
+NAME+PHONE+SSN+DRLIC,3
+PNAME+PHONE-DOB-GENDER-SSN-DRLIC,3
+DOB+PHONE+SSN+ACCT_NUM-DRLIC,3
+PNAME+DOB+PHONE+DRLIC+LOGIN_ID+ACCT_NUM (Ambiguous),3
+PNAME+DOB+SSN+PASSPORT+LOGIN_ID (Ambiguous),3
+NAME+PASSPORT+ACCT_NUM-DRLIC,3
+NAME+PHONE+SSN+PASSPORT+LOGIN_ID+ACCT_NUM (Ambiguous),3
+PNAME+SSN-DOB-GENDER-DRLIC,3
+SURNAME+PHONE-DOB-PASSPORT,3
+NAME+PHONE+PASSPORT-GENERATION,3
+NAME+DOB+PHONE+ACCT_NUM-DRLIC,3
+PNAME+PHONE+SSN+LOGIN_ID-DRLIC,3
+PNAME+LOGIN_ID-GENERATION,3
+NAME+PHONE+SSN+PASSPORT-DRLIC,3
+PNAME+ADDRESS+PHONE-PASSPORT,3
+PNAME+ADDRESS+ACCT_NUM-DRLIC,3
+PNAME+DOB+PHONE+PASSPORT+LOGIN_ID+ACCT_NUM (Ambiguous),3
-GENERATION-DOB-SSN-DRLIC,3
+SURNAME+PHONE-DOB-SSN-PASSPORT,3
+NAME+PHONE+ACCT_NUM-GENERATION,3
+NAME+PHONE+LOGIN_ID-DRLIC,3
+LIKELY_NAME+ADDRESS+DRLIC+PASSPORT+LOGIN_ID+ACCT_NUM,3
+NAME+PHONE+PASSPORT+LOGIN_ID (Ambiguous),3
+PNAME+PHONE+SSN+PASSPORT-DRLIC,3
+LIKELY_NAME+DOB+PHONE+DRLIC+LOGIN_ID+ACCT_NUM,3
+NAME+DOB+PHONE-PASSPORT,3
+NAME+DOB+PHONE+PASSPORT-DRLIC,3
+LIKELY_NAME+DOB+PASSPORT+LOGIN_ID,3
+SURNAME+PHONE-DRLIC,3
+NAME+LOGIN_ID+ACCT_NUM-DRLIC,3
+PASSPORT-DOB-GENDER-DRLIC,3
+NAME+ADDRESS+SSN+PASSPORT+LOGIN_ID+ACCT_NUM (Ambiguous),3
+NAME+DOB+ADDRESS+DRLIC+PASSPORT (Ambiguous),3
+LIKELY_NAME+DOB+ADDRESS+SSN+DRLIC,3
+ADDRESS-GENERATION-DOB-GENDER-DRLIC-PASSPORT,3
+LIKELY_NAME+ADDRESS+SSN+DRLIC+PASSPORT+LOGIN_ID,3
+PASSPORT-DOB-DRLIC,3
+PNAME+DOB+ADDRESS+PHONE+SSN+ACCT_NUM-DRLIC,3
+LIKELY_NAME+ADDRESS+SSN+DRLIC+PASSPORT+LOGIN_ID+ACCT_NUM,3
+NAME+ADDRESS+PHONE+SSN-GENERATION,3
+NAME+DOB+ADDRESS+PHONE+DRLIC,3
+DOB+ADDRESS+PHONE+SSN-GENERATION,3
+LIKELY_NAME+PHONE+SSN+DRLIC+LOGIN_ID+ACCT_NUM,3
+NAME+DOB+ADDRESS+PHONE+DRLIC+LOGIN_ID (Ambiguous),3
+NAME+ADDRESS+DRLIC+PASSPORT+ACCT_NUM (Ambiguous),3
+NAME+ADDRESS+PHONE+SSN+DRLIC+LOGIN_ID+ACCT_NUM (Ambiguous),3
+NAME+LOGIN_ID+ACCT_NUM (Ambiguous),3
+PNAME+DOB+ADDRESS+DRLIC+LOGIN_ID (Ambiguous),3
+NAME+DRLIC-DOB-SSN-PASSPORT,3
+ADDRESS+SSN+PASSPORT+ACCT_NUM-DRLIC,3
+NAME+SSN+PASSPORT,3
+LIKELY_NAME+DOB+PHONE+PASSPORT+LOGIN_ID+ACCT_NUM,3
+NAME+ADDRESS+PHONE+SSN+DRLIC,3
+DOB+ADDRESS+SSN-DRLIC,3
+SURNAME+SSN-GENDER-DRLIC,3
+DOB+ADDRESS-SSN-DRLIC-PASSPORT,3
+PNAME+ACCT_NUM-DRLIC,3
+PNAME+DOB+ADDRESS+PHONE+SSN+PASSPORT+LOGIN_ID (Ambiguous),3
+NAME+DRLIC+PASSPORT+ACCT_NUM (Ambiguous),3
+NAME+DOB+ADDRESS+PHONE+SSN+DRLIC+LOGIN_ID+ACCT_NUM (Ambiguous),3
+NAME+ADDRESS+ACCT_NUM-GENERATION,3
+NAME+DOB+ADDRESS+PHONE+SSN+DRLIC+PASSPORT+LOGIN_ID (Ambiguous),3
+PNAME+ADDRESS+SSN+PASSPORT-DRLIC,3
+LIKELY_NAME+ADDRESS+SSN+DRLIC+LOGIN_ID+ACCT_NUM,3
+NAME+DOB+ADDRESS+PHONE-SSN-PASSPORT,3
+SURNAME+SSN-DRLIC,3
+LIKELY_NAME+DOB+PHONE+SSN+DRLIC,3
+PHONE+SSN+LOGIN_ID+ACCT_NUM-DRLIC,2
+LIKELY_NAME+DOB+ADDRESS+SSN+PASSPORT,2
+PHONE+SSN-GENERATION,2
+PNAME+ADDRESS-GENERATION-DOB-SSN-PASSPORT,2
+PNAME+ADDRESS-GENERATION-SSN-PASSPORT,2
+PHONE+SSN+DRLIC+LOGIN_ID-GENERATION,2
+PNAME+ADDRESS+PASSPORT+LOGIN_ID+ACCT_NUM (Ambiguous),2
+PNAME+ADDRESS+PHONE-DOB,2
+PHONE+SSN+ACCT_NUM-DRLIC,2
+LIKELY_NAME+DOB+ADDRESS+LOGIN_ID+ACCT_NUM,2
+PNAME+ADDRESS+PHONE+DRLIC+PASSPORT+LOGIN_ID+ACCT_NUM (Ambiguous),2
+PNAME+ADDRESS+PHONE+DRLIC+PASSPORT+LOGIN_ID (Ambiguous),2
+PHONE+PASSPORT-GENERATION,2
+PNAME+ADDRESS+PHONE+PASSPORT+ACCT_NUM,2
+LIKELY_NAME+DOB+SSN+PASSPORT,2
+PNAME+ADDRESS+PHONE+PASSPORT-DRLIC,2
+PNAME+ADDRESS+PHONE+PASSPORT+LOGIN_ID-DRLIC,2
+LIKELY_NAME+DOB+ADDRESS+DRLIC+PASSPORT+ACCT_NUM,2
+LIKELY_NAME+DOB+ADDRESS+DRLIC+LOGIN_ID+ACCT_NUM,2
+PHONE-GENERATION-DOB-GENDER-PASSPORT,2
+PHONE-GENERATION-DOB-GENDER,2
+PNAME+ADDRESS+SSN+DRLIC+ACCT_NUM-GENERATION,2
+PNAME+ADDRESS+SSN+DRLIC+LOGIN_ID+ACCT_NUM (Ambiguous),2
+LIKELY_NAME+LOGIN_ID-DOB,2
+PNAME+ADDRESS+SSN-GENERATION,2
+PNAME+ADDRESS+SSN-PASSPORT,2
+PNAME+ADDRESS+SSN+PASSPORT,2
+PNAME+DOB+ACCT_NUM-DRLIC,2
+PNAME+DOB+ACCT_NUM-GENERATION,2
+LIKELY_NAME+LOGIN_ID-PASSPORT,2
+LIKELY_NAME+PASSPORT+LOGIN_ID+ACCT_NUM,2
+PNAME+DOB+ADDRESS+PASSPORT+LOGIN_ID (Ambiguous),2
+PNAME+DOB+ADDRESS+PHONE+ACCT_NUM-DRLIC,2
+LIKELY_NAME+PHONE+PASSPORT+LOGIN_ID+ACCT_NUM,2
+PNAME+DOB+ADDRESS+PHONE+DRLIC-GENERATION,2
+PNAME+DOB+ADDRESS+PHONE+DRLIC+LOGIN_ID (Ambiguous),2
+PNAME+DOB+ADDRESS+PHONE+SSN+DRLIC+LOGIN_ID+ACCT_NUM (Ambiguous),2
+NAME+SSN+PASSPORT-DRLIC,2
+PNAME+DOB+ADDRESS+PHONE+SSN+DRLIC+PASSPORT+LOGIN_ID (Ambiguous),2
+PNAME+DOB+ADDRESS+PHONE+SSN+LOGIN_ID+ACCT_NUM-DRLIC,2
+NAME+SSN+LOGIN_ID-DRLIC,2
+NAME+SSN+DRLIC+PASSPORT+LOGIN_ID (Ambiguous),2
+NAME+SSN+DRLIC+PASSPORT,2
+PNAME+DOB+ADDRESS+SSN+DRLIC+LOGIN_ID+ACCT_NUM (Ambiguous),2
+NAME+SSN-DOB-DRLIC-PASSPORT,2
+NAME+SSN-DOB-DRLIC,2
+PNAME+DOB+LOGIN_ID-PASSPORT,2
+PNAME+DOB+PASSPORT+LOGIN_ID (Ambiguous),2
+NAME-SSN,2
+PNAME+DOB+PHONE-GENERATION,2
+NAME+PHONE+SSN+PASSPORT+ACCT_NUM-DRLIC,2
+PNAME+DOB+PHONE-SSN,2
+NAME+PHONE+SSN+LOGIN_ID-DRLIC,2
+PNAME+DOB+PHONE+SSN+DRLIC+LOGIN_ID+ACCT_NUM (Ambiguous),2
+NAME+PHONE+SSN-GENERATION,2
+NAME+PHONE+SSN+DRLIC+PASSPORT+LOGIN_ID (Ambiguous),2
+PNAME+DOB+PHONE+SSN-GENERATION,2
+NAME+PHONE+SSN+DRLIC+PASSPORT+LOGIN_ID+ACCT_NUM (Ambiguous),2
+NAME+PHONE-SSN-DRLIC-PASSPORT,2
+PNAME+DOB+PHONE+SSN+PASSPORT+LOGIN_ID+ACCT_NUM (Ambiguous),2
+PNAME+DOB+SSN+DRLIC,2
+PNAME+DOB+SSN+DRLIC+LOGIN_ID (Ambiguous),2
+PNAME+DRLIC+ACCT_NUM-GENERATION,2
+NAME+PHONE+PASSPORT+ACCT_NUM-DRLIC,2
+PNAME+DRLIC-DOB-GENDER-PASSPORT,2
+NAME+PHONE-GENDER-PASSPORT,2
+NAME+PHONE-DRLIC-PASSPORT,2
+NAME+PHONE+DRLIC+LOGIN_ID+ACCT_NUM (Ambiguous),2
+LIKELY_NAME+ADDRESS+DRLIC+PASSPORT+LOGIN_ID,2
+PNAME-GENDER-PASSPORT,2
+NAME+PHONE-DOB-PASSPORT,2
+NAME+PHONE-DOB-GENDER-SSN-PASSPORT,2
-GENERATION-GENDER,2
-GENERATION-DOB-SSN-PASSPORT,2
+LIKELY_NAME+PHONE+SSN+PASSPORT+LOGIN_ID+ACCT_NUM,2
+PNAME+LOGIN_ID-GENERATION-DOB-SSN,2
+PNAME+LOGIN_ID-GENERATION-GENDER,2
+PNAME+PASSPORT+ACCT_NUM-DRLIC,2
+PNAME+PASSPORT-DRLIC,2
+NAME+PASSPORT+LOGIN_ID (Ambiguous),2
+PNAME+PHONE+ACCT_NUM-GENERATION,2
+NAME+PASSPORT-DRLIC,2
+PNAME+PHONE-DOB-GENDER-PASSPORT,2
+NAME+PASSPORT+ACCT_NUM,2
+DRLIC+LOGIN_ID-SSN,2
+PNAME+PHONE+DRLIC+LOGIN_ID+ACCT_NUM (Ambiguous),2
+NAME+LOGIN_ID-GENDER-SSN-DRLIC,2
+NAME+LOGIN_ID-DOB-GENDER-PASSPORT,2
+NAME+LOGIN_ID,2
+PNAME+PHONE+SSN+ACCT_NUM-GENERATION,2
+NAME+DRLIC-SSN-PASSPORT,2
+PNAME+PHONE+SSN+DRLIC-GENERATION,2
+NAME+DRLIC-PASSPORT,2
+PNAME+PHONE+SSN+DRLIC+PASSPORT+LOGIN_ID (Ambiguous),2
+NAME+DRLIC-GENERATION,2
+PNAME+PHONE+SSN+PASSPORT,2
+NAME+DRLIC-GENDER-SSN,2
+PNAME+PHONE+SSN+PASSPORT+ACCT_NUM-GENERATION,2
+NAME+DRLIC-DOB-PASSPORT,2
+LIKELY_NAME+SSN+DRLIC+PASSPORT+ACCT_NUM,2
+ACCT_NUM-SSN,2
+NAME+DOB+SSN+DRLIC+LOGIN_ID (Ambiguous),2
+NAME+DOB+SSN-DRLIC,2
+PNAME+SSN+PASSPORT+ACCT_NUM,2
+PNAME+SSN+PASSPORT-DRLIC,2
+PNAME+SSN+PASSPORT+LOGIN_ID,2
+NAME+DOB+PHONE+SSN+DRLIC+LOGIN_ID+ACCT_NUM (Ambiguous),2
+DOB-SSN-PASSPORT,2
+NAME+DOB+PHONE+SSN+DRLIC,2
+SSN+DRLIC-GENERATION,2
+NAME+DOB+PHONE-SSN,2
+SURNAME-SSN-PASSPORT,2
+DOB-SSN-DRLIC,2
+SSN-GENERATION-DOB-DRLIC-PASSPORT,2
+NAME+DOB+PHONE+DRLIC+PASSPORT+ACCT_NUM (Ambiguous),2
+SSN-GENERATION-GENDER-DRLIC-PASSPORT,2
+SURNAME+ADDRESS-DOB-GENDER-DRLIC-PASSPORT,2
+DOB+PHONE+SSN+ACCT_NUM (Ambiguous),2
+NAME+DOB+LOGIN_ID-DRLIC,2
+NAME+DOB-GENERATION-GENDER-PASSPORT,2
+NAME+DOB-GENERATION-DRLIC-PASSPORT,2
+NAME+DOB-GENERATION-DRLIC,2
+NAME+DOB+ADDRESS+SSN+PASSPORT+LOGIN_ID (Ambiguous),2
+SURNAME+ADDRESS+PHONE-DRLIC,2
+NAME+DOB+ADDRESS+SSN+DRLIC+PASSPORT+ACCT_NUM (Ambiguous),2
+NAME+DOB+ADDRESS+SSN+DRLIC+LOGIN_ID (Ambiguous),2
+NAME+DOB+ADDRESS+SSN-DRLIC,2
+DOB-GENDER-SSN-PASSPORT,2
+DOB-GENDER-SSN,2
+NAME+DOB+ADDRESS+SSN,2
+SURNAME+ADDRESS+PHONE+SSN+ACCT_NUM-DRLIC,2
+NAME+DOB+ADDRESS-SSN,2
+NAME+DOB+ADDRESS+PHONE+SSN-GENERATION,2
+SURNAME+ADDRESS+PHONE+SSN-PASSPORT,2
+DOB+ADDRESS+SSN+PASSPORT+ACCT_NUM-GENERATION,2
+NAME+DOB+ADDRESS+PHONE+SSN+DRLIC,2
+SURNAME+ADDRESS+SSN-DRLIC,2
+NAME+DOB+ADDRESS+PHONE+SSN,2
+NAME+DOB+ADDRESS+PHONE-PASSPORT,2
+NAME+DOB+ADDRESS+PHONE-GENERATION,2
+DOB+ADDRESS+PHONE+SSN+LOGIN_ID-GENERATION,2
+SURNAME+DOB+ADDRESS+DRLIC+PASSPORT+LOGIN_ID+ACCT_NUM,2
+NAME+DOB+ADDRESS+PHONE+DRLIC+LOGIN_ID+ACCT_NUM (Ambiguous),2
+DOB+ADDRESS+PHONE+SSN+DRLIC-GENERATION,2
+SURNAME+DOB+ADDRESS+PHONE+ACCT_NUM-DRLIC,2
+SURNAME+DOB+ADDRESS+PHONE-DRLIC,2
+DOB+ADDRESS+PHONE+SSN+ACCT_NUM-GENERATION,2
+DOB+ADDRESS+PHONE+SSN+ACCT_NUM-DRLIC,2
+NAME+DOB+ADDRESS+PASSPORT-GENERATION,2
+NAME+DOB+ADDRESS+DRLIC,2
+DOB+ADDRESS+PASSPORT-DRLIC,2
+NAME+DOB+ACCT_NUM-DRLIC,2
+NAME+ADDRESS+SSN+PASSPORT-DRLIC,2
+NAME+ADDRESS+SSN+PASSPORT+ACCT_NUM-DRLIC,2
+SURNAME-DOB-DRLIC,2
+NAME+ADDRESS+SSN+DRLIC+PASSPORT+LOGIN_ID+ACCT_NUM (Ambiguous),2
+NAME+ADDRESS+SSN+DRLIC+LOGIN_ID (Ambiguous),2
+SURNAME-DOB-PASSPORT,2
+DOB+ADDRESS-GENDER-DRLIC-PASSPORT,2
+NAME+ADDRESS+SSN+ACCT_NUM-DRLIC,2
+NAME+ADDRESS+PHONE+SSN+PASSPORT,2
+NAME+ADDRESS+PHONE+SSN+LOGIN_ID-DRLIC,2
+NAME+ADDRESS+PHONE+SSN+DRLIC-GENERATION,2
+NAME+ADDRESS+PHONE+SSN+ACCT_NUM-GENERATION,2
+ADDRESS+SSN+DRLIC-GENERATION,2
+SURNAME-DOB-SSN-DRLIC,2
+ADDRESS+SSN+ACCT_NUM-DRLIC,2
+NAME+ADDRESS+PHONE+PASSPORT+LOGIN_ID+ACCT_NUM-DRLIC,2
+ADDRESS+PHONE+SSN+LOGIN_ID+ACCT_NUM-DRLIC,2
+SURNAME+DRLIC-DOB-GENDER-PASSPORT,2
+NAME+ADDRESS+PHONE-PASSPORT,2
+NAME+ADDRESS+PHONE+LOGIN_ID+ACCT_NUM-DRLIC,2
+NAME+ADDRESS+PHONE+DRLIC+PASSPORT,2
+NAME+ADDRESS+PHONE+DRLIC+LOGIN_ID+ACCT_NUM (Ambiguous),2
+ADDRESS+PHONE-PASSPORT,2
+NAME+ACCT_NUM-SSN,2
+NAME+ADDRESS+PHONE+ACCT_NUM,2
+SURNAME+LOGIN_ID-GENERATION-SSN-PASSPORT,2
+SURNAME-PASSPORT,2
+ADDRESS+PHONE+ACCT_NUM-SSN,2
+NAME+ADDRESS+PASSPORT+LOGIN_ID (Ambiguous),2
+SURNAME+PHONE-DOB-GENDER,2
+SURNAME+PHONE-DOB-GENDER-SSN-DRLIC,2
+SURNAME+PHONE-DOB-SSN-DRLIC-PASSPORT,2
+SURNAME+PHONE-GENDER,2
+SURNAME+PHONE-GENDER-PASSPORT,2
+SURNAME+PHONE-GENDER-SSN-DRLIC,2
+NAME+ADDRESS+LOGIN_ID-DRLIC,2
+NAME+ADDRESS+LOGIN_ID+ACCT_NUM (Ambiguous),2
+NAME+ADDRESS-GENDER-DRLIC,2
+NAME+ADDRESS+DRLIC+PASSPORT+LOGIN_ID (Ambiguous),2
+NAME+ADDRESS-DOB-SSN-DRLIC-PASSPORT,2
+SURNAME+SSN-DOB-GENDER-DRLIC,2
+PHONE+SSN+PASSPORT-DRLIC,2
+PNAME+ADDRESS+DRLIC-GENERATION,2
+PHONE+SSN+PASSPORT+ACCT_NUM-GENERATION,2
+ACCT_NUM-PASSPORT,1
+NAME-DOB-SSN-DRLIC-PASSPORT,1
+PNAME+SSN+DRLIC+PASSPORT+LOGIN_ID (Ambiguous),1
+LIKELY_NAME+DOB+PHONE+DRLIC+PASSPORT+LOGIN_ID,1
+PNAME+DOB+SSN+DRLIC+ACCT_NUM-GENERATION,1
+PHONE-GENERATION-DOB-SSN-DRLIC-PASSPORT,1
+PNAME+SSN-GENERATION,1
+NAME+PHONE+SSN+ACCT_NUM-GENERATION,1
+PNAME+SSN+LOGIN_ID+ACCT_NUM,1
+NAME-DOB-SSN,1
+PNAME+SSN+LOGIN_ID+ACCT_NUM-DRLIC,1
+PNAME+DOB+SSN-DRLIC,1
+PNAME+SSN+LOGIN_ID-DRLIC,1
+NAME+PHONE+SSN+ACCT_NUM-PASSPORT,1
+NAME+DOB+PHONE+SSN+PASSPORT-GENERATION,1
+NAME+DOB+PHONE+SSN+PASSPORT-DRLIC,1
+LIKELY_NAME+DOB+DRLIC+PASSPORT+LOGIN_ID+ACCT_NUM,1
+PNAME+DOB+SSN+ACCT_NUM-GENERATION,1
+NAME+DOB+PHONE+SSN-GENERATION,1
+SURNAME+PHONE-DOB-GENDER-DRLIC,1
+SURNAME+PHONE-DOB-GENDER-PASSPORT,1
+PNAME+DOB+PHONE+SSN+PASSPORT+LOGIN_ID (Ambiguous),1
+PNAME+DOB+PHONE+SSN+PASSPORT-GENERATION,1
+DRLIC-GENDER-SSN-DRLIC-PASSPORT,1
+DRLIC-GENDER-DRLIC-PASSPORT,1
+DRLIC-GENDER-DRLIC,1
+DRLIC-DOB-SSN-DRLIC-PASSPORT,1
+PNAME+DOB+PHONE+SSN+PASSPORT-DRLIC,1
+DRLIC-DOB-GENDER-SSN-DRLIC-PASSPORT,1
+DRLIC-DOB-GENDER-SSN-DRLIC,1
+DRLIC-DOB-GENDER-DRLIC-PASSPORT,1
+DRLIC-DOB-GENDER-DRLIC,1
+PNAME+DOB+PHONE+SSN+DRLIC+PASSPORT+LOGIN_ID (Ambiguous),1
+PNAME+ADDRESS+PHONE+SSN-GENERATION,1
+LIKELY_NAME+DOB+DRLIC+PASSPORT+ACCT_NUM,1
+DOB+SSN-GENERATION,1
+SURNAME+PHONE-DOB-GENDER-SSN-DRLIC-PASSPORT,1
+PNAME+DOB+PHONE+SSN+DRLIC+PASSPORT+LOGIN_ID+ACCT_NUM (Ambiguous),1
+SSN+DRLIC+ACCT_NUM-GENERATION,1
+SSN+DRLIC-DOB,1
+PNAME+ADDRESS+PHONE+SSN+DRLIC+PASSPORT+LOGIN_ID+ACCT_NUM (Ambiguous),1
+PNAME+DOB+PHONE+SSN+DRLIC+PASSPORT-GENERATION,1
+NAME+DOB+PHONE+SSN,1
+SSN+DRLIC+LOGIN_ID-GENERATION,1
+PHONE-GENERATION-DOB-SSN-PASSPORT,1
+NAME+DOB+PHONE+PASSPORT+LOGIN_ID (Ambiguous),1
+NAME+ADDRESS+PASSPORT+LOGIN_ID+ACCT_NUM-DRLIC,1
+NAME+DOB+PHONE+PASSPORT+LOGIN_ID+ACCT_NUM (Ambiguous),1
+PNAME+DOB+PHONE+SSN+DRLIC-GENERATION,1
+NAME+PHONE+SSN+LOGIN_ID+ACCT_NUM-DRLIC,1
+PNAME+DOB+PHONE+SSN-DRLIC,1
+LIKELY_NAME+DOB+ADDRESS+SSN+DRLIC+PASSPORT,1
+DOB+SSN+ACCT_NUM-DRLIC,1
+DOB-SSN,1
+NAME+DOB+PHONE-GENERATION,1
+NAME+DOB+PHONE+DRLIC+PASSPORT-GENERATION,1
+PNAME+DOB+PHONE-SSN-DRLIC,1
+PNAME+ADDRESS+PHONE+SSN+DRLIC+PASSPORT,1
+NAME+DOB+PHONE+DRLIC+PASSPORT-DRLIC,1
+LIKELY_NAME+ADDRESS+PHONE+SSN,1
+NAME+ACCT_NUM-SSN-PASSPORT,1
+LIKELY_NAME+ADDRESS+PHONE+SSN+PASSPORT,1
+PHONE-GENERATION-GENDER-DRLIC,1
+NAME+PHONE+SSN+PASSPORT,1
+NAME+DOB+PHONE+DRLIC-PASSPORT,1
+SSN-GENERATION-GENDER-DRLIC,1
+ADDRESS+LOGIN_ID-SSN,1
+ACCT_NUM-GENDER,1
+PNAME+DOB+PHONE+LOGIN_ID-GENERATION,1
+NAME+DOB+PHONE+DRLIC+LOGIN_ID (Ambiguous),1
+DOB+PHONE+SSN+PASSPORT-GENERATION,1
+SSN+LOGIN_ID-DOB-PASSPORT,1
+DOB+PHONE+SSN+PASSPORT+ACCT_NUM-GENERATION,1
+DOB+PHONE+SSN+LOGIN_ID-PASSPORT,1
+DOB+PHONE+SSN+LOGIN_ID+ACCT_NUM-DRLIC,1
+NAME+DOB+PHONE+DRLIC-GENERATION,1
+SSN+PASSPORT+ACCT_NUM (Ambiguous),1
+SSN+PASSPORT+ACCT_NUM-DRLIC,1
+PNAME+DOB+PHONE+LOGIN_ID-DRLIC,1
+NAME+DOB+PHONE+ACCT_NUM-GENERATION,1
+NAME+PHONE+SSN+PASSPORT-GENERATION,1
+DOB+PHONE+SSN+DRLIC (Ambiguous),1
+PNAME+DOB+PHONE+LOGIN_ID+ACCT_NUM-GENDER,1
+DOB+PHONE+SSN (Ambiguous),1
+SURNAME+ADDRESS+ACCT_NUM-DRLIC,1
+DOB+PHONE+SSN+ACCT_NUM-GENERATION,1
+NAME+DOB+PASSPORT+LOGIN_ID (Ambiguous),1
+PNAME+DOB+PHONE+DRLIC+LOGIN_ID (Ambiguous),1
+PNAME+DOB+PHONE+DRLIC-GENERATION,1
+PNAME+DOB+PHONE+DRLIC,1
+ADDRESS+LOGIN_ID-DOB-SSN,1
+NAME+DOB+PASSPORT+ACCT_NUM-SSN,1
+ADDRESS+LOGIN_ID-DOB-GENDER-SSN-PASSPORT,1
+NAME+DOB+PASSPORT+ACCT_NUM-DRLIC,1
+PNAME+DOB+PHONE+ACCT_NUM-SSN-PASSPORT,1
+PNAME+DOB+PHONE+ACCT_NUM-GENERATION,1
+LIKELY_NAME+ADDRESS-SSN,1
+LIKELY_NAME+ADDRESS-SSN-DRLIC,1
+ADDRESS+LOGIN_ID-DOB-GENDER-SSN,1
+PNAME+DOB+PASSPORT+LOGIN_ID+ACCT_NUM (Ambiguous),1
+NAME+DOB+LOGIN_ID+ACCT_NUM (Ambiguous),1
+LIKELY_NAME+PHONE+SSN+DRLIC+PASSPORT+LOGIN_ID+ACCT_NUM,1
+DOB+PHONE+PASSPORT-SSN,1
+DOB+PHONE+PASSPORT-DRLIC,1
+DOB+PHONE+LOGIN_ID-DRLIC,1
+PNAME+DOB+PASSPORT+ACCT_NUM-DRLIC,1
+SURNAME+PHONE+DRLIC-PASSPORT,1
+SURNAME+ADDRESS+DRLIC-PASSPORT,1
+DOB+PHONE-GENDER-SSN-PASSPORT,1
+DOB+PHONE-GENDER-PASSPORT,1
+PNAME+ADDRESS+PHONE+SSN+DRLIC+ACCT_NUM-GENERATION,1
+PHONE-GENERATION-GENDER-SSN-PASSPORT,1
+SURNAME+ADDRESS+DRLIC-SSN,1
+DOB+PHONE-GENDER,1
+LIKELY_NAME+SSN+PASSPORT+LOGIN_ID+ACCT_NUM,1
+NAME+SSN+ACCT_NUM-PASSPORT,1
+LOGIN_ID+ACCT_NUM-DRLIC,1
+LIKELY_NAME+PHONE+SSN+DRLIC+PASSPORT+LOGIN_ID,1
+PNAME-DOB-GENDER-SSN-PASSPORT,1
+PNAME-DOB-GENDER-PASSPORT,1
+PNAME-DOB-GENDER-DRLIC,1
+SURNAME+ADDRESS-GENERATION,1
+SURNAME+ADDRESS-GENERATION-DOB,1
+SURNAME+ADDRESS-GENERATION-DOB-SSN,1
+SURNAME+ADDRESS-GENERATION-DOB-SSN-PASSPORT,1
+SURNAME+ADDRESS-GENERATION-GENDER-SSN,1
+SURNAME+ADDRESS-GENERATION-GENDER-SSN-PASSPORT,1
+SURNAME+ADDRESS-GENERATION-SSN,1
+DOB+PHONE+DRLIC+LOGIN_ID-DRLIC,1
+DOB+PHONE+ACCT_NUM-SSN,1
+PNAME+DOB+DRLIC-SSN,1
+NAME+DOB+DRLIC+LOGIN_ID-SSN,1
+DOB+PASSPORT-DRLIC,1
+PNAME+DOB+DRLIC+PASSPORT+LOGIN_ID (Ambiguous),1
+NAME+DOB+DRLIC+LOGIN_ID+ACCT_NUM (Ambiguous),1
+NAME+DOB+DRLIC+ACCT_NUM-SSN-PASSPORT,1
+NAME+ADDRESS+PASSPORT+ACCT_NUM,1
+SURNAME+ADDRESS+PHONE+ACCT_NUM (Ambiguous),1
+SURNAME+ADDRESS+PHONE+ACCT_NUM-DRLIC,1
+PHONE-GENERATION-PASSPORT,1
+DOB+LOGIN_ID-GENERATION-GENDER-SSN-DRLIC,1
+NAME+SSN-DOB-GENDER-PASSPORT,1
+SURNAME+ADDRESS+PHONE+DRLIC-DRLIC-PASSPORT,1
+PNAME+DOB+ADDRESS+SSN+PASSPORT+LOGIN_ID (Ambiguous),1
+NAME+DOB+ADDRESS+SSN+DRLIC+PASSPORT+LOGIN_ID (Ambiguous),1
+PNAME+DOB+ADDRESS+SSN+PASSPORT+LOGIN_ID+ACCT_NUM (Ambiguous),1
+PNAME+DOB+ADDRESS+SSN+PASSPORT-DRLIC,1
+PHONE+SSN+PASSPORT+LOGIN_ID-DRLIC,1
+SURNAME+PHONE-GENDER-DRLIC,1
+NAME+DOB+ADDRESS+SSN+DRLIC+LOGIN_ID+ACCT_NUM (Ambiguous),1
+NAME+DOB+ADDRESS+SSN+DRLIC-GENERATION,1
+SURNAME+ADDRESS+PHONE+LOGIN_ID-DRLIC,1
+LIKELY_NAME+DOB+DRLIC+LOGIN_ID+ACCT_NUM,1
+NAME+ADDRESS+LOGIN_ID-SSN,1
+DOB-GENDER-SSN-DRLIC,1
+LIKELY_NAME+DOB+DRLIC+LOGIN_ID,1
+SURNAME+ADDRESS+PHONE+PASSPORT+LOGIN_ID+ACCT_NUM-DOB,1
+SURNAME+ADDRESS+PHONE-SSN,1
+DOB-GENDER-DRLIC,1
+SURNAME+PHONE-GENDER-SSN-DRLIC-PASSPORT,1
+PNAME+ADDRESS+PHONE+SSN+ACCT_NUM-GENERATION,1
+SURNAME+ADDRESS+PHONE+SSN-DRLIC,1
+LIKELY_NAME+DOB+PASSPORT+LOGIN_ID+ACCT_NUM,1
+NAME+DOB+ADDRESS+PHONE+SSN+PASSPORT+LOGIN_ID (Ambiguous),1
+PNAME+DOB+ADDRESS+SSN+DRLIC+PASSPORT+LOGIN_ID+ACCT_NUM (Ambiguous),1
+NAME+SSN+DRLIC+LOGIN_ID-GENERATION,1
+PNAME+DOB+ADDRESS+SSN-DRLIC,1
+DOB+DRLIC-GENERATION,1
+PNAME+DOB+ADDRESS+SSN+ACCT_NUM-GENERATION,1
+PNAME+ADDRESS-GENERATION-DOB-SSN,1
+SURNAME+SSN+PASSPORT-DRLIC,1
+PNAME+DOB+ADDRESS+SSN+ACCT_NUM-DRLIC,1
+PHONE-GENERATION-SSN-DRLIC,1
+NAME+DOB+ADDRESS+PHONE+SSN+DRLIC+PASSPORT+LOGIN_ID+ACCT_NUM (Ambiguous),1
+DOB+DRLIC+ACCT_NUM-DRLIC,1
+SURNAME+ADDRESS+PHONE+SSN+PASSPORT+ACCT_NUM-DRLIC,1
+NAME+SSN-GENDER-DRLIC,1
+NAME+SSN-GENDER-PASSPORT,1
+PHONE-GENERATION-SSN-PASSPORT,1
+NAME+ADDRESS+LOGIN_ID+ACCT_NUM,1
+DOB+ADDRESS+SSN+LOGIN_ID+ACCT_NUM-DRLIC,1
+SURNAME+ADDRESS+SSN+ACCT_NUM-DRLIC,1
+NAME+DOB+ADDRESS+PHONE+SSN+ACCT_NUM-GENERATION,1
+SURNAME+PHONE+PASSPORT-DRLIC,1
+DOB+ADDRESS+SSN-GENERATION,1
+NAME+ADDRESS-GENERATION-SSN,1
+PNAME+DOB+ADDRESS-SSN,1
+NAME+DOB+ADDRESS+PHONE+PASSPORT+LOGIN_ID (Ambiguous),1
+NAME+DOB+ADDRESS+PHONE+PASSPORT+LOGIN_ID+ACCT_NUM (Ambiguous),1
+PNAME+DOB+ADDRESS+PHONE+SSN+PASSPORT-DRLIC,1
+DOB+ADDRESS+SSN+DRLIC+LOGIN_ID (Ambiguous),1
+SURNAME+ADDRESS+SSN+DRLIC+PASSPORT-GENERATION,1
+NAME+DOB+ADDRESS+PHONE+PASSPORT-DRLIC,1
+NAME+DOB+ADDRESS+PHONE+PASSPORT+ACCT_NUM-DRLIC,1
+ACCT_NUM-DOB,1
+NAME-SSN-PASSPORT,1
+PNAME+DOB+ADDRESS+PHONE+SSN-GENERATION,1
+DOB+ADDRESS+SSN+ACCT_NUM-GENERATION,1
+DOB+ADDRESS+PHONE+SSN+PASSPORT+LOGIN_ID (Ambiguous),1
+NAME+ADDRESS-GENERATION-DOB-SSN,1
+NAME+DOB+ADDRESS+PHONE-GENDER-SSN-PASSPORT,1
+NAME+SSN+PASSPORT+LOGIN_ID-DRLIC,1
+SURNAME+DOB,1
+DOB+ADDRESS+PHONE+SSN+PASSPORT-DRLIC,1
+DOB+ADDRESS+PHONE+SSN+PASSPORT (Ambiguous),1
+DOB+ADDRESS+PHONE+SSN+PASSPORT+ACCT_NUM-DRLIC,1
+SURNAME+DOB+ADDRESS+ACCT_NUM-DRLIC,1
+SURNAME+DOB+ADDRESS-DRLIC,1
+DOB+ADDRESS+PHONE+SSN+PASSPORT+ACCT_NUM (Ambiguous),1
+PHONE+LOGIN_ID-SSN,1
+NAME+DOB+ADDRESS+PHONE-GENDER,1
+NAME+DOB+ADDRESS+PHONE+DRLIC-SSN-DRLIC,1
+SURNAME+DOB+ADDRESS+DRLIC-PASSPORT,1
+DOB+ADDRESS+PHONE+SSN+LOGIN_ID (Ambiguous),1
+ADDRESS+ACCT_NUM-PASSPORT,1
+PNAME+DOB+ADDRESS+PHONE+SSN+DRLIC-GENERATION,1
+NAME+ADDRESS-GENERATION,1
+DOB+ADDRESS+PHONE+SSN+LOGIN_ID+ACCT_NUM (Ambiguous),1
+PASSPORT+ACCT_NUM-GENDER-SSN,1
+SURNAME+PHONE+SSN+ACCT_NUM-DRLIC,1
+NAME+DOB+ADDRESS+PHONE+DRLIC-GENERATION,1
+NAME+DOB+ADDRESS+PHONE+DRLIC+ACCT_NUM-GENERATION,1
+PNAME+DOB+ADDRESS+PHONE+SSN-DRLIC,1
+DOB+ADDRESS+PHONE+SSN-DRLIC-PASSPORT,1
+PNAME+ADDRESS+PHONE+PASSPORT+ACCT_NUM-DRLIC,1
+PHONE+PASSPORT-DRLIC,1
+SURNAME+DOB+ADDRESS+PHONE+ACCT_NUM-GENERATION,1
+PNAME+ADDRESS+PHONE-GENDER,1
+DOB+ADDRESS+PHONE+SSN+DRLIC (Ambiguous),1
+DOB+ADDRESS+PHONE+SSN+DRLIC+ACCT_NUM-GENERATION,1
+PASSPORT+ACCT_NUM-GENERATION,1
+NAME+DOB+ADDRESS+PHONE+ACCT_NUM-GENDER-SSN,1
+PNAME+DOB+ADDRESS+PHONE+SSN+ACCT_NUM-GENERATION,1
+SURNAME+SSN-DOB-GENDER-DRLIC-PASSPORT,1
+ADDRESS+DRLIC-GENERATION,1
+NAME+DOB+ADDRESS+PASSPORT+LOGIN_ID (Ambiguous),1
+NAME+ADDRESS-GENDER-SSN-DRLIC-PASSPORT,1
+DOB+ADDRESS+PHONE+SSN+ACCT_NUM (Ambiguous),1
+DOB+ADDRESS+PHONE-SSN,1
+DOB+ADDRESS+PHONE+PASSPORT-SSN,1
+SURNAME+DOB+ADDRESS+PHONE+PASSPORT+ACCT_NUM-SSN,1
+DOB+ADDRESS+PHONE+PASSPORT-GENERATION,1
+PNAME+ADDRESS+PHONE+DRLIC-GENERATION,1
+SURNAME+DOB+ADDRESS+PHONE-SSN,1
+DOB+ADDRESS+PHONE+LOGIN_ID+ACCT_NUM-GENERATION,1
+DOB+ADDRESS+PHONE-GENERATION,1
+SURNAME+DOB+ADDRESS+PHONE+SSN+ACCT_NUM-GENERATION,1
+NAME+DOB+ADDRESS+PASSPORT+ACCT_NUM-DRLIC,1
+NAME+DOB+ADDRESS-PASSPORT,1
+NAME+DOB+ADDRESS+LOGIN_ID-SSN,1
+NAME+DOB+ADDRESS-GENERATION-SSN-DRLIC-PASSPORT,1
+DOB+ADDRESS+PHONE+DRLIC-GENERATION,1
+NAME+DOB+ADDRESS-GENERATION,1
+NAME+DOB+ADDRESS+DRLIC+PASSPORT+LOGIN_ID+ACCT_NUM (Ambiguous),1
+PNAME+DOB+ADDRESS+PHONE-SSN,1
+DOB+ADDRESS+PHONE+DRLIC+ACCT_NUM-GENERATION,1
+PNAME+DOB+ADDRESS+PHONE+PASSPORT+LOGIN_ID+ACCT_NUM (Ambiguous),1
+SURNAME+DOB+ADDRESS+PHONE+SSN+LOGIN_ID-DRLIC,1
+DOB+ADDRESS+PHONE+ACCT_NUM-SSN-PASSPORT,1
+DOB+ADDRESS+PHONE+ACCT_NUM-SSN,1
+SURNAME+DOB+ADDRESS+PHONE+SSN+PASSPORT+ACCT_NUM-DRLIC,1
+SURNAME+DOB+ADDRESS+PHONE+SSN+PASSPORT-DRLIC,1
+NAME+ADDRESS-GENDER-DRLIC-PASSPORT,1
+NAME+DOB+ADDRESS+ACCT_NUM-DRLIC,1
+DOB+ADDRESS+PHONE+ACCT_NUM-DRLIC,1
+NAME+DOB+ACCT_NUM-SSN-PASSPORT,1
+SURNAME+DOB+ADDRESS+SSN+ACCT_NUM-DRLIC,1
+SURNAME+DOB+ADDRESS+SSN+ACCT_NUM-PASSPORT,1
+SURNAME+DOB+ADDRESS+SSN-DRLIC,1
+PHONE+SSN+LOGIN_ID-PASSPORT,1
+NAME+DOB+ACCT_NUM-SSN,1
+NAME+ADDRESS+DRLIC-SSN,1
+NAME+ADDRESS+SSN+PASSPORT+LOGIN_ID (Ambiguous),1
+DOB+ADDRESS+LOGIN_ID-GENERATION,1
+PNAME+DOB+ADDRESS+PHONE+PASSPORT-DRLIC,1
+PHONE+SSN+LOGIN_ID-DRLIC,1
+PNAME+DOB+ADDRESS+PHONE+PASSPORT+ACCT_NUM-GENDER-SSN,1
+DOB+ADDRESS+LOGIN_ID-DRLIC,1
+SURNAME+PHONE+SSN-GENERATION,1
+DOB+ADDRESS+LOGIN_ID+ACCT_NUM-SSN,1
+DOB+ADDRESS+LOGIN_ID+ACCT_NUM-GENERATION,1
+NAME+ADDRESS+SSN+PASSPORT,1
+PNAME+DOB+ADDRESS+PHONE-PASSPORT,1
+PHONE+SSN-DOB-PASSPORT,1
+NAME+ADDRESS+SSN+DRLIC+PASSPORT+LOGIN_ID (Ambiguous),1
+PNAME+DOB+ADDRESS+PHONE-GENERATION,1
+NAME+ADDRESS-DRLIC-PASSPORT,1
+PNAME+DOB+ADDRESS+PHONE+DRLIC+PASSPORT+LOGIN_ID (Ambiguous),1
+PASSPORT-GENERATION-SSN,1
+LIKELY_NAME+DOB+PHONE+PASSPORT+LOGIN_ID,1
+NAME+ADDRESS+SSN+DRLIC+LOGIN_ID+ACCT_NUM (Ambiguous),1
+PNAME+DOB+ADDRESS+PHONE+DRLIC,1
+SURNAME-DOB-GENDER,1
+SURNAME-DOB-GENDER-DRLIC-PASSPORT,1
+SURNAME-DOB-GENDER-PASSPORT,1
+PNAME+DOB+ADDRESS+PHONE+ACCT_NUM-GENERATION,1
+NAME+ADDRESS+SSN+DRLIC-GENERATION,1
+PNAME+DOB+ADDRESS+PASSPORT+LOGIN_ID-DRLIC,1
+PHONE+SSN+DRLIC-GENERATION,1
+NAME+ADDRESS+SSN-DOB-PASSPORT,1
+NAME+ADDRESS+DRLIC+LOGIN_ID (Ambiguous),1
+SURNAME+DOB+PASSPORT+ACCT_NUM-DRLIC,1
+NAME+ADDRESS+DRLIC+ACCT_NUM,1
+PNAME+DOB+ADDRESS+PASSPORT+ACCT_NUM-DRLIC,1
+ACCT_NUM-DOB-GENDER-SSN,1
+NAME+ADDRESS+PHONE+SSN+PASSPORT-GENERATION,1
+SURNAME+DOB+PHONE+ACCT_NUM-PASSPORT,1
+LIKELY_NAME+PHONE+DRLIC+PASSPORT+LOGIN_ID+ACCT_NUM,1
+PNAME+ADDRESS+PHONE-DOB-SSN-DRLIC,1
+NAME+ADDRESS+PHONE+SSN-PASSPORT,1
+NAME+ADDRESS+PHONE+SSN+LOGIN_ID-GENERATION,1
+DOB+ADDRESS+DRLIC+PASSPORT-GENERATION,1
+PNAME+ADDRESS+PHONE-DOB-DRLIC,1
+LIKELY_NAME+PHONE+DRLIC+PASSPORT+LOGIN_ID,1
+PNAME+DOB+ADDRESS+LOGIN_ID+ACCT_NUM-DRLIC,1
+PNAME+DOB+ADDRESS+DRLIC+PASSPORT+ACCT_NUM (Ambiguous),1
+DOB+ADDRESS+ACCT_NUM-SSN-PASSPORT,1
+DOB+ACCT_NUM-GENERATION,1
+PNAME+DOB+ADDRESS+DRLIC-GENERATION,1
+LIKELY_NAME+DOB+ADDRESS+PASSPORT+LOGIN_ID,1
+NAME+ADDRESS+PHONE+SSN+DRLIC-DOB,1
+SURNAME+DOB+PHONE+PASSPORT-SSN,1
+SURNAME+DOB+PHONE-SSN,1
+ADDRESS+SSN+PASSPORT+LOGIN_ID-DRLIC,1
+LIKELY_NAME+LOGIN_ID-SSN,1
+SURNAME+DOB+PHONE+SSN+ACCT_NUM-DRLIC,1
+SURNAME+DOB+PHONE+SSN (Ambiguous),1
+PNAME+DOB+ADDRESS-DRLIC,1
+ADDRESS+SSN-PASSPORT,1
+ADDRESS+SSN+LOGIN_ID-GENERATION,1
+SURNAME+DOB+PHONE+SSN+DRLIC (Ambiguous),1
+PNAME+DOB+ADDRESS+ACCT_NUM-SSN,1
+NAME+ADDRESS+PHONE-SSN-DRLIC,1
+ADDRESS+SSN+LOGIN_ID-DOB,1
+NAME+ADDRESS+PHONE+SSN+ACCT_NUM-PASSPORT,1
+PNAME+ADDRESS-GENERATION,1
+PNAME+DOB+ADDRESS+ACCT_NUM-DRLIC,1
+SURNAME+DOB+PHONE+SSN-GENERATION,1
+ADDRESS+SSN+LOGIN_ID+ACCT_NUM-DRLIC,1
+ADDRESS+SSN-GENERATION,1
+LIKELY_NAME+LOGIN_ID-GENDER-SSN,1
+SURNAME+SSN+ACCT_NUM-DRLIC,1
+SURNAME+DOB+PHONE+SSN+PASSPORT+ACCT_NUM-DRLIC,1
+NAME+ADDRESS+PHONE+SSN+ACCT_NUM-DOB-PASSPORT,1
+NAME+ACCT_NUM-GENERATION,1
+PHONE+DRLIC+ACCT_NUM-GENERATION,1
+PHONE+DRLIC+ACCT_NUM-SSN,1
+ADDRESS+SSN+ACCT_NUM-GENERATION,1
+LIKELY_NAME+DOB+ADDRESS+PHONE (Ambiguous),1
+PNAME+ADDRESS+PASSPORT+LOGIN_ID-DRLIC,1
+ADDRESS+SSN+ACCT_NUM (Ambiguous),1
+NAME+ADDRESS+PHONE+PASSPORT-SSN,1
+NAME+ADDRESS+PHONE+PASSPORT+LOGIN_ID-DRLIC,1
+ADDRESS+PHONE+SSN+PASSPORT+LOGIN_ID-GENERATION,1
+LIKELY_NAME+LOGIN_ID-GENDER-PASSPORT,1
+NAME+ADDRESS+PHONE+PASSPORT+LOGIN_ID+ACCT_NUM-GENERATION,1
+LIKELY_NAME+LOGIN_ID-GENDER,1
+ADDRESS+PHONE+SSN+PASSPORT+LOGIN_ID+ACCT_NUM-DRLIC,1
+SURNAME+SSN-DOB-DRLIC-PASSPORT,1
+SURNAME-DOB-SSN-PASSPORT,1
+ADDRESS+PHONE+SSN+PASSPORT-DRLIC,1
+ADDRESS+PHONE+SSN+PASSPORT+ACCT_NUM-GENERATION,1
+NAME+ADDRESS+PHONE+PASSPORT+LOGIN_ID+ACCT_NUM (Ambiguous),1
+NAME+ADDRESS+PHONE+PASSPORT-GENERATION,1
+SURNAME-DRLIC,1
+ADDRESS+PHONE+SSN+PASSPORT+ACCT_NUM-DRLIC,1
+PHONE+SSN+DRLIC+LOGIN_ID+ACCT_NUM-DOB,1
+NAME+ADDRESS+PHONE+PASSPORT-DOB,1
+PNAME+ADDRESS+SSN+PASSPORT+LOGIN_ID+ACCT_NUM-DRLIC,1
+PNAME+ADDRESS+ACCT_NUM-SSN-DRLIC,1
+NAME+ADDRESS+PHONE+PASSPORT+ACCT_NUM,1
+PNAME+ADDRESS+SSN+PASSPORT+ACCT_NUM-DRLIC,1
+LIKELY_NAME+LOGIN_ID-DRLIC,1
+LIKELY_NAME+LOGIN_ID-DOB-SSN-DRLIC,1
+LIKELY_NAME+DOB+LOGIN_ID+ACCT_NUM,1
+PNAME+ADDRESS+PASSPORT+ACCT_NUM,1
+PNAME+ADDRESS+SSN+LOGIN_ID-GENERATION,1
+NAME+ADDRESS+PHONE-GENERATION,1
+NAME+ADDRESS+PHONE+DRLIC-SSN,1
+SURNAME+DRLIC-GENERATION-SSN,1
+PNAME+ADDRESS+SSN+LOGIN_ID-DOB,1
+NAME+ADDRESS+PHONE+DRLIC+PASSPORT+LOGIN_ID (Ambiguous),1
+NAME+ADDRESS+PHONE+DRLIC+PASSPORT-GENERATION,1
+ADDRESS+PHONE+SSN-GENDER,1
+ADDRESS+PHONE+SSN+DRLIC+PASSPORT-GENERATION,1
+NAME+ADDRESS+PHONE+DRLIC+PASSPORT+ACCT_NUM,1
+LIKELY_NAME+DOB+PHONE+DRLIC+PASSPORT+LOGIN_ID+ACCT_NUM,1
+NAME+ADDRESS+PHONE+DRLIC-PASSPORT,1
+PNAME+ADDRESS+LOGIN_ID-GENERATION,1
+LIKELY_NAME+LOGIN_ID-DOB-GENDER-SSN-PASSPORT,1
+PNAME+ADDRESS+SSN+LOGIN_ID+ACCT_NUM-GENERATION,1
+SURNAME-GENDER-SSN-DRLIC,1
+LIKELY_NAME+LOGIN_ID-DOB-GENDER,1
+SURNAME-GENERATION-DOB,1
+LIKELY_NAME+LOGIN_ID-DOB-DRLIC,1
+ADDRESS+PHONE+SSN+DRLIC+ACCT_NUM-PASSPORT,1
+SURNAME+LOGIN_ID+ACCT_NUM-DRLIC,1
+ADDRESS+PHONE+SSN+DRLIC+ACCT_NUM-GENERATION,1
+NAME+ADDRESS+PHONE+DRLIC-GENERATION,1
+NAME+ADDRESS+PHONE+DRLIC-DOB-SSN-DRLIC,1
+PNAME+ADDRESS+SSN+DRLIC-PASSPORT,1
+NAME+ADDRESS+PHONE+DRLIC-DOB,1
+PNAME+ADDRESS+SSN+DRLIC-GENERATION,1
+PNAME+ADDRESS+SSN+ACCT_NUM-GENERATION,1
+ADDRESS+PHONE-SSN-DRLIC,1
+NAME+ADDRESS+PHONE-DOB,1
+NAME+ACCT_NUM-PASSPORT,1
+PHONE-GENERATION-DOB-GENDER-SSN-PASSPORT,1
+PNAME+ADDRESS+PHONE+SSN+PASSPORT-GENERATION,1
+ADDRESS+PHONE+PASSPORT-SSN,1
+NAME+ADDRESS+PHONE+ACCT_NUM-SSN-DRLIC,1
+PNAME+ADDRESS+PHONE+SSN+PASSPORT+ACCT_NUM-DRLIC,1
+ADDRESS+PHONE+PASSPORT-DRLIC,1
+PNAME+ACCT_NUM-SSN-PASSPORT,1
+NAME+ADDRESS+PHONE+ACCT_NUM-PASSPORT,1
+PHONE-GENERATION-DOB-PASSPORT,1
+NAME+ADDRESS+PHONE+ACCT_NUM-DOB-PASSPORT,1
+NAME+ADDRESS+PHONE+ACCT_NUM-DOB,1
+ADDRESS+PHONE+DRLIC-SSN,1
-GENERATION-DOB-GENDER-SSN-DRLIC,1
+NAME+PASSPORT-SSN,1
+NAME+ADDRESS-DOB-GENDER-DRLIC-PASSPORT,1
-GENERATION-DOB-GENDER-DRLIC,1
+ADDRESS+PHONE+DRLIC-PASSPORT,1
+PNAME+ADDRESS-DOB-GENDER-DRLIC-PASSPORT,1
+PNAME+PASSPORT-GENERATION,1
-GENERATION-DOB-GENDER-SSN-DRLIC-PASSPORT,1
-GENERATION-DOB-GENDER-SSN-PASSPORT,1
+PNAME+PASSPORT-SSN,1
+NAME+PASSPORT+LOGIN_ID-DRLIC,1
+PNAME+PHONE+ACCT_NUM,1
+PNAME+ACCT_NUM-SSN,1
+PNAME+LOGIN_ID-GENERATION-SSN-DRLIC-PASSPORT,1
+PNAME+ADDRESS+PHONE+SSN-PASSPORT,1
+NAME+PASSPORT+LOGIN_ID+ACCT_NUM (Ambiguous),1
+NAME+ADDRESS-DOB-GENDER-DRLIC,1
+SURNAME+LOGIN_ID-GENERATION-DOB,1
+PNAME+PHONE-DOB-GENDER-DRLIC,1
+SURNAME+LOGIN_ID-GENERATION-DOB-GENDER-SSN-PASSPORT,1
+NAME+PASSPORT+ACCT_NUM-GENERATION,1
+PNAME+LOGIN_ID-GENERATION-PASSPORT,1
+PNAME+LOGIN_ID-GENERATION-GENDER-SSN-PASSPORT,1
+PNAME+LOGIN_ID-GENERATION-GENDER-SSN,1
+PNAME+LOGIN_ID-GENERATION-DRLIC,1
+PNAME+LOGIN_ID-GENERATION-DOB-GENDER-DRLIC,1
+PNAME+PHONE-DOB-SSN-DRLIC-PASSPORT,1
+SURNAME+LOGIN_ID-GENERATION-GENDER-PASSPORT,1
+PNAME+LOGIN_ID-GENERATION-DOB-DRLIC,1
+DRLIC+LOGIN_ID-SSN-PASSPORT,1
+NAME+LOGIN_ID-GENERATION-SSN-DRLIC,1
+SURNAME+LOGIN_ID-GENERATION-GENDER-SSN,1
+PNAME+ADDRESS+PHONE+SSN+LOGIN_ID-DRLIC,1
+NAME+LOGIN_ID-GENERATION-DOB-SSN,1
+PNAME+LOGIN_ID-GENERATION-DOB,1
+DRLIC+LOGIN_ID-DOB,1
+NAME+LOGIN_ID-GENERATION,1
+LIKELY_NAME-DOB-GENDER-SSN,1
+PNAME+PHONE+DRLIC+PASSPORT+LOGIN_ID (Ambiguous),1
+NAME+PHONE+ACCT_NUM-DOB,1
+PNAME+PHONE-GENDER-DRLIC,1
+PNAME+PHONE-GENDER-DRLIC-PASSPORT,1
-GENERATION-DOB-SSN-DRLIC-PASSPORT,1
+NAME+PHONE+ACCT_NUM-GENDER,1
+PNAME+PHONE-GENDER-SSN-DRLIC-PASSPORT,1
-GENERATION-DRLIC,1
+NAME+LOGIN_ID-DOB-GENDER-SSN-DRLIC-PASSPORT,1
+PNAME+PHONE+LOGIN_ID+ACCT_NUM-DRLIC,1
+NAME+LOGIN_ID-DOB-GENDER-SSN-DRLIC,1
+PNAME+PHONE+LOGIN_ID-PASSPORT,1
+PNAME+PHONE+LOGIN_ID-SSN-PASSPORT,1
+ADDRESS+PHONE+DRLIC+ACCT_NUM-PASSPORT,1
-GENERATION-GENDER-PASSPORT,1
+NAME+PHONE+ACCT_NUM-PASSPORT,1
+PNAME+PHONE+PASSPORT+ACCT_NUM-DRLIC,1
+PNAME+PHONE+PASSPORT+ACCT_NUM-GENERATION,1
-GENERATION-GENDER-SSN-DRLIC,1
+PNAME+PHONE+PASSPORT+LOGIN_ID+ACCT_NUM (Ambiguous),1
+NAME+PHONE-DOB-GENDER-DRLIC-PASSPORT,1
+NAME+PHONE-DOB-GENDER-PASSPORT,1
+ADDRESS+ACCT_NUM-DRLIC,1
+ADDRESS+PHONE+DRLIC+ACCT_NUM-GENERATION,1
+NAME+PHONE-DOB-GENDER-SSN-DRLIC,1
+PNAME+ADDRESS+PHONE+SSN+LOGIN_ID-DOB,1
+NAME+ADDRESS+PASSPORT-SSN,1
+NAME+PHONE-DOB-GENDER-SSN-DRLIC-PASSPORT,1
+NAME+DRLIC+PASSPORT+LOGIN_ID+ACCT_NUM (Ambiguous),1
+LIKELY_NAME+ACCT_NUM-DOB,1
+NAME+DRLIC+PASSPORT-DOB,1
+LIKELY_NAME+ADDRESS+ACCT_NUM-DRLIC,1
+ADDRESS+PHONE-DOB-SSN,1
+PNAME+LOGIN_ID+ACCT_NUM-DRLIC,1
+PNAME+LOGIN_ID+ACCT_NUM-DOB-GENDER-SSN-DRLIC-PASSPORT,1
+PNAME+PHONE-SSN-DRLIC-PASSPORT,1
+PNAME+PHONE+SSN+DRLIC-PASSPORT,1
+ADDRESS+ACCT_NUM-GENDER-PASSPORT,1
+PNAME+ACCT_NUM-GENERATION,1
+PNAME+PHONE+SSN+DRLIC+PASSPORT+LOGIN_ID+ACCT_NUM (Ambiguous),1
+ADDRESS+PHONE-DOB-DRLIC-PASSPORT,1
+LIKELY_NAME+ADDRESS+DRLIC+LOGIN_ID+ACCT_NUM,1
+NAME+PHONE-DOB-SSN-DRLIC-PASSPORT,1
+NAME+DRLIC+LOGIN_ID,1
+NAME+PHONE+DRLIC,1
+PHONE+SSN+DRLIC-PASSPORT,1
+SURNAME+PASSPORT-DRLIC,1
+PHONE-GENERATION-DOB-SSN,1
+NAME+ADDRESS+PASSPORT+LOGIN_ID-GENERATION,1
+NAME+PHONE+DRLIC-GENERATION,1
+PNAME-DRLIC-PASSPORT,1
+PNAME+PHONE+SSN+PASSPORT-GENERATION,1
+LIKELY_NAME+ADDRESS-GENDER-SSN,1
+PNAME+DRLIC-GENERATION,1
+PNAME+PHONE+SSN+PASSPORT+LOGIN_ID-DRLIC,1
+NAME+PHONE+DRLIC+PASSPORT,1
+PNAME+ADDRESS+PHONE+SSN+LOGIN_ID+ACCT_NUM-GENERATION,1
+NAME+DRLIC-DOB-GENDER-SSN,1
+NAME+DRLIC-DOB-GENDER,1
+NAME+PHONE+DRLIC+PASSPORT+ACCT_NUM,1
+NAME+DRLIC+ACCT_NUM-DRLIC,1
+NAME+DOB+SSN+PASSPORT+LOGIN_ID-GENERATION,1
+NAME+DOB+SSN+PASSPORT+LOGIN_ID (Ambiguous),1
+NAME+DOB+SSN+PASSPORT,1
+ADDRESS+PASSPORT+ACCT_NUM-DRLIC,1
+NAME+PHONE+LOGIN_ID+ACCT_NUM-DRLIC,1
+LIKELY_NAME+ADDRESS+PASSPORT+LOGIN_ID+ACCT_NUM,1
+NAME-DOB-SSN-PASSPORT,1
+NAME+ADDRESS-DOB-DRLIC-PASSPORT,1
+PNAME+DOB+SSN+PASSPORT-DRLIC,1
+NAME+PHONE+PASSPORT+LOGIN_ID+ACCT_NUM (Ambiguous),1
+SURNAME+PHONE+ACCT_NUM-SSN-DRLIC,1
+NAME+DOB+SSN-GENDER-DRLIC,1
+PNAME+DOB+SSN+PASSPORT,1
+PNAME+SSN+DRLIC+LOGIN_ID,1
+PNAME+SSN+DRLIC+LOGIN_ID+ACCT_NUM,1
+NAME+PHONE+PASSPORT+LOGIN_ID-DRLIC,1
+PNAME+DOB+SSN+DRLIC+PASSPORT+LOGIN_ID (Ambiguous),1
+ADDRESS+ACCT_NUM-GENERATION,1
+PNAME+DOB+SSN+DRLIC+LOGIN_ID+ACCT_NUM (Ambiguous),1
+LIKELY_NAME+SSN+DRLIC+PASSPORT+LOGIN_ID,1
