timestamp,message
1668196545854,"2022-11-11 19:55:45,854 senzing-50010297I Enter {""add_record_withinfo"": false, ""amqp_url"": null, ""azure_failure_connection_string"": null, ""azure_failure_queue_name"": null, ""azure_info_connection_string"": null, ""azure_info_queue_name"": null, ""azure_queue_connection_string"": null, ""azure_queue_name"": null, ""config_path"": ""/etc/opt/senzing"", ""configuration_check_frequency_in_seconds"": 60, ""debug"": false, ""delay_in_seconds"": 900, ""delay_randomized"": true, ""exit_on_empty_queue"": false, ""exit_on_exception"": true, ""expiration_warning_in_days"": 30, ""input_url"": null, ""kafka_bootstrap_server"": ""localhost:9092"", ""kafka_configuration"": null, ""kafka_failure_bootstrap_server"": null, ""kafka_failure_configuration"": null, ""kafka_failure_topic"": ""senzing-kafka-failure-topic"", ""kafka_group"": ""senzing-kafka-group"", ""kafka_info_bootstrap_server"": null, ""kafka_info_configuration"": null, ""kafka_info_topic"": ""senzing-kafka-info-topic"", ""kafka_topic"": ""senzing-kafka-topic"", ""ld_library_path"": ""/opt/senzing/g2/lib:/opt/senzing/g2/lib/debian:/opt/IBM/db2/clidriver/lib"", ""license_base64_encoded"": null, ""log_level_parameter"": ""info"", ""log_license_period_in_seconds"": 1800, ""long_record"": 300, ""max_workers"": null, ""message_interval"": 10000, ""monitoring_check_frequency_in_seconds"": 20, ""monitoring_period_in_seconds"": 600, ""prime_engine"": true, ""program_updated"": ""2022-11-01"", ""program_version"": ""2.2.2"", ""pstack_pid"": ""1"", ""python_path"": ""/opt/senzing/g2/sdk/python"", ""queue_maxsize"": 10, ""rabbitmq_exchange"": ""senzing-rabbitmq-exchange"", ""rabbitmq_failure_exchange"": null, ""rabbitmq_failure_host"": null, ""rabbitmq_failure_port"": null, ""rabbitmq_failure_queue"": ""senzing-rabbitmq-failure-queue"", ""rabbitmq_failure_routing_key"": ""senzing.failure"", ""rabbitmq_failure_username"": null, ""rabbitmq_failure_virtual_host"": null, ""rabbitmq_heartbeat_in_seconds"": 60, ""rabbitmq_host"": ""localhost:5672"", ""rabbitmq_info_exchange"": null, ""rabbitmq_info_host"": null, ""rabbitmq_info_port"": null, ""rabbitmq_info_queue"": ""senzing-rabbitmq-info-queue"", ""rabbitmq_info_routing_key"": ""senzing.info"", ""rabbitmq_info_username"": null, ""rabbitmq_info_virtual_host"": null, ""rabbitmq_port"": ""5672"", ""rabbitmq_prefetch_count"": 50, ""rabbitmq_queue"": ""senzing-rabbitmq-queue"", ""rabbitmq_reconnect_delay_in_seconds"": 60, ""rabbitmq_reconnect_number_of_retries"": 10, ""rabbitmq_use_existing_entities"": true, ""rabbitmq_username"": ""user"", ""rabbitmq_virtual_host"": ""/"", ""resource_path"": ""/opt/senzing/g2/resources"", ""run_as_gid"": 0, ""run_as_uid"": 1001, ""senzing_sdk_version_major"": 3, ""skip_database_performance_test"": true, ""skip_governor"": false, ""skip_info_filter"": false, ""sleep_time_in_seconds"": 0, ""sqs_failure_queue_url"": null, ""sqs_info_queue_delay_seconds"": 10, ""sqs_info_queue_url"": ""https://sqs.us-east-2.amazonaws.com/511635769224/Ron-34-perf-sqs-output"", ""sqs_queue_url"": ""https://sqs.us-east-2.amazonaws.com/511635769224/Ron-34-perf-sqs-input"", ""sqs_wait_time_seconds"": 20, ""start_time"": 1668196545.8546557, ""stream_loader_directive_name"": ""senzingStreamLoader"", ""subcommand"": ""sqs"", ""support_path"": ""/opt/senzing/data"", ""threads_per_process"": 20}"
1668196545865,"2022-11-11 19:55:45,865 senzing-50010180I User-supplied Governor loaded from /opt/senzing/g2/sdk/python/senzing_governor.py."
1668196545881,"2022-11-11 19:55:45,881 senzing-50010160I -------------------- LICENSE --------------------"
1668196545881,"2022-11-11 19:55:45,881 senzing-50010161I           Version: 3.4.0 (2022-11-09)"
1668196545882,"2022-11-11 19:55:45,881 senzing-50010162I          Customer: Senzing Internal"
1668196545882,"2022-11-11 19:55:45,882 senzing-50010163I              Type: EVAL (Solely for non-productive use)"
1668196545882,"2022-11-11 19:55:45,882 senzing-50010164I   Expiration date: 2023-07-28"
1668196545883,"2022-11-11 19:55:45,883 senzing-50010165I   Expiration time: 258 days until expiration"
1668196545883,"2022-11-11 19:55:45,883 senzing-50010166I           Records: 100000000"
1668196545883,"2022-11-11 19:55:45,883 senzing-50010167I          Contract: Senzing Internal - 100M"
1668196545884,"2022-11-11 19:55:45,883 senzing-50010299I -------------------------------------------------"
1668196545884,"2022-11-11 19:55:45,884 senzing-50010123I Total     memory:     32142917632 bytes"
1668196545884,"2022-11-11 19:55:45,884 senzing-50010124I Available memory:     31367094272 bytes"
1668196552225,"2022-11-11 19:55:52,224 senzing-50010169I G2 loaded in     6 seconds"
1668196552225,"2022-11-11 19:55:52,225 senzing-50170001I Using governor-postgresql-transaction-id Governor. Version: 1.0.6 Updated: 2022-10-18"
1668196552225,"2022-11-11 19:55:52,225 senzing-50170002I SENZING_GOVERNOR_POSTGRESQL_HIGH_WATERMARK: 1500000000; SENZING_GOVERNOR_INTERVAL: 100000; SENZING_GOVERNOR_POSTGRESQL_LOW_WATERMARK 1200000000; SENZING_GOVERNOR_HINT: stream-loader; SENZING_GOVERNOR_LOG_INTERVAL_IN_SECONDS: 600"
1668196552226,"2022-11-11 19:55:52,226 senzing-50170003I Governor monitoring postgresql://senzing:xxxxxxxx@ron-34-perf-aurora-senzing-core-cluster.cluster-cpxzlu10bixk.us-east-2.rds.amazonaws.com:5432/G2"
1668196552249,"2022-11-11 19:55:52,249 senzing-50170003I Governor monitoring postgresql://senzing:xxxxxxxx@ron-34-perf-aurora-senzing-libfeat-cluster.cluster-cpxzlu10bixk.us-east-2.rds.amazonaws.com:5432/G2"
1668196552275,"2022-11-11 19:55:52,274 senzing-50170003I Governor monitoring postgresql://senzing:xxxxxxxx@ron-34-perf-aurora-senzing-res-cluster.cluster-cpxzlu10bixk.us-east-2.rds.amazonaws.com:5432/G2"
1668196552403,"2022-11-11 19:55:52,403 senzing-50010221I AWS SQS redrive: {""deadLetterTargetArn"":""arn:aws:sqs:us-east-2:511635769224:Ron-34-perf-sqs-dead-letter"",""maxReceiveCount"":100}"
1668196552443,"2022-11-11 19:55:52,443 senzing-50010221I AWS SQS redrive: {""deadLetterTargetArn"":""arn:aws:sqs:us-east-2:511635769224:Ron-34-perf-sqs-dead-letter"",""maxReceiveCount"":100}"
1668196552486,"2022-11-11 19:55:52,486 senzing-50010221I AWS SQS redrive: {""deadLetterTargetArn"":""arn:aws:sqs:us-east-2:511635769224:Ron-34-perf-sqs-dead-letter"",""maxReceiveCount"":100}"
1668196552527,"2022-11-11 19:55:52,526 senzing-50010221I AWS SQS redrive: {""deadLetterTargetArn"":""arn:aws:sqs:us-east-2:511635769224:Ron-34-perf-sqs-dead-letter"",""maxReceiveCount"":100}"
1668196552567,"2022-11-11 19:55:52,566 senzing-50010221I AWS SQS redrive: {""deadLetterTargetArn"":""arn:aws:sqs:us-east-2:511635769224:Ron-34-perf-sqs-dead-letter"",""maxReceiveCount"":100}"
1668196552604,"2022-11-11 19:55:52,604 senzing-50010221I AWS SQS redrive: {""deadLetterTargetArn"":""arn:aws:sqs:us-east-2:511635769224:Ron-34-perf-sqs-dead-letter"",""maxReceiveCount"":100}"
1668196552640,"2022-11-11 19:55:52,640 senzing-50010221I AWS SQS redrive: {""deadLetterTargetArn"":""arn:aws:sqs:us-east-2:511635769224:Ron-34-perf-sqs-dead-letter"",""maxReceiveCount"":100}"
1668196552678,"2022-11-11 19:55:52,677 senzing-50010221I AWS SQS redrive: {""deadLetterTargetArn"":""arn:aws:sqs:us-east-2:511635769224:Ron-34-perf-sqs-dead-letter"",""maxReceiveCount"":100}"
1668196552716,"2022-11-11 19:55:52,715 senzing-50010221I AWS SQS redrive: {""deadLetterTargetArn"":""arn:aws:sqs:us-east-2:511635769224:Ron-34-perf-sqs-dead-letter"",""maxReceiveCount"":100}"
1668196552753,"2022-11-11 19:55:52,753 senzing-50010221I AWS SQS redrive: {""deadLetterTargetArn"":""arn:aws:sqs:us-east-2:511635769224:Ron-34-perf-sqs-dead-letter"",""maxReceiveCount"":100}"
1668196552822,"2022-11-11 19:55:52,822 senzing-50010221I AWS SQS redrive: {""deadLetterTargetArn"":""arn:aws:sqs:us-east-2:511635769224:Ron-34-perf-sqs-dead-letter"",""maxReceiveCount"":100}"
1668196552858,"2022-11-11 19:55:52,858 senzing-50010221I AWS SQS redrive: {""deadLetterTargetArn"":""arn:aws:sqs:us-east-2:511635769224:Ron-34-perf-sqs-dead-letter"",""maxReceiveCount"":100}"
1668196552896,"2022-11-11 19:55:52,896 senzing-50010221I AWS SQS redrive: {""deadLetterTargetArn"":""arn:aws:sqs:us-east-2:511635769224:Ron-34-perf-sqs-dead-letter"",""maxReceiveCount"":100}"
1668196552932,"2022-11-11 19:55:52,932 senzing-50010221I AWS SQS redrive: {""deadLetterTargetArn"":""arn:aws:sqs:us-east-2:511635769224:Ron-34-perf-sqs-dead-letter"",""maxReceiveCount"":100}"
1668196552970,"2022-11-11 19:55:52,970 senzing-50010221I AWS SQS redrive: {""deadLetterTargetArn"":""arn:aws:sqs:us-east-2:511635769224:Ron-34-perf-sqs-dead-letter"",""maxReceiveCount"":100}"
1668196552991,"2022-11-11 19:55:52,990 senzing-50010221I AWS SQS redrive: {""deadLetterTargetArn"":""arn:aws:sqs:us-east-2:511635769224:Ron-34-perf-sqs-dead-letter"",""maxReceiveCount"":100}"
1668196553012,"2022-11-11 19:55:53,012 senzing-50010221I AWS SQS redrive: {""deadLetterTargetArn"":""arn:aws:sqs:us-east-2:511635769224:Ron-34-perf-sqs-dead-letter"",""maxReceiveCount"":100}"
1668196553048,"2022-11-11 19:55:53,048 senzing-50010221I AWS SQS redrive: {""deadLetterTargetArn"":""arn:aws:sqs:us-east-2:511635769224:Ron-34-perf-sqs-dead-letter"",""maxReceiveCount"":100}"
1668196553088,"2022-11-11 19:55:53,088 senzing-50010221I AWS SQS redrive: {""deadLetterTargetArn"":""arn:aws:sqs:us-east-2:511635769224:Ron-34-perf-sqs-dead-letter"",""maxReceiveCount"":100}"
1668196553125,"2022-11-11 19:55:53,125 senzing-50010221I AWS SQS redrive: {""deadLetterTargetArn"":""arn:aws:sqs:us-east-2:511635769224:Ron-34-perf-sqs-dead-letter"",""maxReceiveCount"":100}"
1668196553125,"2022-11-11 19:55:53,125 senzing-50010129I ReadSqsWriteG2Thread-0-thread-0 is running."
1668196553127,"2022-11-11 19:55:53,127 senzing-50010129I ReadSqsWriteG2Thread-0-thread-1 is running."
1668196553130,"2022-11-11 19:55:53,130 senzing-50010129I ReadSqsWriteG2Thread-0-thread-2 is running."
1668196553132,"2022-11-11 19:55:53,132 senzing-50010129I ReadSqsWriteG2Thread-0-thread-3 is running."
1668196553134,"2022-11-11 19:55:53,134 senzing-50010129I ReadSqsWriteG2Thread-0-thread-4 is running."
1668196553137,"2022-11-11 19:55:53,136 senzing-50010129I ReadSqsWriteG2Thread-0-thread-5 is running."
1668196553139,"2022-11-11 19:55:53,137 senzing-50010129I ReadSqsWriteG2Thread-0-thread-6 is running."
1668196553141,"2022-11-11 19:55:53,141 senzing-50010129I ReadSqsWriteG2Thread-0-thread-7 is running."
1668196553143,"2022-11-11 19:55:53,143 senzing-50010129I ReadSqsWriteG2Thread-0-thread-8 is running."
1668196553146,"2022-11-11 19:55:53,145 senzing-50010129I ReadSqsWriteG2Thread-0-thread-9 is running."
1668196553148,"2022-11-11 19:55:53,148 senzing-50010129I ReadSqsWriteG2Thread-0-thread-10 is running."
1668196553150,"2022-11-11 19:55:53,150 senzing-50010129I ReadSqsWriteG2Thread-0-thread-11 is running."
1668196553152,"2022-11-11 19:55:53,152 senzing-50010129I ReadSqsWriteG2Thread-0-thread-12 is running."
1668196553155,"2022-11-11 19:55:53,154 senzing-50010129I ReadSqsWriteG2Thread-0-thread-13 is running."
1668196553157,"2022-11-11 19:55:53,157 senzing-50010129I ReadSqsWriteG2Thread-0-thread-14 is running."
1668196553159,"2022-11-11 19:55:53,159 senzing-50010129I ReadSqsWriteG2Thread-0-thread-15 is running."
1668196553161,"2022-11-11 19:55:53,161 senzing-50010129I ReadSqsWriteG2Thread-0-thread-16 is running."
1668196553164,"2022-11-11 19:55:53,164 senzing-50010129I ReadSqsWriteG2Thread-0-thread-17 is running."
1668196553166,"2022-11-11 19:55:53,166 senzing-50010129I ReadSqsWriteG2Thread-0-thread-18 is running."
1668196553168,"2022-11-11 19:55:53,168 senzing-50010129I ReadSqsWriteG2Thread-0-thread-19 is running."
1668196573134,"2022-11-11 19:56:13,133 senzing-50010190I Thread: ReadSqsWriteG2Thread-0-thread-1 AWS SQS Long-polling: No messages from https://sqs.us-east-2.amazonaws.com/511635769224/Ron-34-perf-sqs-input"
1668196573135,"2022-11-11 19:56:13,135 senzing-50010190I Thread: ReadSqsWriteG2Thread-0-thread-0 AWS SQS Long-polling: No messages from https://sqs.us-east-2.amazonaws.com/511635769224/Ron-34-perf-sqs-input"
1668196573136,"2022-11-11 19:56:13,135 senzing-50010119I Thread: ReadSqsWriteG2Thread-0-thread-1 Sleeping for randomized delay of 172.294611 seconds."
1668196573137,"2022-11-11 19:56:13,136 senzing-50010119I Thread: ReadSqsWriteG2Thread-0-thread-0 Sleeping for randomized delay of 205.096296 seconds."
1668196573137,"2022-11-11 19:56:13,136 senzing-50010190I Thread: ReadSqsWriteG2Thread-0-thread-2 AWS SQS Long-polling: No messages from https://sqs.us-east-2.amazonaws.com/511635769224/Ron-34-perf-sqs-input"
1668196573138,"2022-11-11 19:56:13,137 senzing-50010119I Thread: ReadSqsWriteG2Thread-0-thread-2 Sleeping for randomized delay of 622.107143 seconds."
1668196573138,"2022-11-11 19:56:13,138 senzing-50010190I Thread: ReadSqsWriteG2Thread-0-thread-3 AWS SQS Long-polling: No messages from https://sqs.us-east-2.amazonaws.com/511635769224/Ron-34-perf-sqs-input"
1668196573138,"2022-11-11 19:56:13,138 senzing-50010119I Thread: ReadSqsWriteG2Thread-0-thread-3 Sleeping for randomized delay of 168.683966 seconds."
1668196573141,"2022-11-11 19:56:13,141 senzing-50010190I Thread: ReadSqsWriteG2Thread-0-thread-4 AWS SQS Long-polling: No messages from https://sqs.us-east-2.amazonaws.com/511635769224/Ron-34-perf-sqs-input"
1668196573141,"2022-11-11 19:56:13,141 senzing-50010119I Thread: ReadSqsWriteG2Thread-0-thread-4 Sleeping for randomized delay of 587.546333 seconds."
1668196573143,"2022-11-11 19:56:13,143 senzing-50010190I Thread: ReadSqsWriteG2Thread-0-thread-5 AWS SQS Long-polling: No messages from https://sqs.us-east-2.amazonaws.com/511635769224/Ron-34-perf-sqs-input"
1668196573143,"2022-11-11 19:56:13,143 senzing-50010119I Thread: ReadSqsWriteG2Thread-0-thread-5 Sleeping for randomized delay of 207.269145 seconds."
1668196573145,"2022-11-11 19:56:13,145 senzing-50010190I Thread: ReadSqsWriteG2Thread-0-thread-6 AWS SQS Long-polling: No messages from https://sqs.us-east-2.amazonaws.com/511635769224/Ron-34-perf-sqs-input"
1668196573145,"2022-11-11 19:56:13,145 senzing-50010119I Thread: ReadSqsWriteG2Thread-0-thread-6 Sleeping for randomized delay of 340.732734 seconds."
1668196573147,"2022-11-11 19:56:13,147 senzing-50010190I Thread: ReadSqsWriteG2Thread-0-thread-7 AWS SQS Long-polling: No messages from https://sqs.us-east-2.amazonaws.com/511635769224/Ron-34-perf-sqs-input"
1668196573147,"2022-11-11 19:56:13,147 senzing-50010119I Thread: ReadSqsWriteG2Thread-0-thread-7 Sleeping for randomized delay of 834.222092 seconds."
1668196573149,"2022-11-11 19:56:13,149 senzing-50010190I Thread: ReadSqsWriteG2Thread-0-thread-8 AWS SQS Long-polling: No messages from https://sqs.us-east-2.amazonaws.com/511635769224/Ron-34-perf-sqs-input"
1668196573150,"2022-11-11 19:56:13,149 senzing-50010119I Thread: ReadSqsWriteG2Thread-0-thread-8 Sleeping for randomized delay of 175.269950 seconds."
1668196573151,"2022-11-11 19:56:13,151 senzing-50010190I Thread: ReadSqsWriteG2Thread-0-thread-9 AWS SQS Long-polling: No messages from https://sqs.us-east-2.amazonaws.com/511635769224/Ron-34-perf-sqs-input"
1668196573151,"2022-11-11 19:56:13,151 senzing-50010119I Thread: ReadSqsWriteG2Thread-0-thread-9 Sleeping for randomized delay of 353.563825 seconds."
1668196573154,"2022-11-11 19:56:13,154 senzing-50010190I Thread: ReadSqsWriteG2Thread-0-thread-10 AWS SQS Long-polling: No messages from https://sqs.us-east-2.amazonaws.com/511635769224/Ron-34-perf-sqs-input"
1668196573154,"2022-11-11 19:56:13,154 senzing-50010119I Thread: ReadSqsWriteG2Thread-0-thread-10 Sleeping for randomized delay of 801.146807 seconds."
1668196573156,"2022-11-11 19:56:13,156 senzing-50010190I Thread: ReadSqsWriteG2Thread-0-thread-11 AWS SQS Long-polling: No messages from https://sqs.us-east-2.amazonaws.com/511635769224/Ron-34-perf-sqs-input"
1668196573156,"2022-11-11 19:56:13,156 senzing-50010119I Thread: ReadSqsWriteG2Thread-0-thread-11 Sleeping for randomized delay of 491.728478 seconds."
1668196573158,"2022-11-11 19:56:13,158 senzing-50010190I Thread: ReadSqsWriteG2Thread-0-thread-12 AWS SQS Long-polling: No messages from https://sqs.us-east-2.amazonaws.com/511635769224/Ron-34-perf-sqs-input"
1668196573159,"2022-11-11 19:56:13,159 senzing-50010119I Thread: ReadSqsWriteG2Thread-0-thread-12 Sleeping for randomized delay of 458.338161 seconds."
1668196573161,"2022-11-11 19:56:13,161 senzing-50010190I Thread: ReadSqsWriteG2Thread-0-thread-13 AWS SQS Long-polling: No messages from https://sqs.us-east-2.amazonaws.com/511635769224/Ron-34-perf-sqs-input"
1668196573161,"2022-11-11 19:56:13,161 senzing-50010119I Thread: ReadSqsWriteG2Thread-0-thread-13 Sleeping for randomized delay of 444.813426 seconds."
1668196573164,"2022-11-11 19:56:13,163 senzing-50010190I Thread: ReadSqsWriteG2Thread-0-thread-14 AWS SQS Long-polling: No messages from https://sqs.us-east-2.amazonaws.com/511635769224/Ron-34-perf-sqs-input"
1668196573164,"2022-11-11 19:56:13,164 senzing-50010119I Thread: ReadSqsWriteG2Thread-0-thread-14 Sleeping for randomized delay of 128.687598 seconds."
1668196573165,"2022-11-11 19:56:13,165 senzing-50010190I Thread: ReadSqsWriteG2Thread-0-thread-15 AWS SQS Long-polling: No messages from https://sqs.us-east-2.amazonaws.com/511635769224/Ron-34-perf-sqs-input"
1668196573165,"2022-11-11 19:56:13,165 senzing-50010119I Thread: ReadSqsWriteG2Thread-0-thread-15 Sleeping for randomized delay of 39.145358 seconds."
1668196573167,"2022-11-11 19:56:13,167 senzing-50010190I Thread: ReadSqsWriteG2Thread-0-thread-16 AWS SQS Long-polling: No messages from https://sqs.us-east-2.amazonaws.com/511635769224/Ron-34-perf-sqs-input"
1668196573167,"2022-11-11 19:56:13,167 senzing-50010119I Thread: ReadSqsWriteG2Thread-0-thread-16 Sleeping for randomized delay of 592.164601 seconds."
1668196573170,"2022-11-11 19:56:13,170 senzing-50010190I Thread: ReadSqsWriteG2Thread-0-thread-17 AWS SQS Long-polling: No messages from https://sqs.us-east-2.amazonaws.com/511635769224/Ron-34-perf-sqs-input"
1668196573170,"2022-11-11 19:56:13,170 senzing-50010119I Thread: ReadSqsWriteG2Thread-0-thread-17 Sleeping for randomized delay of 816.681901 seconds."
1668196573172,"2022-11-11 19:56:13,172 senzing-50010190I Thread: ReadSqsWriteG2Thread-0-thread-18 AWS SQS Long-polling: No messages from https://sqs.us-east-2.amazonaws.com/511635769224/Ron-34-perf-sqs-input"
1668196573172,"2022-11-11 19:56:13,172 senzing-50010119I Thread: ReadSqsWriteG2Thread-0-thread-18 Sleeping for randomized delay of 221.820004 seconds."
1668196573174,"2022-11-11 19:56:13,174 senzing-50010190I Thread: ReadSqsWriteG2Thread-0-thread-19 AWS SQS Long-polling: No messages from https://sqs.us-east-2.amazonaws.com/511635769224/Ron-34-perf-sqs-input"
1668196573175,"2022-11-11 19:56:13,174 senzing-50010119I Thread: ReadSqsWriteG2Thread-0-thread-19 Sleeping for randomized delay of 356.769492 seconds."
1668196632328,"2022-11-11 19:57:12,328 senzing-50010190I Thread: ReadSqsWriteG2Thread-0-thread-15 AWS SQS Long-polling: No messages from https://sqs.us-east-2.amazonaws.com/511635769224/Ron-34-perf-sqs-input"
1668196632329,"2022-11-11 19:57:12,328 senzing-50010119I Thread: ReadSqsWriteG2Thread-0-thread-15 Sleeping for randomized delay of 732.285869 seconds."
1668196721981,"2022-11-11 19:58:41,981 senzing-50010190I Thread: ReadSqsWriteG2Thread-0-thread-14 AWS SQS Long-polling: No messages from https://sqs.us-east-2.amazonaws.com/511635769224/Ron-34-perf-sqs-input"
1668196721981,"2022-11-11 19:58:41,981 senzing-50010119I Thread: ReadSqsWriteG2Thread-0-thread-14 Sleeping for randomized delay of 754.411254 seconds."
1668196742002,"2022-11-11 19:59:02,001 senzing-50010292I Configuration change detected.  Old: 643113464 New: 731857091"
1668197152277,"2022-11-11 20:05:52,277 senzing-50170004I Governor is checking PostgreSQL Transaction IDs. Host: ron-34-perf-aurora-senzing-core-cluster.cluster-cpxzlu10bixk.us-east-2.rds.amazonaws.com; Database: G2; Current XID: 592046 (pg_statistic); High watermark XID: 1500000000"
1668197153667,"2022-11-11 20:05:53,667 senzing-50010127I Monitor: {""processed_records_interval"": 9086, ""processed_records_total"": 9086, ""queued_records_interval"": 9098, ""queued_records_total"": 9098, ""rate_processed_interval"": 15, ""rate_processed_total"": 14, ""rate_queued_interval"": 15, ""rate_queued_total"": 14, ""uptime"": 607, ""workers_active"": 20, ""workers_total"": 20}"
1668197153668,"2022-11-11 20:05:53,668 senzing-50010125I G2 engine statistics: {""workload"": {""CorruptEntityTestDiagnosis"": {}, ""abortedUnresolve"": 0, ""actualAmbiguousTest"": 0, ""addedRecords"": 9098, ""cacheHit"": [{""ADDRESS"": 17}, {""DOB"": 1005}, {""DRLIC"": 50}, {""NAME"": 838}, {""PASSPORT"": 5}, {""PHONE"": 14}], ""cacheMiss"": [{""ADDRESS"": 6932}, {""DOB"": 2933}, {""DRLIC"": 2604}, {""NAME"": 6106}, {""PASSPORT"": 1097}, {""PHONE"": 4418}], ""cachedAmbiguousTest"": 0, ""candidateBuilders"": [{""ACCT_NUM"": 5479}, {""ADDR_KEY"": 9004}, {""DOB"": 4551}, {""DRLIC"": 5388}, {""ID_KEY"": 8826}, {""LOGIN_ID"": 3597}, {""NAME_KEY"": 9095}, {""PASSPORT"": 3616}, {""PHONE"": 7323}, {""PHONE_KEY"": 5495}, {""SEARCH_KEY"": 5523}, {""SSN"": 6365}], ""candidates"": 6937, ""deletedRecords"": 0, ""duration"": 3223176, ""expressedFeatureCalls"": [{""EFCALL_ID"": 1, ""EFUNC_CODE"": ""PHONE_HASHER"", ""numCalls"": 5486}, {""EFCALL_ID"": 2, ""EFUNC_CODE"": ""EXPRESS_ID"", ""numCalls"": 5400}, {""EFCALL_ID"": 3, ""EFUNC_CODE"": ""EXPRESS_ID"", ""numCalls"": 3610}, {""EFCALL_ID"": 5, ""EFUNC_CODE"": ""EXPRESS_BOM"", ""numCalls"": 3594}, {""EFCALL_ID"": 7, ""EFUNC_CODE"": ""NAME_HASHER"", ""numCalls"": 9086}, {""EFCALL_ID"": 9, ""EFUNC_CODE"": ""ADDR_HASHER"", ""numCalls"": 9086}, {""EFCALL_ID"": 10, ""EFUNC_CODE"": ""EXPRESS_BOM"", ""numCalls"": 3203}, {""EFCALL_ID"": 14, ""EFUNC_CODE"": ""EXPRESS_ID"", ""numCalls"": 5473}, {""EFCALL_ID"": 16, ""EFUNC_CODE"": ""EXPRESS_ID"", ""numCalls"": 6356}], ""expressedFeaturesCreated"": [{""ADDR_KEY"": 16434}, {""ID_KEY"": 20839}, {""NAME_KEY"": 65008}, {""PHONE_KEY"": 5486}, {""SEARCH_KEY"": 6797}], ""filteredObsFeat"": 28, ""genericDetect"": [{""DOB"": 15}, {""DRLIC"": 2}, {""ID_KEY"": 4}, {""NAME_KEY"": 14}], ""gnrScorersUsed"": 1, ""highContentionFeat"": [], ""highContentionResEnt"": [], ""latchContention"": [{""DOB"": 11}], ""libFeatCacheHit"": 53538, ""libFeatCacheMiss"": 363186, ""loadedRecords"": 9231, ""redoTriggers"": [{""DOB"": 75}, {""DRLIC"": 10}, {""ID_KEY"": 20}], ""reducedScoredFeatureType"": [], ""reevaluations"": 0, ""repairedEntities"": 0, ""reresolveSkipped"": 0, ""reresolveTriggers"": {""abortRetry"": 0, ""multipleResolvableCandidates"": 0, ""newFeatureFTypes"": [{""ADDRESS"": 5}, {""DRLIC"": 4}, {""GENDER"": 2}, {""NAME"": 4}, {""PASSPORT"": 1}, {""PHONE"": 3}, {""SSN"": 3}], ""resolveNewFeatures"": 5, ""unresolveMovement"": 0}, ""resFeatStatCacheHit"": 71299, ""resFeatStatCacheMiss"": 842217, ""resFeatStatUpdate"": 169841, ""retries"": 0, ""scoredPairs"": [{""ACCT_NUM"": 2504}, {""ADDRESS"": 6949}, {""DOB"": 3938}, {""DRLIC"": 2654}, {""GENDER"": 6943}, {""LOGIN_ID"": 1076}, {""NAME"": 6944}, {""PASSPORT"": 1102}, {""PHONE"": 4432}, {""SSN"": 3306}], ""suppressedCandidateBuilders"": [], ""suppressedDisclosedRelationshipDomainCount"": 0, ""suppressedScoredFeatureType"": [], ""systemResources"": {""currResources"": [{""availableMemory"": ""26.3GB""}, {""activeThreads"": 12}, {""workerThreads"": 13}, {""systemLoad"": []}], ""initResources"": [{""physicalCores"": 4}, {""logicalCores"": 4}, {""totalMemory"": ""29.9GB""}, {""availableMemory"": ""28.9GB""}]}, ""threadState"": {""active"": 12, ""dataLatchContention"": 0, ""idle"": 1, ""loader"": 3, ""obsEntContention"": 0, ""resEntContention"": 0, ""resolver"": 8, ""scoring"": 0, ""sqlExecuting"": 11}, ""unresolveTest"": 1, ""unresolveTriggers"": {""ambiguousMultiResolve"": 0, ""ambiguousNoResolve"": 1, ""extensiveResolve"": 0, ""normalResolve"": 0, ""relLink"": 0, ""update"": 0}}}"
1668197752283,"2022-11-11 20:15:52,283 senzing-50170004I Governor is checking PostgreSQL Transaction IDs. Host: ron-34-perf-aurora-senzing-libfeat-cluster.cluster-cpxzlu10bixk.us-east-2.rds.amazonaws.com; Database: G2; Current XID: 5464077 (pg_statistic); High watermark XID: 1500000000"
1668197754242,"2022-11-11 20:15:54,242 senzing-50010127I Monitor: {""processed_records_interval"": 37802, ""processed_records_total"": 46888, ""queued_records_interval"": 37808, ""queued_records_total"": 46906, ""rate_processed_interval"": 62, ""rate_processed_total"": 38, ""rate_queued_interval"": 62, ""rate_queued_total"": 38, ""uptime"": 1208, ""workers_active"": 20, ""workers_total"": 20}"
1668197754243,"2022-11-11 20:15:54,243 senzing-50010125I G2 engine statistics: {""workload"": {""CorruptEntityTestDiagnosis"": {}, ""abortedUnresolve"": 0, ""actualAmbiguousTest"": 0, ""addedRecords"": 37808, ""cacheHit"": [{""ADDRESS"": 409}, {""DOB"": 15582}, {""DRLIC"": 402}, {""NAME"": 8572}, {""PASSPORT"": 53}, {""PHONE"": 254}], ""cacheMiss"": [{""ADDRESS"": 67823}, {""DOB"": 20590}, {""DRLIC"": 24372}, {""NAME"": 59443}, {""PASSPORT"": 10836}, {""PHONE"": 43643}], ""cachedAmbiguousTest"": 0, ""candidateBuilders"": [{""ACCT_NUM"": 22758}, {""ADDR_KEY"": 37619}, {""DOB"": 11342}, {""DRLIC"": 22484}, {""ID_KEY"": 36839}, {""LOGIN_ID"": 15293}, {""NAME_KEY"": 37969}, {""PASSPORT"": 15303}, {""PHONE"": 30419}, {""PHONE_KEY"": 22678}, {""SEARCH_KEY"": 23168}, {""SSN"": 26493}], ""candidates"": 67718, ""deletedRecords"": 0, ""duration"": 9660078, ""expressedFeatureCalls"": [{""EFCALL_ID"": 1, ""EFUNC_CODE"": ""PHONE_HASHER"", ""numCalls"": 22543}, {""EFCALL_ID"": 2, ""EFUNC_CODE"": ""EXPRESS_ID"", ""numCalls"": 22678}, {""EFCALL_ID"": 3, ""EFUNC_CODE"": ""EXPRESS_ID"", ""numCalls"": 15205}, {""EFCALL_ID"": 5, ""EFUNC_CODE"": ""EXPRESS_BOM"", ""numCalls"": 15187}, {""EFCALL_ID"": 7, ""EFUNC_CODE"": ""NAME_HASHER"", ""numCalls"": 37802}, {""EFCALL_ID"": 9, ""EFUNC_CODE"": ""ADDR_HASHER"", ""numCalls"": 37802}, {""EFCALL_ID"": 10, ""EFUNC_CODE"": ""EXPRESS_BOM"", ""numCalls"": 13090}, {""EFCALL_ID"": 14, ""EFUNC_CODE"": ""EXPRESS_ID"", ""numCalls"": 22623}, {""EFCALL_ID"": 16, ""EFUNC_CODE"": ""EXPRESS_ID"", ""numCalls"": 26346}], ""expressedFeaturesCreated"": [{""ADDR_KEY"": 68636}, {""ID_KEY"": 86852}, {""NAME_KEY"": 269892}, {""PHONE_KEY"": 22543}, {""SEARCH_KEY"": 28277}], ""filteredObsFeat"": 675, ""genericDetect"": [{""DOB"": 2007}, {""DRLIC"": 28}, {""ID_KEY"": 8}, {""NAME_KEY"": 260}, {""PHONE"": 1}], ""gnrScorersUsed"": 1, ""highContentionFeat"": [], ""highContentionResEnt"": [], ""latchContention"": [{""DOB"": 4}, {""NAME_KEY"": 30}], ""libFeatCacheHit"": 354542, ""libFeatCacheMiss"": 1652188, ""loadedRecords"": 47037, ""redoTriggers"": [{""DOB"": 10048}, {""DRLIC"": 234}, {""ID_KEY"": 40}, {""PHONE"": 10}], ""reducedScoredFeatureType"": [], ""reevaluations"": 0, ""repairedEntities"": 0, ""reresolveSkipped"": 0, ""reresolveTriggers"": {""abortRetry"": 0, ""multipleResolvableCandidates"": 0, ""newFeatureFTypes"": [{""ADDRESS"": 129}, {""DOB"": 39}, {""DRLIC"": 64}, {""GENDER"": 40}, {""NAME"": 104}, {""PASSPORT"": 39}, {""PHONE"": 70}, {""SSN"": 53}], ""resolveNewFeatures"": 139, ""unresolveMovement"": 0}, ""resFeatStatCacheHit"": 546852, ""resFeatStatCacheMiss"": 3737387, ""resFeatStatUpdate"": 704026, ""retries"": 0, ""scoredPairs"": [{""ACCT_NUM"": 24624}, {""ADDRESS"": 68232}, {""DOB"": 36172}, {""DRLIC"": 24774}, {""GENDER"": 67825}, {""LOGIN_ID"": 11256}, {""NAME"": 68015}, {""PASSPORT"": 10889}, {""PHONE"": 43897}, {""SSN"": 33342}], ""suppressedCandidateBuilders"": [], ""suppressedDisclosedRelationshipDomainCount"": 0, ""suppressedScoredFeatureType"": [], ""systemResources"": {""currResources"": [{""availableMemory"": ""24.0GB""}, {""activeThreads"": 18}, {""workerThreads"": 21}, {""systemLoad"": [{""cpuUser"": 37.548244}, {""cpuSystem"": 5.050023}, {""cpuIdle"": 53.539513}, {""cpuWait"": 0.004215}, {""cpuSoftIrq"": 3.24912}, {""cpuSteal"": 0.608888}]}], ""initResources"": [{""physicalCores"": 4}, {""logicalCores"": 4}, {""totalMemory"": ""29.9GB""}, {""availableMemory"": ""28.9GB""}]}, ""threadState"": {""active"": 18, ""dataLatchContention"": 0, ""idle"": 3, ""loader"": 5, ""obsEntContention"": 0, ""resEntContention"": 0, ""resolver"": 10, ""scoring"": 1, ""sqlExecuting"": 14}, ""unresolveTest"": 8, ""unresolveTriggers"": {""ambiguousMultiResolve"": 0, ""ambiguousNoResolve"": 8, ""extensiveResolve"": 0, ""normalResolve"": 0, ""relLink"": 0, ""update"": 0}}}"
1668198352286,"2022-11-11 20:25:52,286 senzing-50170004I Governor is checking PostgreSQL Transaction IDs. Host: ron-34-perf-aurora-senzing-res-cluster.cluster-cpxzlu10bixk.us-east-2.rds.amazonaws.com; Database: G2; Current XID: 17598287 (pg_statistic); High watermark XID: 1500000000"
1668198354813,"2022-11-11 20:25:54,813 senzing-50010160I -------------------- LICENSE --------------------"
1668198354814,"2022-11-11 20:25:54,813 senzing-50010161I           Version: 3.4.0 (2022-11-09)"
1668198354814,"2022-11-11 20:25:54,814 senzing-50010162I          Customer: Senzing Internal"
1668198354814,"2022-11-11 20:25:54,814 senzing-50010163I              Type: EVAL (Solely for non-productive use)"
1668198354814,"2022-11-11 20:25:54,814 senzing-50010164I   Expiration date: 2023-07-28"
1668198354814,"2022-11-11 20:25:54,814 senzing-50010165I   Expiration time: 258 days until expiration"
1668198354815,"2022-11-11 20:25:54,814 senzing-50010166I           Records: 100000000"
1668198354815,"2022-11-11 20:25:54,815 senzing-50010167I          Contract: Senzing Internal - 100M"
1668198354815,"2022-11-11 20:25:54,815 senzing-50010299I -------------------------------------------------"
1668198354815,"2022-11-11 20:25:54,815 senzing-50010127I Monitor: {""processed_records_interval"": 39803, ""processed_records_total"": 86691, ""queued_records_interval"": 39804, ""queued_records_total"": 86710, ""rate_processed_interval"": 66, ""rate_processed_total"": 47, ""rate_queued_interval"": 66, ""rate_queued_total"": 47, ""uptime"": 1808, ""workers_active"": 20, ""workers_total"": 20}"
1668198354816,"2022-11-11 20:25:54,816 senzing-50010125I G2 engine statistics: {""workload"": {""CorruptEntityTestDiagnosis"": {}, ""abortedUnresolve"": 0, ""actualAmbiguousTest"": 0, ""addedRecords"": 39804, ""cacheHit"": [{""ADDRESS"": 1127}, {""DOB"": 3661}, {""DRLIC"": 686}, {""NAME"": 12311}, {""PASSPORT"": 181}, {""PHONE"": 672}], ""cacheMiss"": [{""ADDRESS"": 66842}, {""DOB"": 17388}, {""DRLIC"": 24072}, {""NAME"": 54998}, {""PASSPORT"": 10716}, {""PHONE"": 42733}], ""cachedAmbiguousTest"": 0, ""candidateBuilders"": [{""ACCT_NUM"": 23975}, {""ADDR_KEY"": 39845}, {""DOB"": 1935}, {""DRLIC"": 23723}, {""ID_KEY"": 39086}, {""LOGIN_ID"": 16225}, {""NAME_KEY"": 40249}, {""PASSPORT"": 16015}, {""PHONE"": 32310}, {""PHONE_KEY"": 24163}, {""SEARCH_KEY"": 24686}, {""SSN"": 28264}], ""candidates"": 66632, ""deletedRecords"": 0, ""duration"": 11093717, ""expressedFeatureCalls"": [{""EFCALL_ID"": 1, ""EFUNC_CODE"": ""PHONE_HASHER"", ""numCalls"": 23795}, {""EFCALL_ID"": 2, ""EFUNC_CODE"": ""EXPRESS_ID"", ""numCalls"": 23865}, {""EFCALL_ID"": 3, ""EFUNC_CODE"": ""EXPRESS_ID"", ""numCalls"": 15747}, {""EFCALL_ID"": 5, ""EFUNC_CODE"": ""EXPRESS_BOM"", ""numCalls"": 15906}, {""EFCALL_ID"": 7, ""EFUNC_CODE"": ""NAME_HASHER"", ""numCalls"": 39803}, {""EFCALL_ID"": 9, ""EFUNC_CODE"": ""ADDR_HASHER"", ""numCalls"": 39803}, {""EFCALL_ID"": 10, ""EFUNC_CODE"": ""EXPRESS_BOM"", ""numCalls"": 13827}, {""EFCALL_ID"": 14, ""EFUNC_CODE"": ""EXPRESS_ID"", ""numCalls"": 23614}, {""EFCALL_ID"": 16, ""EFUNC_CODE"": ""EXPRESS_ID"", ""numCalls"": 27855}], ""expressedFeaturesCreated"": [{""ADDR_KEY"": 72205}, {""ID_KEY"": 91081}, {""NAME_KEY"": 284767}, {""PHONE_KEY"": 23795}, {""SEARCH_KEY"": 29733}], ""filteredObsFeat"": 1725, ""genericDetect"": [{""DOB"": 832}, {""DRLIC"": 16}, {""ID_KEY"": 30}, {""NAME_KEY"": 514}], ""gnrScorersUsed"": 1, ""highContentionFeat"": [], ""highContentionResEnt"": [], ""latchContention"": [], ""libFeatCacheHit"": 351356, ""libFeatCacheMiss"": 1702537, ""loadedRecords"": 86837, ""redoTriggers"": [{""DOB"": 4164}, {""DRLIC"": 125}, {""ID_KEY"": 150}], ""reducedScoredFeatureType"": [], ""reevaluations"": 0, ""repairedEntities"": 0, ""reresolveSkipped"": 0, ""reresolveTriggers"": {""abortRetry"": 0, ""multipleResolvableCandidates"": 0, ""newFeatureFTypes"": [{""ADDRESS"": 316}, {""DOB"": 69}, {""DRLIC"": 151}, {""GENDER"": 101}, {""NAME"": 232}, {""PASSPORT"": 99}, {""PHONE"": 156}, {""SSN"": 131}], ""resolveNewFeatures"": 334, ""unresolveMovement"": 0}, ""resFeatStatCacheHit"": 637980, ""resFeatStatCacheMiss"": 3841018, ""resFeatStatUpdate"": 737286, ""retries"": 0, ""scoredPairs"": [{""ACCT_NUM"": 23872}, {""ADDRESS"": 67969}, {""DOB"": 21049}, {""DRLIC"": 24758}, {""GENDER"": 66838}, {""LOGIN_ID"": 12041}, {""NAME"": 67309}, {""PASSPORT"": 10897}, {""PHONE"": 43405}, {""SSN"": 33421}], ""suppressedCandidateBuilders"": [], ""suppressedDisclosedRelationshipDomainCount"": 0, ""suppressedScoredFeatureType"": [], ""systemResources"": {""currResources"": [{""availableMemory"": ""23.9GB""}, {""activeThreads"": 19}, {""workerThreads"": 21}, {""systemLoad"": [{""cpuUser"": 38.960373}, {""cpuNice"": 0.05938}, {""cpuSystem"": 4.981205}, {""cpuIdle"": 51.702621}, {""cpuWait"": 0.042619}, {""cpuSoftIrq"": 3.482342}, {""cpuSteal"": 0.771459}]}], ""initResources"": [{""physicalCores"": 4}, {""logicalCores"": 4}, {""totalMemory"": ""29.9GB""}, {""availableMemory"": ""28.9GB""}]}, ""threadState"": {""active"": 19, ""dataLatchContention"": 0, ""idle"": 2, ""loader"": 8, ""obsEntContention"": 0, ""resEntContention"": 0, ""resolver"": 10, ""scoring"": 1, ""sqlExecuting"": 15}, ""unresolveTest"": 33, ""unresolveTriggers"": {""ambiguousMultiResolve"": 0, ""ambiguousNoResolve"": 33, ""extensiveResolve"": 0, ""normalResolve"": 0, ""relLink"": 0, ""update"": 0}}}"
1668198955390,"2022-11-11 20:35:55,389 senzing-50010127I Monitor: {""processed_records_interval"": 34337, ""processed_records_total"": 121028, ""queued_records_interval"": 34337, ""queued_records_total"": 121047, ""rate_processed_interval"": 57, ""rate_processed_total"": 50, ""rate_queued_interval"": 57, ""rate_queued_total"": 50, ""uptime"": 2409, ""workers_active"": 20, ""workers_total"": 20}"
1668198955391,"2022-11-11 20:35:55,391 senzing-50010125I G2 engine statistics: {""workload"": {""CorruptEntityTestDiagnosis"": {}, ""abortedUnresolve"": 0, ""actualAmbiguousTest"": 2, ""addedRecords"": 34337, ""cacheHit"": [{""ADDRESS"": 3054}, {""DOB"": 1049}, {""DRLIC"": 1292}, {""NAME"": 13533}, {""PASSPORT"": 472}, {""PHONE"": 1745}], ""cacheMiss"": [{""ADDRESS"": 62224}, {""DOB"": 16815}, {""DRLIC"": 22250}, {""NAME"": 50185}, {""PASSPORT"": 9854}, {""PHONE"": 39063}], ""cachedAmbiguousTest"": 0, ""candidateBuilders"": [{""ACCT_NUM"": 21454}, {""ADDR_KEY"": 35194}, {""DOB"": 222}, {""DRLIC"": 21150}, {""ID_KEY"": 34522}, {""LOGIN_ID"": 14735}, {""NAME_KEY"": 35555}, {""PASSPORT"": 14411}, {""PHONE"": 28437}, {""PHONE_KEY"": 21397}, {""SEARCH_KEY"": 22147}, {""SSN"": 25132}], ""candidates"": 61999, ""deletedRecords"": 0, ""duration"": 11360398, ""expressedFeatureCalls"": [{""EFCALL_ID"": 1, ""EFUNC_CODE"": ""PHONE_HASHER"", ""numCalls"": 20437}, {""EFCALL_ID"": 2, ""EFUNC_CODE"": ""EXPRESS_ID"", ""numCalls"": 20685}, {""EFCALL_ID"": 3, ""EFUNC_CODE"": ""EXPRESS_ID"", ""numCalls"": 13694}, {""EFCALL_ID"": 5, ""EFUNC_CODE"": ""EXPRESS_BOM"", ""numCalls"": 13825}, {""EFCALL_ID"": 7, ""EFUNC_CODE"": ""NAME_HASHER"", ""numCalls"": 34337}, {""EFCALL_ID"": 9, ""EFUNC_CODE"": ""ADDR_HASHER"", ""numCalls"": 34337}, {""EFCALL_ID"": 10, ""EFUNC_CODE"": ""EXPRESS_BOM"", ""numCalls"": 12104}, {""EFCALL_ID"": 14, ""EFUNC_CODE"": ""EXPRESS_ID"", ""numCalls"": 20478}, {""EFCALL_ID"": 16, ""EFUNC_CODE"": ""EXPRESS_ID"", ""numCalls"": 24075}], ""expressedFeaturesCreated"": [{""ADDR_KEY"": 62231}, {""ID_KEY"": 78932}, {""NAME_KEY"": 244680}, {""PHONE_KEY"": 20437}, {""SEARCH_KEY"": 25929}], ""filteredObsFeat"": 2915, ""genericDetect"": [{""ADDR_KEY"": 2}, {""DOB"": 51}, {""DRLIC"": 33}, {""ID_KEY"": 18}, {""NAME_KEY"": 595}], ""gnrScorersUsed"": 1, ""highContentionFeat"": [], ""highContentionResEnt"": [], ""latchContention"": [{""NAME_KEY"": 13}], ""libFeatCacheHit"": 336629, ""libFeatCacheMiss"": 1473011, ""loadedRecords"": 121171, ""redoTriggers"": [{""ADDR_KEY"": 20}, {""DOB"": 255}, {""DRLIC"": 256}, {""ID_KEY"": 90}], ""reducedScoredFeatureType"": [], ""reevaluations"": 0, ""repairedEntities"": 0, ""reresolveSkipped"": 0, ""reresolveTriggers"": {""abortRetry"": 0, ""multipleResolvableCandidates"": 0, ""newFeatureFTypes"": [{""ADDRESS"": 638}, {""DOB"": 172}, {""DRLIC"": 317}, {""GENDER"": 231}, {""NAME"": 490}, {""PASSPORT"": 210}, {""PHONE"": 325}, {""SSN"": 248}], ""resolveNewFeatures"": 684, ""unresolveMovement"": 0}, ""resFeatStatCacheHit"": 727330, ""resFeatStatCacheMiss"": 3323370, ""resFeatStatUpdate"": 631932, ""retries"": 0, ""scoredPairs"": [{""ACCT_NUM"": 22817}, {""ADDRESS"": 65278}, {""DOB"": 17864}, {""DRLIC"": 23542}, {""GENDER"": 62498}, {""LOGIN_ID"": 12928}, {""NAME"": 63718}, {""PASSPORT"": 10326}, {""PHONE"": 40808}, {""SSN"": 31605}], ""suppressedCandidateBuilders"": [], ""suppressedDisclosedRelationshipDomainCount"": 0, ""suppressedScoredFeatureType"": [], ""systemResources"": {""currResources"": [{""availableMemory"": ""23.8GB""}, {""activeThreads"": 19}, {""workerThreads"": 21}, {""systemLoad"": [{""cpuUser"": 32.016731}, {""cpuSystem"": 3.710364}, {""cpuIdle"": 60.629372}, {""cpuWait"": 0.045676}, {""cpuSoftIrq"": 2.781451}, {""cpuSteal"": 0.816405}]}], ""initResources"": [{""physicalCores"": 4}, {""logicalCores"": 4}, {""totalMemory"": ""29.9GB""}, {""availableMemory"": ""28.9GB""}]}, ""threadState"": {""active"": 19, ""dataLatchContention"": 0, ""idle"": 2, ""loader"": 5, ""obsEntContention"": 0, ""resEntContention"": 0, ""resolver"": 9, ""scoring"": 0, ""sqlExecuting"": 18}, ""unresolveTest"": 154, ""unresolveTriggers"": {""ambiguousMultiResolve"": 0, ""ambiguousNoResolve"": 154, ""extensiveResolve"": 0, ""normalResolve"": 0, ""relLink"": 0, ""update"": 0}}}"
1668199194202,"2022-11-11 20:39:54,202 senzing-50170004I Governor is checking PostgreSQL Transaction IDs. Host: ron-34-perf-aurora-senzing-core-cluster.cluster-cpxzlu10bixk.us-east-2.rds.amazonaws.com; Database: G2; Current XID: 23678861 (pg_statistic); High watermark XID: 1500000000"
1668199555958,"2022-11-11 20:45:55,958 senzing-50010127I Monitor: {""processed_records_interval"": 29279, ""processed_records_total"": 150307, ""queued_records_interval"": 29278, ""queued_records_total"": 150325, ""rate_processed_interval"": 48, ""rate_processed_total"": 49, ""rate_queued_interval"": 48, ""rate_queued_total"": 49, ""uptime"": 3010, ""workers_active"": 20, ""workers_total"": 20}"
1668199555959,"2022-11-11 20:45:55,959 senzing-50010125I G2 engine statistics: {""workload"": {""CorruptEntityTestDiagnosis"": {}, ""abortedUnresolve"": 0, ""actualAmbiguousTest"": 6, ""addedRecords"": 29278, ""cacheHit"": [{""ADDRESS"": 5559}, {""DOB"": 1656}, {""DRLIC"": 2106}, {""NAME"": 14179}, {""PASSPORT"": 783}, {""PHONE"": 3318}], ""cacheMiss"": [{""ADDRESS"": 58957}, {""DOB"": 16072}, {""DRLIC"": 20536}, {""NAME"": 47569}, {""PASSPORT"": 9276}, {""PHONE"": 36854}], ""cachedAmbiguousTest"": 0, ""candidateBuilders"": [{""ACCT_NUM"": 19306}, {""ADDR_KEY"": 31233}, {""DOB"": 165}, {""DRLIC"": 18790}, {""ID_KEY"": 30583}, {""LOGIN_ID"": 13461}, {""NAME_KEY"": 31553}, {""PASSPORT"": 12924}, {""PHONE"": 25458}, {""PHONE_KEY"": 19225}, {""SEARCH_KEY"": 19878}, {""SSN"": 22570}], ""candidates"": 58712, ""deletedRecords"": 0, ""duration"": 11457740, ""expressedFeatureCalls"": [{""EFCALL_ID"": 1, ""EFUNC_CODE"": ""PHONE_HASHER"", ""numCalls"": 17425}, {""EFCALL_ID"": 2, ""EFUNC_CODE"": ""EXPRESS_ID"", ""numCalls"": 17591}, {""EFCALL_ID"": 3, ""EFUNC_CODE"": ""EXPRESS_ID"", ""numCalls"": 11659}, {""EFCALL_ID"": 5, ""EFUNC_CODE"": ""EXPRESS_BOM"", ""numCalls"": 11687}, {""EFCALL_ID"": 7, ""EFUNC_CODE"": ""NAME_HASHER"", ""numCalls"": 29278}, {""EFCALL_ID"": 9, ""EFUNC_CODE"": ""ADDR_HASHER"", ""numCalls"": 29278}, {""EFCALL_ID"": 10, ""EFUNC_CODE"": ""EXPRESS_BOM"", ""numCalls"": 10225}, {""EFCALL_ID"": 14, ""EFUNC_CODE"": ""EXPRESS_ID"", ""numCalls"": 17557}, {""EFCALL_ID"": 16, ""EFUNC_CODE"": ""EXPRESS_ID"", ""numCalls"": 20589}], ""expressedFeaturesCreated"": [{""ADDR_KEY"": 53054}, {""ID_KEY"": 67396}, {""NAME_KEY"": 209200}, {""PHONE_KEY"": 17425}, {""SEARCH_KEY"": 21912}], ""filteredObsFeat"": 3969, ""genericDetect"": [{""ADDR_KEY"": 2}, {""DOB"": 16}, {""DRLIC"": 18}, {""ID_KEY"": 34}, {""LOGIN_ID"": 2}, {""NAME_KEY"": 472}], ""gnrScorersUsed"": 1, ""highContentionFeat"": [], ""highContentionResEnt"": [], ""latchContention"": [], ""libFeatCacheHit"": 334372, ""libFeatCacheMiss"": 1269621, ""loadedRecords"": 150456, ""redoTriggers"": [{""ADDR_KEY"": 20}, {""DOB"": 80}, {""DRLIC"": 90}, {""ID_KEY"": 170}, {""LOGIN_ID"": 10}], ""reducedScoredFeatureType"": [], ""reevaluations"": 0, ""repairedEntities"": 0, ""reresolveSkipped"": 0, ""reresolveTriggers"": {""abortRetry"": 0, ""multipleResolvableCandidates"": 0, ""newFeatureFTypes"": [{""ADDRESS"": 1001}, {""DOB"": 256}, {""DRLIC"": 503}, {""GENDER"": 332}, {""NAME"": 754}, {""PASSPORT"": 317}, {""PHONE"": 518}, {""SSN"": 427}], ""resolveNewFeatures"": 1049, ""unresolveMovement"": 0}, ""resFeatStatCacheHit"": 848369, ""resFeatStatCacheMiss"": 2886774, ""resFeatStatUpdate"": 535907, ""retries"": 0, ""scoredPairs"": [{""ACCT_NUM"": 22192}, {""ADDRESS"": 64516}, {""DOB"": 17728}, {""DRLIC"": 22642}, {""GENDER"": 59605}, {""LOGIN_ID"": 14580}, {""NAME"": 61748}, {""PASSPORT"": 10059}, {""PHONE"": 40172}, {""SSN"": 31290}], ""suppressedCandidateBuilders"": [], ""suppressedDisclosedRelationshipDomainCount"": 0, ""suppressedScoredFeatureType"": [], ""systemResources"": {""currResources"": [{""availableMemory"": ""23.8GB""}, {""activeThreads"": 18}, {""workerThreads"": 21}, {""systemLoad"": [{""cpuUser"": 25.716038}, {""cpuNice"": 0.000476}, {""cpuSystem"": 2.940715}, {""cpuIdle"": 68.38446}, {""cpuWait"": 0.005231}, {""cpuSoftIrq"": 2.193172}, {""cpuSteal"": 0.759907}]}], ""initResources"": [{""physicalCores"": 4}, {""logicalCores"": 4}, {""totalMemory"": ""29.9GB""}, {""availableMemory"": ""28.9GB""}]}, ""threadState"": {""active"": 18, ""dataLatchContention"": 0, ""idle"": 3, ""loader"": 6, ""obsEntContention"": 0, ""resEntContention"": 0, ""resolver"": 11, ""scoring"": 4, ""sqlExecuting"": 17}, ""unresolveTest"": 338, ""unresolveTriggers"": {""ambiguousMultiResolve"": 0, ""ambiguousNoResolve"": 337, ""extensiveResolve"": 0, ""normalResolve"": 1, ""relLink"": 0, ""update"": 0}}}"
1668199794254,"2022-11-11 20:49:54,254 senzing-50170004I Governor is checking PostgreSQL Transaction IDs. Host: ron-34-perf-aurora-senzing-core-cluster.cluster-cpxzlu10bixk.us-east-2.rds.amazonaws.com; Database: G2; Current XID: 36905642 (pg_statistic); High watermark XID: 1500000000"
1668200156486,"2022-11-11 20:55:56,486 senzing-50010160I -------------------- LICENSE --------------------"
1668200156487,"2022-11-11 20:55:56,486 senzing-50010161I           Version: 3.4.0 (2022-11-09)"
1668200156487,"2022-11-11 20:55:56,487 senzing-50010162I          Customer: Senzing Internal"
1668200156487,"2022-11-11 20:55:56,487 senzing-50010163I              Type: EVAL (Solely for non-productive use)"
1668200156487,"2022-11-11 20:55:56,487 senzing-50010164I   Expiration date: 2023-07-28"
1668200156487,"2022-11-11 20:55:56,487 senzing-50010165I   Expiration time: 258 days until expiration"
1668200156487,"2022-11-11 20:55:56,487 senzing-50010166I           Records: 100000000"
1668200156487,"2022-11-11 20:55:56,487 senzing-50010167I          Contract: Senzing Internal - 100M"
1668200156487,"2022-11-11 20:55:56,487 senzing-50010299I -------------------------------------------------"
1668200156488,"2022-11-11 20:55:56,488 senzing-50010127I Monitor: {""processed_records_interval"": 24692, ""processed_records_total"": 174999, ""queued_records_interval"": 24692, ""queued_records_total"": 175017, ""rate_processed_interval"": 41, ""rate_processed_total"": 48, ""rate_queued_interval"": 41, ""rate_queued_total"": 48, ""uptime"": 3610, ""workers_active"": 20, ""workers_total"": 20}"
1668200156489,"2022-11-11 20:55:56,489 senzing-50010125I G2 engine statistics: {""workload"": {""CorruptEntityTestDiagnosis"": {}, ""abortedUnresolve"": 0, ""actualAmbiguousTest"": 16, ""addedRecords"": 24692, ""cacheHit"": [{""ADDRESS"": 8820}, {""DOB"": 2200}, {""DRLIC"": 3227}, {""NAME"": 15161}, {""PASSPORT"": 1341}, {""PHONE"": 5122}], ""cacheMiss"": [{""ADDRESS"": 54206}, {""DOB"": 15040}, {""DRLIC"": 18992}, {""NAME"": 43583}, {""PASSPORT"": 8697}, {""PHONE"": 33711}], ""cachedAmbiguousTest"": 0, ""candidateBuilders"": [{""ACCT_NUM"": 17645}, {""ADDR_KEY"": 27922}, {""DOB"": 98}, {""DRLIC"": 17048}, {""ID_KEY"": 27462}, {""LOGIN_ID"": 12675}, {""NAME_KEY"": 28202}, {""PASSPORT"": 12065}, {""PHONE"": 23046}, {""PHONE_KEY"": 17434}, {""SEARCH_KEY"": 18161}, {""SSN"": 20314}], ""candidates"": 54785, ""deletedRecords"": 0, ""duration"": 11520610, ""expressedFeatureCalls"": [{""EFCALL_ID"": 1, ""EFUNC_CODE"": ""PHONE_HASHER"", ""numCalls"": 14750}, {""EFCALL_ID"": 2, ""EFUNC_CODE"": ""EXPRESS_ID"", ""numCalls"": 14809}, {""EFCALL_ID"": 3, ""EFUNC_CODE"": ""EXPRESS_ID"", ""numCalls"": 10022}, {""EFCALL_ID"": 5, ""EFUNC_CODE"": ""EXPRESS_BOM"", ""numCalls"": 9921}, {""EFCALL_ID"": 7, ""EFUNC_CODE"": ""NAME_HASHER"", ""numCalls"": 24691}, {""EFCALL_ID"": 9, ""EFUNC_CODE"": ""ADDR_HASHER"", ""numCalls"": 24691}, {""EFCALL_ID"": 10, ""EFUNC_CODE"": ""EXPRESS_BOM"", ""numCalls"": 8575}, {""EFCALL_ID"": 14, ""EFUNC_CODE"": ""EXPRESS_ID"", ""numCalls"": 14939}, {""EFCALL_ID"": 16, ""EFUNC_CODE"": ""EXPRESS_ID"", ""numCalls"": 17312}], ""expressedFeaturesCreated"": [{""ADDR_KEY"": 44660}, {""ID_KEY"": 57082}, {""NAME_KEY"": 176334}, {""PHONE_KEY"": 14750}, {""SEARCH_KEY"": 18496}], ""filteredObsFeat"": 4377, ""genericDetect"": [{""ADDR_KEY"": 3}, {""DOB"": 15}, {""DRLIC"": 10}, {""ID_KEY"": 39}, {""LOGIN_ID"": 8}, {""NAME_KEY"": 463}], ""gnrScorersUsed"": 1, ""highContentionFeat"": [], ""highContentionResEnt"": [], ""latchContention"": [], ""libFeatCacheHit"": 335767, ""libFeatCacheMiss"": 1080464, ""loadedRecords"": 175148, ""redoTriggers"": [{""ADDR_KEY"": 30}, {""DOB"": 75}, {""DRLIC"": 50}, {""ID_KEY"": 195}, {""LOGIN_ID"": 40}], ""reducedScoredFeatureType"": [], ""reevaluations"": 0, ""repairedEntities"": 0, ""reresolveSkipped"": 4, ""reresolveTriggers"": {""abortRetry"": 0, ""multipleResolvableCandidates"": 0, ""newFeatureFTypes"": [{""ADDRESS"": 1215}, {""DOB"": 336}, {""DRLIC"": 640}, {""GENDER"": 429}, {""NAME"": 921}, {""PASSPORT"": 413}, {""PHONE"": 628}, {""SSN"": 477}], ""resolveNewFeatures"": 1270, ""unresolveMovement"": 4}, ""resFeatStatCacheHit"": 990895, ""resFeatStatCacheMiss"": 2499337, ""resFeatStatUpdate"": 449131, ""retries"": 0, ""scoredPairs"": [{""ACCT_NUM"": 21707}, {""ADDRESS"": 63026}, {""DOB"": 17240}, {""DRLIC"": 22219}, {""GENDER"": 56128}, {""LOGIN_ID"": 15936}, {""NAME"": 58744}, {""PASSPORT"": 10038}, {""PHONE"": 38833}, {""SSN"": 29810}], ""suppressedCandidateBuilders"": [], ""suppressedDisclosedRelationshipDomainCount"": 0, ""suppressedScoredFeatureType"": [], ""systemResources"": {""currResources"": [{""availableMemory"": ""23.7GB""}, {""activeThreads"": 18}, {""workerThreads"": 21}, {""systemLoad"": [{""cpuUser"": 20.857351}, {""cpuSystem"": 2.281721}, {""cpuIdle"": 74.395691}, {""cpuWait"": 0.005647}, {""cpuSoftIrq"": 1.757994}, {""cpuSteal"": 0.701598}]}], ""initResources"": [{""physicalCores"": 4}, {""logicalCores"": 4}, {""totalMemory"": ""29.9GB""}, {""availableMemory"": ""28.9GB""}]}, ""threadState"": {""active"": 18, ""dataLatchContention"": 0, ""idle"": 3, ""loader"": 2, ""obsEntContention"": 0, ""resEntContention"": 0, ""resolver"": 15, ""scoring"": 7, ""sqlExecuting"": 18}, ""unresolveTest"": 597, ""unresolveTriggers"": {""ambiguousMultiResolve"": 0, ""ambiguousNoResolve"": 595, ""extensiveResolve"": 0, ""normalResolve"": 2, ""relLink"": 0, ""update"": 0}}}"
1668200394275,"2022-11-11 20:59:54,275 senzing-50170004I Governor is checking PostgreSQL Transaction IDs. Host: ron-34-perf-aurora-senzing-core-cluster.cluster-cpxzlu10bixk.us-east-2.rds.amazonaws.com; Database: G2; Current XID: 49429580 (pg_statistic); High watermark XID: 1500000000"
1668200757030,"2022-11-11 21:05:57,030 senzing-50010127I Monitor: {""processed_records_interval"": 23177, ""processed_records_total"": 198176, ""queued_records_interval"": 23178, ""queued_records_total"": 198195, ""rate_processed_interval"": 38, ""rate_processed_total"": 47, ""rate_queued_interval"": 38, ""rate_queued_total"": 47, ""uptime"": 4211, ""workers_active"": 20, ""workers_total"": 20}"
1668200757031,"2022-11-11 21:05:57,031 senzing-50010125I G2 engine statistics: {""workload"": {""CorruptEntityTestDiagnosis"": {}, ""abortedUnresolve"": 0, ""actualAmbiguousTest"": 33, ""addedRecords"": 23178, ""cacheHit"": [{""ADDRESS"": 13131}, {""DOB"": 3259}, {""DRLIC"": 4662}, {""NAME"": 18660}, {""PASSPORT"": 2045}, {""PHONE"": 7627}], ""cacheMiss"": [{""ADDRESS"": 57296}, {""DOB"": 16553}, {""DRLIC"": 19648}, {""NAME"": 45741}, {""PASSPORT"": 8936}, {""PHONE"": 35011}], ""cachedAmbiguousTest"": 1, ""candidateBuilders"": [{""ACCT_NUM"": 17865}, {""ADDR_KEY"": 28010}, {""DOB"": 54}, {""DRLIC"": 17442}, {""ID_KEY"": 27527}, {""LOGIN_ID"": 13363}, {""NAME_KEY"": 28274}, {""PASSPORT"": 12161}, {""PHONE"": 23143}, {""PHONE_KEY"": 17609}, {""SEARCH_KEY"": 18940}, {""SSN"": 20568}], ""candidates"": 58455, ""deletedRecords"": 0, ""duration"": 11578969, ""expressedFeatureCalls"": [{""EFCALL_ID"": 1, ""EFUNC_CODE"": ""PHONE_HASHER"", ""numCalls"": 13775}, {""EFCALL_ID"": 2, ""EFUNC_CODE"": ""EXPRESS_ID"", ""numCalls"": 14062}, {""EFCALL_ID"": 3, ""EFUNC_CODE"": ""EXPRESS_ID"", ""numCalls"": 9312}, {""EFCALL_ID"": 5, ""EFUNC_CODE"": ""EXPRESS_BOM"", ""numCalls"": 9334}, {""EFCALL_ID"": 7, ""EFUNC_CODE"": ""NAME_HASHER"", ""numCalls"": 23177}, {""EFCALL_ID"": 9, ""EFUNC_CODE"": ""ADDR_HASHER"", ""numCalls"": 23177}, {""EFCALL_ID"": 10, ""EFUNC_CODE"": ""EXPRESS_BOM"", ""numCalls"": 8189}, {""EFCALL_ID"": 14, ""EFUNC_CODE"": ""EXPRESS_ID"", ""numCalls"": 13954}, {""EFCALL_ID"": 16, ""EFUNC_CODE"": ""EXPRESS_ID"", ""numCalls"": 16250}], ""expressedFeaturesCreated"": [{""ADDR_KEY"": 42146}, {""ID_KEY"": 53578}, {""NAME_KEY"": 166580}, {""PHONE_KEY"": 13775}, {""SEARCH_KEY"": 17523}], ""filteredObsFeat"": 5219, ""genericDetect"": [{""ADDR_KEY"": 7}, {""DOB"": 20}, {""DRLIC"": 14}, {""ID_KEY"": 51}, {""LOGIN_ID"": 9}, {""NAME_KEY"": 392}], ""gnrScorersUsed"": 1, ""highContentionFeat"": [], ""highContentionResEnt"": [], ""latchContention"": [{""NAME_KEY"": 21}], ""libFeatCacheHit"": 374732, ""libFeatCacheMiss"": 1032300, ""loadedRecords"": 198322, ""redoTriggers"": [{""ADDR_KEY"": 70}, {""DOB"": 100}, {""DRLIC"": 70}, {""ID_KEY"": 255}, {""LOGIN_ID"": 45}], ""reducedScoredFeatureType"": [], ""reevaluations"": 0, ""repairedEntities"": 0, ""reresolveSkipped"": 0, ""reresolveTriggers"": {""abortRetry"": 0, ""multipleResolvableCandidates"": 0, ""newFeatureFTypes"": [{""ADDRESS"": 1525}, {""DOB"": 399}, {""DRLIC"": 815}, {""GENDER"": 512}, {""NAME"": 1183}, {""PASSPORT"": 483}, {""PHONE"": 776}, {""SSN"": 651}], ""resolveNewFeatures"": 1607, ""unresolveMovement"": 4}, ""resFeatStatCacheHit"": 1240832, ""resFeatStatCacheMiss"": 2435072, ""resFeatStatUpdate"": 418644, ""retries"": 0, ""scoredPairs"": [{""ACCT_NUM"": 23739}, {""ADDRESS"": 70427}, {""DOB"": 19812}, {""DRLIC"": 24310}, {""GENDER"": 60304}, {""LOGIN_ID"": 19408}, {""NAME"": 64401}, {""PASSPORT"": 10981}, {""PHONE"": 42638}, {""SSN"": 33158}], ""suppressedCandidateBuilders"": [], ""suppressedDisclosedRelationshipDomainCount"": 0, ""suppressedScoredFeatureType"": [], ""systemResources"": {""currResources"": [{""availableMemory"": ""23.7GB""}, {""activeThreads"": 19}, {""workerThreads"": 21}, {""systemLoad"": [{""cpuUser"": 19.525646}, {""cpuSystem"": 2.146473}, {""cpuIdle"": 75.978264}, {""cpuWait"": 0.006599}, {""cpuSoftIrq"": 1.647326}, {""cpuSteal"": 0.695695}]}], ""initResources"": [{""physicalCores"": 4}, {""logicalCores"": 4}, {""totalMemory"": ""29.9GB""}, {""availableMemory"": ""28.9GB""}]}, ""threadState"": {""active"": 19, ""dataLatchContention"": 0, ""idle"": 2, ""loader"": 5, ""obsEntContention"": 0, ""resEntContention"": 0, ""resolver"": 9, ""scoring"": 4, ""sqlExecuting"": 19}, ""unresolveTest"": 899, ""unresolveTriggers"": {""ambiguousMultiResolve"": 0, ""ambiguousNoResolve"": 897, ""extensiveResolve"": 0, ""normalResolve"": 2, ""relLink"": 0, ""update"": 0}}}"
1668201357578,"2022-11-11 21:15:57,578 senzing-50010127I Monitor: {""processed_records_interval"": 23030, ""processed_records_total"": 221206, ""queued_records_interval"": 23031, ""queued_records_total"": 221226, ""rate_processed_interval"": 38, ""rate_processed_total"": 45, ""rate_queued_interval"": 38, ""rate_queued_total"": 45, ""uptime"": 4811, ""workers_active"": 20, ""workers_total"": 20}"
1668201357579,"2022-11-11 21:15:57,579 senzing-50010125I G2 engine statistics: {""workload"": {""CorruptEntityTestDiagnosis"": {}, ""abortedUnresolve"": 0, ""actualAmbiguousTest"": 59, ""addedRecords"": 23032, ""cacheHit"": [{""ADDRESS"": 18082}, {""DOB"": 4239}, {""DRLIC"": 6144}, {""NAME"": 22098}, {""PASSPORT"": 2914}, {""PHONE"": 10515}], ""cacheMiss"": [{""ADDRESS"": 61952}, {""DOB"": 17722}, {""DRLIC"": 21191}, {""NAME"": 49548}, {""PASSPORT"": 9793}, {""PHONE"": 37439}], ""cachedAmbiguousTest"": 0, ""candidateBuilders"": [{""ACCT_NUM"": 18984}, {""ADDR_KEY"": 29403}, {""DOB"": 22}, {""DRLIC"": 18220}, {""ID_KEY"": 28902}, {""LOGIN_ID"": 14566}, {""NAME_KEY"": 29696}, {""PASSPORT"": 13044}, {""PHONE"": 24553}, {""PHONE_KEY"": 18827}, {""SEARCH_KEY"": 20189}, {""SSN"": 21806}], ""candidates"": 63863, ""deletedRecords"": 0, ""duration"": 11590721, ""expressedFeatureCalls"": [{""EFCALL_ID"": 1, ""EFUNC_CODE"": ""PHONE_HASHER"", ""numCalls"": 13775}, {""EFCALL_ID"": 2, ""EFUNC_CODE"": ""EXPRESS_ID"", ""numCalls"": 13756}, {""EFCALL_ID"": 3, ""EFUNC_CODE"": ""EXPRESS_ID"", ""numCalls"": 9204}, {""EFCALL_ID"": 5, ""EFUNC_CODE"": ""EXPRESS_BOM"", ""numCalls"": 9194}, {""EFCALL_ID"": 7, ""EFUNC_CODE"": ""NAME_HASHER"", ""numCalls"": 23031}, {""EFCALL_ID"": 9, ""EFUNC_CODE"": ""ADDR_HASHER"", ""numCalls"": 23031}, {""EFCALL_ID"": 10, ""EFUNC_CODE"": ""EXPRESS_BOM"", ""numCalls"": 8123}, {""EFCALL_ID"": 14, ""EFUNC_CODE"": ""EXPRESS_ID"", ""numCalls"": 13838}, {""EFCALL_ID"": 16, ""EFUNC_CODE"": ""EXPRESS_ID"", ""numCalls"": 16133}], ""expressedFeaturesCreated"": [{""ADDR_KEY"": 41713}, {""ID_KEY"": 52931}, {""NAME_KEY"": 164601}, {""PHONE_KEY"": 13775}, {""SEARCH_KEY"": 17317}], ""filteredObsFeat"": 5816, ""genericDetect"": [{""ADDR_KEY"": 6}, {""DOB"": 13}, {""DRLIC"": 25}, {""ID_KEY"": 31}, {""LOGIN_ID"": 23}, {""NAME_KEY"": 389}], ""gnrScorersUsed"": 1, ""highContentionFeat"": [], ""highContentionResEnt"": [], ""latchContention"": [{""NAME_KEY"": 19}], ""libFeatCacheHit"": 425546, ""libFeatCacheMiss"": 1033787, ""loadedRecords"": 221353, ""redoTriggers"": [{""ADDR_KEY"": 61}, {""DOB"": 65}, {""DRLIC"": 120}, {""ID_KEY"": 155}, {""LOGIN_ID"": 111}], ""reducedScoredFeatureType"": [], ""reevaluations"": 0, ""repairedEntities"": 0, ""reresolveSkipped"": 0, ""reresolveTriggers"": {""abortRetry"": 0, ""multipleResolvableCandidates"": 0, ""newFeatureFTypes"": [{""ADDRESS"": 1803}, {""DOB"": 466}, {""DRLIC"": 973}, {""GENDER"": 631}, {""NAME"": 1372}, {""PASSPORT"": 616}, {""PHONE"": 871}, {""SSN"": 745}], ""resolveNewFeatures"": 1882, ""unresolveMovement"": 2}, ""resFeatStatCacheHit"": 1513355, ""resFeatStatCacheMiss"": 2484187, ""resFeatStatUpdate"": 412140, ""retries"": 1, ""scoredPairs"": [{""ACCT_NUM"": 26901}, {""ADDRESS"": 80034}, {""DOB"": 21961}, {""DRLIC"": 27335}, {""GENDER"": 66374}, {""LOGIN_ID"": 22759}, {""NAME"": 71646}, {""PASSPORT"": 12707}, {""PHONE"": 47954}, {""SSN"": 37372}], ""suppressedCandidateBuilders"": [], ""suppressedDisclosedRelationshipDomainCount"": 0, ""suppressedScoredFeatureType"": [], ""systemResources"": {""currResources"": [{""availableMemory"": ""23.6GB""}, {""activeThreads"": 20}, {""workerThreads"": 21}, {""systemLoad"": [{""cpuUser"": 19.639839}, {""cpuSystem"": 2.143498}, {""cpuIdle"": 75.886711}, {""cpuWait"": 0.006136}, {""cpuSoftIrq"": 1.624262}, {""cpuSteal"": 0.699552}]}], ""initResources"": [{""physicalCores"": 4}, {""logicalCores"": 4}, {""totalMemory"": ""29.9GB""}, {""availableMemory"": ""28.9GB""}]}, ""threadState"": {""active"": 20, ""dataLatchContention"": 0, ""idle"": 1, ""loader"": 9, ""obsEntContention"": 0, ""resEntContention"": 0, ""resolver"": 9, ""scoring"": 2, ""sqlExecuting"": 19}, ""unresolveTest"": 1210, ""unresolveTriggers"": {""ambiguousMultiResolve"": 0, ""ambiguousNoResolve"": 1208, ""extensiveResolve"": 0, ""normalResolve"": 2, ""relLink"": 0, ""update"": 0}}}"
1668201400768,"2022-11-11 21:16:40,768 senzing-50170004I Governor is checking PostgreSQL Transaction IDs. Host: ron-34-perf-aurora-senzing-core-cluster.cluster-cpxzlu10bixk.us-east-2.rds.amazonaws.com; Database: G2; Current XID: 72814746 (pg_statistic); High watermark XID: 1500000000"
1668201958150,"2022-11-11 21:25:58,149 senzing-50010160I -------------------- LICENSE --------------------"
1668201958152,"2022-11-11 21:25:58,152 senzing-50010161I           Version: 3.4.0 (2022-11-09)"
1668201958152,"2022-11-11 21:25:58,152 senzing-50010162I          Customer: Senzing Internal"
1668201958152,"2022-11-11 21:25:58,152 senzing-50010163I              Type: EVAL (Solely for non-productive use)"
1668201958156,"2022-11-11 21:25:58,156 senzing-50010164I   Expiration date: 2023-07-28"
1668201958156,"2022-11-11 21:25:58,156 senzing-50010165I   Expiration time: 258 days until expiration"
1668201958156,"2022-11-11 21:25:58,156 senzing-50010166I           Records: 100000000"
1668201958157,"2022-11-11 21:25:58,156 senzing-50010167I          Contract: Senzing Internal - 100M"
1668201958157,"2022-11-11 21:25:58,157 senzing-50010299I -------------------------------------------------"
1668201958157,"2022-11-11 21:25:58,157 senzing-50010127I Monitor: {""processed_records_interval"": 23050, ""processed_records_total"": 244256, ""queued_records_interval"": 23048, ""queued_records_total"": 244274, ""rate_processed_interval"": 38, ""rate_processed_total"": 45, ""rate_queued_interval"": 38, ""rate_queued_total"": 45, ""uptime"": 5412, ""workers_active"": 20, ""workers_total"": 20}"
1668201958159,"2022-11-11 21:25:58,158 senzing-50010125I G2 engine statistics: {""workload"": {""CorruptEntityTestDiagnosis"": {}, ""abortedUnresolve"": 2, ""actualAmbiguousTest"": 94, ""addedRecords"": 23048, ""cacheHit"": [{""ADDRESS"": 24659}, {""DOB"": 5872}, {""DRLIC"": 8520}, {""NAME"": 27473}, {""PASSPORT"": 3738}, {""PHONE"": 14192}], ""cacheMiss"": [{""ADDRESS"": 67944}, {""DOB"": 19387}, {""DRLIC"": 23381}, {""NAME"": 53797}, {""PASSPORT"": 10250}, {""PHONE"": 40519}], ""cachedAmbiguousTest"": 0, ""candidateBuilders"": [{""ACCT_NUM"": 20651}, {""ADDR_KEY"": 31666}, {""DOB"": 15}, {""DRLIC"": 20148}, {""ID_KEY"": 31214}, {""LOGIN_ID"": 16360}, {""NAME_KEY"": 31988}, {""PASSPORT"": 14156}, {""PHONE"": 26437}, {""PHONE_KEY"": 20415}, {""SEARCH_KEY"": 22376}, {""SSN"": 23806}], ""candidates"": 70998, ""deletedRecords"": 0, ""duration"": 11594431, ""expressedFeatureCalls"": [{""EFCALL_ID"": 1, ""EFUNC_CODE"": ""PHONE_HASHER"", ""numCalls"": 13734}, {""EFCALL_ID"": 2, ""EFUNC_CODE"": ""EXPRESS_ID"", ""numCalls"": 14018}, {""EFCALL_ID"": 3, ""EFUNC_CODE"": ""EXPRESS_ID"", ""numCalls"": 9115}, {""EFCALL_ID"": 5, ""EFUNC_CODE"": ""EXPRESS_BOM"", ""numCalls"": 9249}, {""EFCALL_ID"": 7, ""EFUNC_CODE"": ""NAME_HASHER"", ""numCalls"": 23050}, {""EFCALL_ID"": 9, ""EFUNC_CODE"": ""ADDR_HASHER"", ""numCalls"": 23050}, {""EFCALL_ID"": 10, ""EFUNC_CODE"": ""EXPRESS_BOM"", ""numCalls"": 8127}, {""EFCALL_ID"": 14, ""EFUNC_CODE"": ""EXPRESS_ID"", ""numCalls"": 13804}, {""EFCALL_ID"": 16, ""EFUNC_CODE"": ""EXPRESS_ID"", ""numCalls"": 16184}], ""expressedFeaturesCreated"": [{""ADDR_KEY"": 41767}, {""ID_KEY"": 53121}, {""NAME_KEY"": 164889}, {""PHONE_KEY"": 13734}, {""SEARCH_KEY"": 17376}], ""filteredObsFeat"": 6502, ""genericDetect"": [{""ADDR_KEY"": 3}, {""DOB"": 5}, {""DRLIC"": 32}, {""ID_KEY"": 25}, {""LOGIN_ID"": 54}, {""NAME_KEY"": 396}], ""gnrScorersUsed"": 1, ""highContentionFeat"": [], ""highContentionResEnt"": [], ""latchContention"": [], ""libFeatCacheHit"": 498568, ""libFeatCacheMiss"": 1047515, ""loadedRecords"": 244400, ""redoTriggers"": [{""ADDR_KEY"": 30}, {""DOB"": 25}, {""DRLIC"": 205}, {""ID_KEY"": 125}, {""LOGIN_ID"": 267}], ""reducedScoredFeatureType"": [], ""reevaluations"": 0, ""repairedEntities"": 0, ""reresolveSkipped"": 1, ""reresolveTriggers"": {""abortRetry"": 0, ""multipleResolvableCandidates"": 2, ""newFeatureFTypes"": [{""ADDRESS"": 2163}, {""DOB"": 539}, {""DRLIC"": 1126}, {""GENDER"": 763}, {""NAME"": 1631}, {""PASSPORT"": 739}, {""PHONE"": 1081}, {""SSN"": 1018}], ""resolveNewFeatures"": 2271, ""unresolveMovement"": 8}, ""resFeatStatCacheHit"": 1906565, ""resFeatStatCacheMiss"": 2589745, ""resFeatStatUpdate"": 413619, ""retries"": 0, ""scoredPairs"": [{""ACCT_NUM"": 30511}, {""ADDRESS"": 92603}, {""DOB"": 25259}, {""DRLIC"": 31901}, {""GENDER"": 74197}, {""LOGIN_ID"": 27887}, {""NAME"": 81270}, {""PASSPORT"": 13988}, {""PHONE"": 54711}, {""SSN"": 43174}], ""suppressedCandidateBuilders"": [], ""suppressedDisclosedRelationshipDomainCount"": 0, ""suppressedScoredFeatureType"": [], ""systemResources"": {""currResources"": [{""availableMemory"": ""23.6GB""}, {""activeThreads"": 18}, {""workerThreads"": 21}, {""systemLoad"": [{""cpuUser"": 20.345978}, {""cpuSystem"": 2.246166}, {""cpuIdle"": 74.966904}, {""cpuWait"": 0.005201}, {""cpuSoftIrq"": 1.723747}, {""cpuSteal"": 0.712003}]}], ""initResources"": [{""physicalCores"": 4}, {""logicalCores"": 4}, {""totalMemory"": ""29.9GB""}, {""availableMemory"": ""28.9GB""}]}, ""threadState"": {""active"": 18, ""dataLatchContention"": 0, ""idle"": 3, ""loader"": 13, ""obsEntContention"": 0, ""resEntContention"": 0, ""resolver"": 5, ""scoring"": 2, ""sqlExecuting"": 14}, ""unresolveTest"": 1658, ""unresolveTriggers"": {""ambiguousMultiResolve"": 0, ""ambiguousNoResolve"": 1655, ""extensiveResolve"": 0, ""normalResolve"": 3, ""relLink"": 0, ""update"": 0}}}"
1668202000808,"2022-11-11 21:26:40,808 senzing-50170004I Governor is checking PostgreSQL Transaction IDs. Host: ron-34-perf-aurora-senzing-core-cluster.cluster-cpxzlu10bixk.us-east-2.rds.amazonaws.com; Database: G2; Current XID: 87477351 (pg_statistic); High watermark XID: 1500000000"
1668202558729,"2022-11-11 21:35:58,729 senzing-50010127I Monitor: {""processed_records_interval"": 21561, ""processed_records_total"": 265817, ""queued_records_interval"": 21563, ""queued_records_total"": 265837, ""rate_processed_interval"": 35, ""rate_processed_total"": 44, ""rate_queued_interval"": 35, ""rate_queued_total"": 44, ""uptime"": 6012, ""workers_active"": 20, ""workers_total"": 20}"
1668202558730,"2022-11-11 21:35:58,730 senzing-50010125I G2 engine statistics: {""workload"": {""CorruptEntityTestDiagnosis"": {}, ""abortedUnresolve"": 3, ""actualAmbiguousTest"": 129, ""addedRecords"": 21563, ""cacheHit"": [{""ADDRESS"": 28801}, {""DOB"": 7307}, {""DRLIC"": 9311}, {""NAME"": 30047}, {""PASSPORT"": 4326}, {""PHONE"": 16293}], ""cacheMiss"": [{""ADDRESS"": 69712}, {""DOB"": 20108}, {""DRLIC"": 23548}, {""NAME"": 54909}, {""PASSPORT"": 10841}, {""PHONE"": 40502}], ""cachedAmbiguousTest"": 0, ""candidateBuilders"": [{""ACCT_NUM"": 20542}, {""ADDR_KEY"": 31179}, {""DOB"": 16}, {""DRLIC"": 19606}, {""ID_KEY"": 30724}, {""LOGIN_ID"": 16398}, {""NAME_KEY"": 31488}, {""PASSPORT"": 14268}, {""PHONE"": 26196}, {""PHONE_KEY"": 20328}, {""SEARCH_KEY"": 22230}, {""SSN"": 23513}], ""candidates"": 72818, ""deletedRecords"": 0, ""duration"": 11623016, ""expressedFeatureCalls"": [{""EFCALL_ID"": 1, ""EFUNC_CODE"": ""PHONE_HASHER"", ""numCalls"": 12844}, {""EFCALL_ID"": 2, ""EFUNC_CODE"": ""EXPRESS_ID"", ""numCalls"": 12890}, {""EFCALL_ID"": 3, ""EFUNC_CODE"": ""EXPRESS_ID"", ""numCalls"": 8642}, {""EFCALL_ID"": 5, ""EFUNC_CODE"": ""EXPRESS_BOM"", ""numCalls"": 8527}, {""EFCALL_ID"": 7, ""EFUNC_CODE"": ""NAME_HASHER"", ""numCalls"": 21561}, {""EFCALL_ID"": 9, ""EFUNC_CODE"": ""ADDR_HASHER"", ""numCalls"": 21561}, {""EFCALL_ID"": 10, ""EFUNC_CODE"": ""EXPRESS_BOM"", ""numCalls"": 7547}, {""EFCALL_ID"": 14, ""EFUNC_CODE"": ""EXPRESS_ID"", ""numCalls"": 12877}, {""EFCALL_ID"": 16, ""EFUNC_CODE"": ""EXPRESS_ID"", ""numCalls"": 15108}], ""expressedFeaturesCreated"": [{""ADDR_KEY"": 39046}, {""ID_KEY"": 49517}, {""NAME_KEY"": 153555}, {""PHONE_KEY"": 12844}, {""SEARCH_KEY"": 16074}], ""filteredObsFeat"": 6523, ""genericDetect"": [{""ADDR_KEY"": 6}, {""DOB"": 5}, {""DRLIC"": 32}, {""ID_KEY"": 13}, {""LOGIN_ID"": 75}, {""NAME_KEY"": 334}], ""gnrScorersUsed"": 1, ""highContentionFeat"": [], ""highContentionResEnt"": [], ""latchContention"": [{""LOGIN_ID"": 11}], ""libFeatCacheHit"": 523677, ""libFeatCacheMiss"": 991170, ""loadedRecords"": 7897230, ""redoTriggers"": [{""ADDR_KEY"": 60}, {""DOB"": 25}, {""DRLIC"": 200}, {""ID_KEY"": 65}, {""LOGIN_ID"": 375}], ""reducedScoredFeatureType"": [], ""reevaluations"": 0, ""repairedEntities"": 0, ""reresolveSkipped"": 1, ""reresolveTriggers"": {""abortRetry"": 0, ""multipleResolvableCandidates"": 0, ""newFeatureFTypes"": [{""ADDRESS"": 2225}, {""DOB"": 575}, {""DRLIC"": 1225}, {""GENDER"": 785}, {""NAME"": 1693}, {""PASSPORT"": 795}, {""PHONE"": 1152}, {""SSN"": 971}], ""resolveNewFeatures"": 2322, ""unresolveMovement"": 16}, ""resFeatStatCacheHit"": 2081752, ""resFeatStatCacheMiss"": 2496560, ""resFeatStatUpdate"": 387161, ""retries"": 0, ""scoredPairs"": [{""ACCT_NUM"": 31736}, {""ADDRESS"": 98513}, {""DOB"": 27415}, {""DRLIC"": 32859}, {""GENDER"": 76667}, {""LOGIN_ID"": 29702}, {""NAME"": 84956}, {""PASSPORT"": 15167}, {""PHONE"": 56795}, {""SSN"": 44565}], ""suppressedCandidateBuilders"": [], ""suppressedDisclosedRelationshipDomainCount"": 0, ""suppressedScoredFeatureType"": [], ""systemResources"": {""currResources"": [{""availableMemory"": ""23.5GB""}, {""activeThreads"": 20}, {""workerThreads"": 21}, {""systemLoad"": [{""cpuUser"": 19.233646}, {""cpuSystem"": 2.086421}, {""cpuIdle"": 76.389809}, {""cpuWait"": 0.006116}, {""cpuSoftIrq"": 1.599981}, {""cpuSteal"": 0.684026}]}], ""initResources"": [{""physicalCores"": 4}, {""logicalCores"": 4}, {""totalMemory"": ""29.9GB""}, {""availableMemory"": ""28.9GB""}]}, ""threadState"": {""active"": 20, ""dataLatchContention"": 0, ""idle"": 1, ""loader"": 3, ""obsEntContention"": 0, ""resEntContention"": 0, ""resolver"": 16, ""scoring"": 4, ""sqlExecuting"": 18}, ""unresolveTest"": 1822, ""unresolveTriggers"": {""ambiguousMultiResolve"": 0, ""ambiguousNoResolve"": 1820, ""extensiveResolve"": 0, ""normalResolve"": 2, ""relLink"": 0, ""update"": 0}}}"
1668202600848,"2022-11-11 21:36:40,848 senzing-50170004I Governor is checking PostgreSQL Transaction IDs. Host: ron-34-perf-aurora-senzing-core-cluster.cluster-cpxzlu10bixk.us-east-2.rds.amazonaws.com; Database: G2; Current XID: 101495439 (pg_statistic); High watermark XID: 1500000000"
1668203159286,"2022-11-11 21:45:59,285 senzing-50010127I Monitor: {""processed_records_interval"": 22181, ""processed_records_total"": 287998, ""queued_records_interval"": 22181, ""queued_records_total"": 288018, ""rate_processed_interval"": 36, ""rate_processed_total"": 43, ""rate_queued_interval"": 36, ""rate_queued_total"": 43, ""uptime"": 6613, ""workers_active"": 20, ""workers_total"": 20}"
1668203159287,"2022-11-11 21:45:59,286 senzing-50010125I G2 engine statistics: {""workload"": {""CorruptEntityTestDiagnosis"": {}, ""abortedUnresolve"": 0, ""actualAmbiguousTest"": 180, ""addedRecords"": 22181, ""cacheHit"": [{""ADDRESS"": 38550}, {""DOB"": 9289}, {""DRLIC"": 12324}, {""NAME"": 38209}, {""PASSPORT"": 5593}, {""PHONE"": 21721}], ""cacheMiss"": [{""ADDRESS"": 80499}, {""DOB"": 22380}, {""DRLIC"": 26818}, {""NAME"": 62986}, {""PASSPORT"": 12130}, {""PHONE"": 46596}], ""cachedAmbiguousTest"": 0, ""candidateBuilders"": [{""ACCT_NUM"": 22962}, {""ADDR_KEY"": 34583}, {""DOB"": 5}, {""DRLIC"": 22157}, {""ID_KEY"": 34083}, {""LOGIN_ID"": 18915}, {""NAME_KEY"": 34913}, {""PASSPORT"": 16103}, {""PHONE"": 29232}, {""PHONE_KEY"": 22677}, {""SEARCH_KEY"": 25310}, {""SSN"": 26317}], ""candidates"": 84623, ""deletedRecords"": 0, ""duration"": 11607152, ""expressedFeatureCalls"": [{""EFCALL_ID"": 1, ""EFUNC_CODE"": ""PHONE_HASHER"", ""numCalls"": 13145}, {""EFCALL_ID"": 2, ""EFUNC_CODE"": ""EXPRESS_ID"", ""numCalls"": 13322}, {""EFCALL_ID"": 3, ""EFUNC_CODE"": ""EXPRESS_ID"", ""numCalls"": 8987}, {""EFCALL_ID"": 5, ""EFUNC_CODE"": ""EXPRESS_BOM"", ""numCalls"": 8967}, {""EFCALL_ID"": 7, ""EFUNC_CODE"": ""NAME_HASHER"", ""numCalls"": 22181}, {""EFCALL_ID"": 9, ""EFUNC_CODE"": ""ADDR_HASHER"", ""numCalls"": 22181}, {""EFCALL_ID"": 10, ""EFUNC_CODE"": ""EXPRESS_BOM"", ""numCalls"": 7708}, {""EFCALL_ID"": 14, ""EFUNC_CODE"": ""EXPRESS_ID"", ""numCalls"": 13230}, {""EFCALL_ID"": 16, ""EFUNC_CODE"": ""EXPRESS_ID"", ""numCalls"": 15593}], ""expressedFeaturesCreated"": [{""ADDR_KEY"": 40144}, {""ID_KEY"": 51132}, {""NAME_KEY"": 158316}, {""PHONE_KEY"": 13145}, {""SEARCH_KEY"": 16675}], ""filteredObsFeat"": 7208, ""genericDetect"": [{""ADDR_KEY"": 10}, {""DOB"": 6}, {""DRLIC"": 24}, {""ID_KEY"": 13}, {""LOGIN_ID"": 130}, {""NAME_KEY"": 365}], ""gnrScorersUsed"": 1, ""highContentionFeat"": [], ""highContentionResEnt"": [], ""latchContention"": [], ""libFeatCacheHit"": 624422, ""libFeatCacheMiss"": 1041208, ""loadedRecords"": 7919417, ""redoTriggers"": [{""ADDR_KEY"": 100}, {""DOB"": 30}, {""DRLIC"": 121}, {""ID_KEY"": 65}, {""LOGIN_ID"": 635}], ""reducedScoredFeatureType"": [], ""reevaluations"": 0, ""repairedEntities"": 0, ""reresolveSkipped"": 2, ""reresolveTriggers"": {""abortRetry"": 0, ""multipleResolvableCandidates"": 1, ""newFeatureFTypes"": [{""ADDRESS"": 2712}, {""DOB"": 750}, {""DRLIC"": 1488}, {""GENDER"": 996}, {""NAME"": 2131}, {""PASSPORT"": 921}, {""PHONE"": 1442}, {""SSN"": 1193}], ""resolveNewFeatures"": 2840, ""unresolveMovement"": 24}, ""resFeatStatCacheHit"": 2592378, ""resFeatStatCacheMiss"": 2694115, ""resFeatStatUpdate"": 400671, ""retries"": 0, ""scoredPairs"": [{""ACCT_NUM"": 37730}, {""ADDRESS"": 119049}, {""DOB"": 31669}, {""DRLIC"": 39142}, {""GENDER"": 89945}, {""LOGIN_ID"": 36353}, {""NAME"": 101195}, {""PASSPORT"": 17723}, {""PHONE"": 68317}, {""SSN"": 53447}], ""suppressedCandidateBuilders"": [], ""suppressedDisclosedRelationshipDomainCount"": 0, ""suppressedScoredFeatureType"": [], ""systemResources"": {""currResources"": [{""availableMemory"": ""23.5GB""}, {""activeThreads"": 20}, {""workerThreads"": 21}, {""systemLoad"": [{""cpuUser"": 20.629503}, {""cpuSystem"": 2.205631}, {""cpuIdle"": 74.731232}, {""cpuWait"": 0.005688}, {""cpuSoftIrq"": 1.706485}, {""cpuSteal"": 0.721464}]}], ""initResources"": [{""physicalCores"": 4}, {""logicalCores"": 4}, {""totalMemory"": ""29.9GB""}, {""availableMemory"": ""28.9GB""}]}, ""threadState"": {""active"": 20, ""dataLatchContention"": 0, ""idle"": 1, ""loader"": 2, ""obsEntContention"": 0, ""resEntContention"": 0, ""resolver"": 17, ""scoring"": 6, ""sqlExecuting"": 20}, ""unresolveTest"": 2303, ""unresolveTriggers"": {""ambiguousMultiResolve"": 0, ""ambiguousNoResolve"": 2299, ""extensiveResolve"": 0, ""normalResolve"": 4, ""relLink"": 0, ""update"": 0}}}"
1668203200858,"2022-11-11 21:46:40,857 senzing-50170004I Governor is checking PostgreSQL Transaction IDs. Host: ron-34-perf-aurora-senzing-core-cluster.cluster-cpxzlu10bixk.us-east-2.rds.amazonaws.com; Database: G2; Current XID: 117082015 (pg_statistic); High watermark XID: 1500000000"
1668203759821,"2022-11-11 21:55:59,821 senzing-50010160I -------------------- LICENSE --------------------"
1668203759822,"2022-11-11 21:55:59,821 senzing-50010161I           Version: 3.4.0 (2022-11-09)"
1668203759822,"2022-11-11 21:55:59,822 senzing-50010162I          Customer: Senzing Internal"
1668203759822,"2022-11-11 21:55:59,822 senzing-50010163I              Type: EVAL (Solely for non-productive use)"
1668203759822,"2022-11-11 21:55:59,822 senzing-50010164I   Expiration date: 2023-07-28"
1668203759822,"2022-11-11 21:55:59,822 senzing-50010165I   Expiration time: 258 days until expiration"
1668203759822,"2022-11-11 21:55:59,822 senzing-50010166I           Records: 100000000"
1668203759822,"2022-11-11 21:55:59,822 senzing-50010167I          Contract: Senzing Internal - 100M"
1668203759822,"2022-11-11 21:55:59,822 senzing-50010299I -------------------------------------------------"
1668203759823,"2022-11-11 21:55:59,823 senzing-50010127I Monitor: {""processed_records_interval"": 18509, ""processed_records_total"": 306507, ""queued_records_interval"": 18508, ""queued_records_total"": 306526, ""rate_processed_interval"": 30, ""rate_processed_total"": 42, ""rate_queued_interval"": 30, ""rate_queued_total"": 42, ""uptime"": 7213, ""workers_active"": 20, ""workers_total"": 20}"
1668203759823,"2022-11-11 21:55:59,823 senzing-50010125I G2 engine statistics: {""workload"": {""CorruptEntityTestDiagnosis"": {}, ""abortedUnresolve"": 12, ""actualAmbiguousTest"": 193, ""addedRecords"": 18509, ""cacheHit"": [{""ADDRESS"": 38794}, {""DOB"": 8991}, {""DRLIC"": 12291}, {""NAME"": 36566}, {""PASSPORT"": 5897}, {""PHONE"": 21909}], ""cacheMiss"": [{""ADDRESS"": 72524}, {""DOB"": 19789}, {""DRLIC"": 23876}, {""NAME"": 56997}, {""PASSPORT"": 11094}, {""PHONE"": 41183}], ""cachedAmbiguousTest"": 6, ""candidateBuilders"": [{""ACCT_NUM"": 20616}, {""ADDR_KEY"": 30593}, {""DOB"": 2}, {""DRLIC"": 19652}, {""ID_KEY"": 30221}, {""LOGIN_ID"": 16997}, {""NAME_KEY"": 30864}, {""PASSPORT"": 14579}, {""PHONE"": 25774}, {""PHONE_KEY"": 20217}, {""SEARCH_KEY"": 22585}, {""SSN"": 23464}], ""candidates"": 76391, ""deletedRecords"": 0, ""duration"": 11690116, ""expressedFeatureCalls"": [{""EFCALL_ID"": 1, ""EFUNC_CODE"": ""PHONE_HASHER"", ""numCalls"": 11011}, {""EFCALL_ID"": 2, ""EFUNC_CODE"": ""EXPRESS_ID"", ""numCalls"": 11069}, {""EFCALL_ID"": 3, ""EFUNC_CODE"": ""EXPRESS_ID"", ""numCalls"": 7467}, {""EFCALL_ID"": 5, ""EFUNC_CODE"": ""EXPRESS_BOM"", ""numCalls"": 7340}, {""EFCALL_ID"": 7, ""EFUNC_CODE"": ""NAME_HASHER"", ""numCalls"": 18510}, {""EFCALL_ID"": 9, ""EFUNC_CODE"": ""ADDR_HASHER"", ""numCalls"": 18510}, {""EFCALL_ID"": 10, ""EFUNC_CODE"": ""EXPRESS_BOM"", ""numCalls"": 6367}, {""EFCALL_ID"": 14, ""EFUNC_CODE"": ""EXPRESS_ID"", ""numCalls"": 11119}, {""EFCALL_ID"": 16, ""EFUNC_CODE"": ""EXPRESS_ID"", ""numCalls"": 12902}], ""expressedFeaturesCreated"": [{""ADDR_KEY"": 33503}, {""ID_KEY"": 42557}, {""NAME_KEY"": 131288}, {""PHONE_KEY"": 11011}, {""SEARCH_KEY"": 13707}], ""filteredObsFeat"": 6327, ""genericDetect"": [{""ADDR_KEY"": 12}, {""DOB"": 1}, {""DRLIC"": 24}, {""ID_KEY"": 6}, {""LOGIN_ID"": 149}, {""NAME_KEY"": 293}], ""gnrScorersUsed"": 1, ""highContentionFeat"": [], ""highContentionResEnt"": [], ""latchContention"": [], ""libFeatCacheHit"": 583109, ""libFeatCacheMiss"": 876278, ""loadedRecords"": 7937924, ""redoTriggers"": [{""ADDR_KEY"": 120}, {""DOB"": 5}, {""DRLIC"": 165}, {""ID_KEY"": 30}, {""LOGIN_ID"": 722}], ""reducedScoredFeatureType"": [], ""reevaluations"": 0, ""repairedEntities"": 0, ""reresolveSkipped"": 2, ""reresolveTriggers"": {""abortRetry"": 0, ""multipleResolvableCandidates"": 0, ""newFeatureFTypes"": [{""ADDRESS"": 2480}, {""DOB"": 670}, {""DRLIC"": 1372}, {""GENDER"": 870}, {""NAME"": 1950}, {""PASSPORT"": 905}, {""PHONE"": 1356}, {""SSN"": 1147}], ""resolveNewFeatures"": 2589, ""unresolveMovement"": 13}, ""resFeatStatCacheHit"": 2481251, ""resFeatStatCacheMiss"": 2327348, ""resFeatStatUpdate"": 335084, ""retries"": 1, ""scoredPairs"": [{""ACCT_NUM"": 35079}, {""ADDRESS"": 111318}, {""DOB"": 28780}, {""DRLIC"": 36167}, {""GENDER"": 81576}, {""LOGIN_ID"": 33804}, {""NAME"": 93563}, {""PASSPORT"": 16991}, {""PHONE"": 63092}, {""SSN"": 49627}], ""suppressedCandidateBuilders"": [], ""suppressedDisclosedRelationshipDomainCount"": 0, ""suppressedScoredFeatureType"": [], ""systemResources"": {""currResources"": [{""availableMemory"": ""23.4GB""}, {""activeThreads"": 19}, {""workerThreads"": 21}, {""systemLoad"": [{""cpuUser"": 16.614492}, {""cpuSystem"": 1.701431}, {""cpuIdle"": 79.737251}, {""cpuWait"": 0.006065}, {""cpuSoftIrq"": 1.320743}, {""cpuSteal"": 0.620017}]}], ""initResources"": [{""physicalCores"": 4}, {""logicalCores"": 4}, {""totalMemory"": ""29.9GB""}, {""availableMemory"": ""28.9GB""}]}, ""threadState"": {""active"": 19, ""dataLatchContention"": 0, ""idle"": 2, ""loader"": 1, ""obsEntContention"": 0, ""resEntContention"": 0, ""resolver"": 17, ""scoring"": 3, ""sqlExecuting"": 19}, ""unresolveTest"": 2206, ""unresolveTriggers"": {""ambiguousMultiResolve"": 0, ""ambiguousNoResolve"": 2202, ""extensiveResolve"": 0, ""normalResolve"": 4, ""relLink"": 0, ""update"": 0}}}"