+LOGIN_ID-SSN,1079952
+LOGIN_ID,1000992
+NAME,904002
+LOGIN_ID-GENDER-SSN,568418
+LOGIN_ID-GENDER,499313
+LOGIN_ID-DOB-SSN,468992
+LOGIN_ID-DOB,376248
+ADDRESS-SSN,354668
+ADDRESS,337339
+LOGIN_ID-SSN-PASSPORT,275006
+LOGIN_ID-DOB-GENDER-SSN,267526
+LOGIN_ID-PASSPORT,220813
+LOGIN_ID-DOB-GENDER,196725
+ADDRESS-GENDER-SSN,188722
+ADDRESS-GENDER,164422
+ADDRESS-DOB-SSN,160078
+LOGIN_ID-GENDER-SSN-PASSPORT,156950
+LOGIN_ID-DOB-SSN-PASSPORT,153292
+ADDRESS-DOB,125291
+LOGIN_ID-SSN-DRLIC,118119
+LOGIN_ID-GENDER-PASSPORT,115208
+LOGIN_ID-DRLIC,99920
+LOGIN_ID-DOB-GENDER-SSN-PASSPORT,99559
+LOGIN_ID-DOB-PASSPORT,94575
+ADDRESS-SSN-PASSPORT,93223
+ADDRESS-DOB-GENDER-SSN,92900
+DRLIC-SSN,78907
+DRLIC,76471
+ADDRESS-PASSPORT,72545
+ADDRESS-DOB-GENDER,66164
+LOGIN_ID-GENDER-SSN-DRLIC,64958
+SSN,59469
+LOGIN_ID-DOB-SSN-DRLIC,58482
+ADDRESS-DOB-SSN-PASSPORT,56015
+ADDRESS-GENDER-SSN-PASSPORT,54097
+LOGIN_ID-DOB-GENDER-PASSPORT,52796
+NAME+DOB-SSN,51669
+LOGIN_ID-GENDER-DRLIC,50926
+NAME+DOB,50324
+PNAME+ADDRESS+PHONE,44338
+DRLIC-GENDER-SSN,42286
+LOGIN_ID-DOB-DRLIC,40534
+ADDRESS-SSN-DRLIC,39220
+ADDRESS-GENDER-PASSPORT,38683
+ADDRESS-DOB-GENDER-SSN-PASSPORT,37014
+DRLIC-GENDER,36506
+LOGIN_ID-DOB-GENDER-SSN-DRLIC,36016
+DRLIC-DOB-SSN,35466
+LOGIN_ID-SSN-DRLIC-PASSPORT,34510
+ADDRESS-DRLIC,32491
+ADDRESS-DOB-PASSPORT,32418
+PNAME+PHONE,31998
+DRLIC-DOB,28093
+ADDRESS+PHONE+SSN,26419
+ADDRESS+PHONE,24432
+SSN-GENDER,24334
+LOGIN_ID-DRLIC-PASSPORT,23907
+LOGIN_ID-DOB-SSN-DRLIC-PASSPORT,23597
+PHONE,23411
+PHONE+SSN,23395
+LOGIN_ID-DOB-GENDER-DRLIC,22047
+ADDRESS-GENDER-SSN-DRLIC,21970
+PNAME+ADDRESS,21419
+DRLIC-DOB-GENDER-SSN,21184
+DRLIC-SSN-PASSPORT,21000
+LOGIN_ID-GENDER-SSN-DRLIC-PASSPORT,20911
+ADDRESS-DOB-SSN-DRLIC,20499
+SSN-DOB,19332
+ADDRESS-DOB-GENDER-PASSPORT,18431
+ADDRESS-GENDER-DRLIC,17126
+LOGIN_ID-DOB-GENDER-SSN-DRLIC-PASSPORT,16535
+DRLIC-PASSPORT,16157
+DRLIC-DOB-GENDER,14812
+NAME+DOB-SSN-PASSPORT,14539
+ADDRESS+SSN,14290
+ADDRESS-DOB-DRLIC,13723
+PNAME+ACCT_NUM,13520
+ADDRESS-DOB-GENDER-SSN-DRLIC,13240
+LOGIN_ID-GENDER-DRLIC-PASSPORT,13014
+NAME+DOB-GENDER,12838
+NAME+DOB-GENDER-SSN,12798
+DRLIC-DOB-SSN-PASSPORT,12568
+DRLIC-GENDER-SSN-PASSPORT,12252
+ADDRESS+PHONE+SSN+ACCT_NUM,12061
+PHONE+ACCT_NUM,12052
+ADDRESS+PHONE+ACCT_NUM,12024
+PNAME+DOB+PHONE,11985
+ADDRESS-SSN-DRLIC-PASSPORT,11947
+SSN-PASSPORT,11534
+LOGIN_ID-DOB-DRLIC-PASSPORT,11423
+PHONE+SSN+ACCT_NUM,11236
+SSN-DOB-GENDER,10860
+NAME+DOB-PASSPORT,10746
-SSN,9152
+ADDRESS-DOB-SSN-DRLIC-PASSPORT,9009
+DOB+ADDRESS+PHONE,8710
+SURNAME+ADDRESS+PHONE+SSN,8656
+DRLIC-GENDER-PASSPORT,8620
+PNAME+DRLIC,8579
+DRLIC-DOB-GENDER-SSN-PASSPORT,8386
+NAME+DRLIC,8299
+ADDRESS+PHONE+SSN+DRLIC,8091
+ADDRESS-DRLIC-PASSPORT,8084
+ADDRESS+PHONE+DRLIC,7996
+ACCT_NUM,7801
+SURNAME+ADDRESS+PHONE,7766
+ADDRESS-GENDER-SSN-DRLIC-PASSPORT,7741
+SURNAME+PHONE+SSN,7706
+ADDRESS-DOB-GENDER-DRLIC,7603
+PHONE+DRLIC,7569
+PHONE+SSN+DRLIC,7488
+PNAME+LOGIN_ID,7424
+PNAME+DOB+ADDRESS,7421
+DRLIC-DOB-PASSPORT,7272
+ADDRESS+ACCT_NUM,7206
+LOGIN_ID-DOB-GENDER-DRLIC-PASSPORT,6947
+SSN+ACCT_NUM,6782
+ADDRESS+SSN+ACCT_NUM,6579
+SSN-GENDER-PASSPORT,6404
+ADDRESS-DOB-GENDER-SSN-DRLIC-PASSPORT,6395
+DOB+PHONE+SSN,6303
+PHONE-SSN,6196
+DOB+PHONE,6195
+SURNAME+PHONE,6184
+PNAME+PHONE+DRLIC,6105
+ADDRESS+PHONE+SSN+PASSPORT,6055
+SSN-DOB-PASSPORT,5990
+PNAME+ADDRESS+PHONE+DRLIC,5797
+DOB+ADDRESS+PHONE+SSN,5791
+NAME+DOB-SSN-DRLIC,5770
-GENDER-SSN,5737
+ADDRESS+PHONE+PASSPORT,5593
-DOB-SSN,5592
+DOB+SSN,5520
+PHONE+SSN+PASSPORT,5441
+PHONE+PASSPORT,5133
+PNAME+LOGIN_ID-SSN,5129
,5057
+PNAME+DOB+ADDRESS+PHONE,5000
+SSN-DRLIC,4981
+PNAME+PASSPORT,4927
+NAME+DOB-DRLIC,4753
+DOB+ADDRESS+PHONE+ACCT_NUM,4673
+ADDRESS+DRLIC,4593
+ADDRESS-GENDER-DRLIC-PASSPORT,4454
+DOB+PHONE+ACCT_NUM,4392
+SURNAME+ADDRESS+SSN,4392
+SSN+DRLIC,4364
+ADDRESS+SSN+DRLIC,4270
+DRLIC-DOB-GENDER-PASSPORT,4141
+SURNAME+ADDRESS+PHONE+SSN+ACCT_NUM,4136
+DOB+ADDRESS,4091
+ADDRESS-DOB-DRLIC-PASSPORT,4087
+SURNAME+ADDRESS,4080
+DOB+ADDRESS+SSN,4080
+SURNAME+SSN,4050
+SURNAME+ADDRESS+PHONE+ACCT_NUM,4009
+ADDRESS+PHONE+SSN+DRLIC+ACCT_NUM,3949
+PNAME+ADDRESS+DRLIC,3741
+SSN-DOB-GENDER-PASSPORT,3640
-DOB-GENDER-SSN,3567
+SURNAME+PHONE+SSN+ACCT_NUM,3565
+SURNAME+PHONE+ACCT_NUM,3558
+PNAME+DRLIC+ACCT_NUM,3460
-SSN-PASSPORT,3413
+ADDRESS+PHONE+DRLIC+ACCT_NUM,3331
-GENDER,3272
+ADDRESS+SSN+PASSPORT,3229
+PHONE+DRLIC+ACCT_NUM,3218
+PHONE-GENDER-SSN,3200
+DOB+ADDRESS+PHONE+DRLIC,3192
+NAME+DOB-GENDER-SSN-PASSPORT,3184
+ADDRESS+PASSPORT,3166
-DOB,3140
+PHONE+SSN+DRLIC+ACCT_NUM,3093
+SURNAME+DOB+ADDRESS+PHONE,3081
+SSN+PASSPORT,2991
+ADDRESS+PHONE+SSN+PASSPORT+ACCT_NUM,2944
+PHONE-GENDER,2857
+NAME+PASSPORT,2849
+SURNAME+ADDRESS+PHONE+SSN+DRLIC,2836
+DOB+ADDRESS+PHONE+SSN+ACCT_NUM,2830
+DOB+PHONE+DRLIC,2817
+PASSPORT,2812
+PHONE-DOB-SSN,2798
+DOB+PHONE+SSN+ACCT_NUM,2776
+NAME+DOB-GENDER-PASSPORT,2722
+DOB+ACCT_NUM,2673
+PHONE+LOGIN_ID,2670
+SSN-GENDER-DRLIC,2651
+ADDRESS+PHONE+SSN+LOGIN_ID,2615
+ADDRESS+PHONE+LOGIN_ID,2608
+ADDRESS+PHONE+PASSPORT+ACCT_NUM,2595
+PNAME+PASSPORT+ACCT_NUM,2589
+SURNAME+ADDRESS+PHONE+DRLIC,2588
+PNAME+LOGIN_ID-DOB-SSN,2573
+ADDRESS-DOB-GENDER-DRLIC-PASSPORT,2520
+DOB+ADDRESS+ACCT_NUM,2490
+SURNAME+PHONE+DRLIC,2439
+PNAME+SSN,2399
+PHONE+PASSPORT+ACCT_NUM,2375
+DOB+SSN+ACCT_NUM,2374
+SSN-DOB-DRLIC,2372
+SURNAME+ACCT_NUM,2368
+SURNAME+PHONE+SSN+DRLIC,2366
+PHONE+SSN+LOGIN_ID,2366
+PHONE+SSN+PASSPORT+ACCT_NUM,2348
+PNAME+PHONE+PASSPORT,2338
-GENDER-SSN-PASSPORT,2235
+DOB+ADDRESS+PHONE+PASSPORT,2205
-DOB-SSN-PASSPORT,2205
+SURNAME+ADDRESS+ACCT_NUM,2197
+SURNAME+DOB+PHONE,2193
+PHONE-DOB,2148
+SURNAME+ADDRESS+PHONE+SSN+PASSPORT,2117
+SURNAME+ADDRESS+SSN+ACCT_NUM,2086
+SURNAME+SSN+ACCT_NUM,2073
+ADDRESS+PHONE+SSN+DRLIC+PASSPORT,2042
+SURNAME+DOB+PHONE+SSN,1997
+SURNAME+DOB+ADDRESS+PHONE+SSN,1986
+NAME+DOB-SSN-DRLIC-PASSPORT,1983
-DOB-GENDER,1972
+DRLIC+ACCT_NUM,1921
+SURNAME+ADDRESS+PHONE+PASSPORT,1919
+ADDRESS+SSN+DRLIC+ACCT_NUM,1897
-PASSPORT,1867
+DOB+PHONE+PASSPORT,1849
+ADDRESS+DRLIC+ACCT_NUM,1810
+SURNAME+PHONE+SSN+PASSPORT,1791
+DOB+ADDRESS+SSN+ACCT_NUM,1783
+PNAME+DRLIC+PASSPORT,1763
+PNAME+LOGIN_ID-DOB,1753
+ADDRESS+PHONE+DRLIC+PASSPORT,1729
+PNAME+ADDRESS-SSN,1710
+DOB+ADDRESS+DRLIC,1689
+SSN+DRLIC+ACCT_NUM,1686
+DOB+DRLIC,1675
+SURNAME+DOB+SSN,1663
+SURNAME+DOB+ADDRESS+PHONE+ACCT_NUM,1654
+DOB+SSN+DRLIC,1625
+PHONE+DRLIC+PASSPORT,1614
+SURNAME+PHONE+PASSPORT,1609
+PHONE-SSN-PASSPORT,1581
+DOB+PHONE+SSN+DRLIC,1576
+PHONE-DOB-GENDER-SSN,1537
+PNAME+ADDRESS+PASSPORT,1524
+SURNAME+LOGIN_ID,1524
+DOB+ADDRESS+PHONE+DRLIC+ACCT_NUM,1519
+ADDRESS+LOGIN_ID,1515
+SURNAME+DRLIC,1513
+PHONE+SSN+DRLIC+PASSPORT,1490
+SURNAME+ADDRESS+PHONE+SSN+DRLIC+ACCT_NUM,1478
+SSN+LOGIN_ID,1470
+PNAME+LOGIN_ID-SSN-PASSPORT,1462
+PASSPORT+ACCT_NUM,1457
+SURNAME+ADDRESS+DRLIC,1431
-DOB-GENDER-SSN-PASSPORT,1427
+SURNAME+DOB+ADDRESS,1417
+SURNAME+SSN+DRLIC,1416
+ADDRESS+SSN+LOGIN_ID,1415
+SURNAME+DOB+PHONE+ACCT_NUM,1415
+NAME+DOB-GENDER-SSN-DRLIC,1403
-SSN-DRLIC,1403
+SURNAME+ADDRESS+SSN+DRLIC,1391
+SSN-DRLIC-PASSPORT,1374
+SURNAME+DOB+ADDRESS+SSN,1367
+SSN-DOB-GENDER-DRLIC,1366
+PHONE-PASSPORT,1351
+ADDRESS+PASSPORT+ACCT_NUM,1347
+ADDRESS+SSN+PASSPORT+ACCT_NUM,1335
+NAME+DOB-GENDER-DRLIC,1297
+SSN+PASSPORT+ACCT_NUM,1294
+DOB+ADDRESS+PHONE+SSN+DRLIC,1293
+PNAME+DOB+DRLIC,1229
-DOB-PASSPORT,1214
+DOB+PHONE+DRLIC+ACCT_NUM,1204
+SURNAME+ADDRESS+PHONE+SSN+PASSPORT+ACCT_NUM,1199
+SURNAME+ADDRESS+PHONE+DRLIC+ACCT_NUM,1187
+PHONE-DOB-GENDER,1185
+PNAME+SSN+DRLIC,1173
-GENDER-PASSPORT,1171
+DOB+ADDRESS+PHONE+PASSPORT+ACCT_NUM,1160
+NAME+DOB-DRLIC-PASSPORT,1153
+DOB+SSN+PASSPORT,1138
+PNAME+LOGIN_ID+ACCT_NUM,1129
+ADDRESS+PHONE+SSN+LOGIN_ID+ACCT_NUM,1128
+DOB+ADDRESS+PASSPORT,1108
+ADDRESS+PHONE+LOGIN_ID+ACCT_NUM,1103
+SURNAME+DOB+ADDRESS+PHONE+DRLIC,1099
+DOB+PHONE+SSN+PASSPORT,1090
+SURNAME+LOGIN_ID-SSN,1078
+DOB+ADDRESS+SSN+DRLIC,1078
+ADDRESS+PHONE+SSN+DRLIC+PASSPORT+ACCT_NUM,1076
+SURNAME+PHONE+SSN+DRLIC+ACCT_NUM,1069
+SURNAME+ADDRESS+SSN+PASSPORT,1062
+PNAME+LOGIN_ID-PASSPORT,1059
+PNAME+ADDRESS+PHONE+PASSPORT,1023
+PHONE+LOGIN_ID+ACCT_NUM,1020
+SURNAME+ADDRESS+PHONE+PASSPORT+ACCT_NUM,980
+SURNAME+ADDRESS+PASSPORT,978
+PHONE+SSN+LOGIN_ID+ACCT_NUM,973
+SURNAME+PHONE+DRLIC+ACCT_NUM,967
+DOB+ADDRESS+PHONE+LOGIN_ID,964
+DOB+PHONE+PASSPORT+ACCT_NUM,961
+SURNAME+DOB+ADDRESS+PHONE+SSN+ACCT_NUM,959
+ADDRESS+SSN+DRLIC+PASSPORT,958
+DOB+PHONE+LOGIN_ID,956
+DRLIC+PASSPORT,955
+PNAME+LOGIN_ID-DOB-SSN-PASSPORT,952
+LOGIN_ID-GENERATION-SSN,951
+PHONE-DOB-SSN-PASSPORT,947
+SURNAME+SSN+PASSPORT,936
+ADDRESS+DRLIC+PASSPORT,931
+SSN+DRLIC+PASSPORT,929
+SURNAME+DOB+PHONE+SSN+ACCT_NUM,921
+DOB+PASSPORT,921
+PHONE-GENDER-SSN-PASSPORT,889
+DOB+ADDRESS+PHONE+SSN+PASSPORT,887
+SURNAME+DOB+PHONE+DRLIC,875
+SURNAME+ADDRESS+PHONE+SSN+LOGIN_ID,860
+SURNAME+DOB+ADDRESS+ACCT_NUM,858
+ADDRESS+PHONE+DRLIC+PASSPORT+ACCT_NUM,857
+SURNAME+PASSPORT,853
+DOB+LOGIN_ID,847
-GENDER-SSN-DRLIC,843
+SSN-DOB-DRLIC-PASSPORT,843
+PNAME+ADDRESS-DOB-SSN,834
-DOB-SSN-DRLIC,828
+ADDRESS+PHONE+SSN+DRLIC+LOGIN_ID,819
+DOB+ADDRESS+SSN+PASSPORT,817
+SURNAME+PHONE+LOGIN_ID,816
+SURNAME+PHONE+SSN+LOGIN_ID,815
+SURNAME+ADDRESS+PHONE+LOGIN_ID,815
+SURNAME+DOB+ACCT_NUM,807
+SURNAME+PHONE+SSN+PASSPORT+ACCT_NUM,806
+SURNAME+DOB+ADDRESS+PHONE+PASSPORT,803
+SURNAME+PHONE+PASSPORT+ACCT_NUM,799
+DOB+ADDRESS+PHONE+DRLIC+PASSPORT,792
+SSN-GENDER-DRLIC-PASSPORT,790
+PNAME+DRLIC+PASSPORT+ACCT_NUM,760
-DRLIC,759
-DOB-GENDER-PASSPORT,753
+SURNAME+ADDRESS+PHONE+SSN+DRLIC+PASSPORT,753
+PHONE+SSN+DRLIC+PASSPORT+ACCT_NUM,744
+DOB+ADDRESS+DRLIC+ACCT_NUM,720
+PNAME+DRLIC+LOGIN_ID,717
+ADDRESS+PHONE+DRLIC+LOGIN_ID,704
+SURNAME+DOB+SSN+ACCT_NUM,702
+SURNAME+DOB+ADDRESS+SSN+ACCT_NUM,691
+LOGIN_ID-GENERATION,689
+PHONE-SSN-DRLIC,688
+PHONE+DRLIC+LOGIN_ID,688
+DOB+PHONE+SSN+DRLIC+ACCT_NUM,687
+PHONE+SSN+DRLIC+LOGIN_ID,680
+DOB+ADDRESS+PHONE+SSN+DRLIC+ACCT_NUM,673
+DOB+SSN+DRLIC+ACCT_NUM,662
+DOB+DRLIC+ACCT_NUM,653
+PHONE-GENDER-PASSPORT,653
+NAME+DRLIC+PASSPORT,651
+ADDRESS+LOGIN_ID+ACCT_NUM,637
+PHONE+DRLIC+PASSPORT+ACCT_NUM,631
+PNAME+LOGIN_ID-SSN-DRLIC,623
+DOB+PHONE+DRLIC+PASSPORT,619
+SURNAME+ADDRESS+PHONE+DRLIC+PASSPORT,617
+PHONE-DOB-GENDER-SSN-PASSPORT,616
+SURNAME+ADDRESS+SSN+DRLIC+ACCT_NUM,615
+ADDRESS+SSN+LOGIN_ID+ACCT_NUM,614
+ADDRESS+PHONE+SSN+PASSPORT+LOGIN_ID,609
+PNAME+ADDRESS-DOB,602
+LOGIN_ID+ACCT_NUM,597
+DOB+ADDRESS+LOGIN_ID,596
+DOB+PHONE+SSN+LOGIN_ID,589
+SURNAME+DRLIC+ACCT_NUM,583
+SURNAME+DOB+ADDRESS+PHONE+DRLIC+ACCT_NUM,580
+PNAME+PASSPORT+LOGIN_ID,578
+SSN-DOB-GENDER-DRLIC-PASSPORT,576
+SURNAME+DOB+ADDRESS+DRLIC,569
+SURNAME+ADDRESS+DRLIC+ACCT_NUM,564
-DOB-GENDER-SSN-DRLIC,563
+LOGIN_ID-GENERATION-GENDER-SSN,559
+DOB+ADDRESS+PHONE+SSN+LOGIN_ID,557
+SSN+LOGIN_ID+ACCT_NUM,554
+DOB+ADDRESS+SSN+DRLIC+ACCT_NUM,552
+PHONE-DRLIC,549
+SURNAME+DOB+PHONE+PASSPORT,549
+SURNAME+ADDRESS+PHONE+SSN+DRLIC+PASSPORT+ACCT_NUM,548
+SURNAME+DOB+DRLIC,547
+ADDRESS+PHONE+PASSPORT+LOGIN_ID,546
+SURNAME+DOB+ADDRESS+PHONE+SSN+DRLIC,546
+DOB+ADDRESS+PASSPORT+ACCT_NUM,544
+LOGIN_ID-GENERATION-DOB-SSN,535
+PHONE-DOB-PASSPORT,533
+SURNAME+LOGIN_ID-GENDER-SSN,527
+SURNAME+SSN+DRLIC+ACCT_NUM,524
+SURNAME+PHONE+SSN+DRLIC+PASSPORT,524
+DOB+PASSPORT+ACCT_NUM,523
+DOB+PHONE+SSN+PASSPORT+ACCT_NUM,522
+PHONE+PASSPORT+LOGIN_ID,519
+PHONE+SSN+PASSPORT+LOGIN_ID,519
-SSN-DRLIC-PASSPORT,514
+PNAME+LOGIN_ID-GENDER-SSN,511
+PNAME+ADDRESS-SSN-PASSPORT,505
+DOB+SSN+PASSPORT+ACCT_NUM,502
+SURNAME+DOB+PHONE+SSN+DRLIC,499
+DOB+SSN+LOGIN_ID,492
+PNAME+PHONE+DRLIC+PASSPORT,486
+SURNAME+DOB+SSN+DRLIC,486
+SURNAME+SSN+LOGIN_ID,485
-DOB-DRLIC,479
+DOB+ADDRESS+PHONE+SSN+PASSPORT+ACCT_NUM,478
+SURNAME+LOGIN_ID-GENDER,478
+SURNAME+ADDRESS+LOGIN_ID,477
+SURNAME+ADDRESS+SSN+PASSPORT+ACCT_NUM,476
+SURNAME+PHONE+DRLIC+PASSPORT,471
+SURNAME+ADDRESS+PASSPORT+ACCT_NUM,465
+ADDRESS+SSN+DRLIC+PASSPORT+ACCT_NUM,460
-GENDER-DRLIC,459
+SURNAME+ADDRESS+SSN+LOGIN_ID,456
+SURNAME+ADDRESS+PHONE+SSN+LOGIN_ID+ACCT_NUM,455
+SURNAME+LOGIN_ID-DOB-SSN,454
+PNAME+LOGIN_ID-DRLIC,453
+PNAME+LOGIN_ID-DOB-PASSPORT,451
+ADDRESS+SSN+DRLIC+LOGIN_ID,440
+SURNAME+DOB+ADDRESS+PHONE+PASSPORT+ACCT_NUM,439
+DOB+ADDRESS+PHONE+LOGIN_ID+ACCT_NUM,435
+ADDRESS+DRLIC+LOGIN_ID,426
+SURNAME+DOB+PHONE+DRLIC+ACCT_NUM,425
+SURNAME+PASSPORT+ACCT_NUM,424
+DRLIC+LOGIN_ID,424
+PNAME+LOGIN_ID-GENDER,419
+SURNAME+SSN+PASSPORT+ACCT_NUM,419
+DOB+PHONE+LOGIN_ID+ACCT_NUM,406
+LOGIN_ID-GENERATION-GENDER,403
+NAME+DOB-GENDER-SSN-DRLIC-PASSPORT,401
+ADDRESS+PHONE+SSN+DRLIC+LOGIN_ID+ACCT_NUM,400
+SURNAME+ADDRESS+PHONE+LOGIN_ID+ACCT_NUM,399
+DOB+ADDRESS+SSN+LOGIN_ID,396
+ADDRESS+DRLIC+PASSPORT+ACCT_NUM,392
+DOB+ADDRESS+SSN+PASSPORT+ACCT_NUM,391
+PHONE-GENDER-SSN-DRLIC,388
+SSN+DRLIC+PASSPORT+ACCT_NUM,388
+SSN+DRLIC+LOGIN_ID,387
+PNAME+DRLIC-SSN,384
+DOB+LOGIN_ID-SSN,380
+DOB+ADDRESS+PHONE+DRLIC+PASSPORT+ACCT_NUM,379
+SURNAME+DOB+ADDRESS+PASSPORT,379
+SURNAME+DOB+PHONE+SSN+PASSPORT,371
+PNAME+ADDRESS-DOB-SSN-PASSPORT,366
+SURNAME+DOB+ADDRESS+SSN+DRLIC,366
+DOB+ADDRESS+DRLIC+PASSPORT,362
+SURNAME+ADDRESS+SSN+DRLIC+PASSPORT,361
+SURNAME+DOB+SSN+PASSPORT,360
+DRLIC+PASSPORT+ACCT_NUM,360
-DOB-SSN-DRLIC-PASSPORT,357
+ADDRESS-GENERATION-SSN,356
+LOGIN_ID-GENERATION-DOB,354
+PHONE-DOB-SSN-DRLIC,351
+SURNAME+PHONE+SSN+LOGIN_ID+ACCT_NUM,351
-GENDER-SSN-DRLIC-PASSPORT,351
+DOB+SSN+DRLIC+PASSPORT,350
+SURNAME+PHONE+LOGIN_ID+ACCT_NUM,350
+SURNAME+DOB+ADDRESS+PHONE+LOGIN_ID,349
+SURNAME+ADDRESS-SSN,344
+DOB+PHONE+SSN+DRLIC+PASSPORT,341
+LOGIN_ID-GENERATION-SSN-PASSPORT,341
+PNAME+ADDRESS-PASSPORT,341
+SURNAME+DOB+PHONE+PASSPORT+ACCT_NUM,340
+ADDRESS+PHONE+DRLIC+LOGIN_ID+ACCT_NUM,332
+SURNAME+LOGIN_ID-DOB,331
+LOGIN_ID-GENERATION-DOB-GENDER-SSN,331
+PHONE-DOB-GENDER-PASSPORT,330
+DOB+DRLIC+PASSPORT,327
+ADDRESS+PHONE+SSN+PASSPORT+LOGIN_ID+ACCT_NUM,325
+SURNAME+ADDRESS+PHONE+DRLIC+PASSPORT+ACCT_NUM,324
+ADDRESS+SSN+PASSPORT+LOGIN_ID,322
+PASSPORT+LOGIN_ID,319
+SURNAME+DRLIC+PASSPORT,319
+PNAME+LOGIN_ID-DOB-SSN-DRLIC,315
+SURNAME+DOB+ADDRESS+PHONE+SSN+PASSPORT,315
+DOB+ADDRESS+PHONE+DRLIC+LOGIN_ID,312
+SURNAME+ADDRESS+PHONE+SSN+DRLIC+LOGIN_ID,311
+SURNAME+DOB+PHONE+LOGIN_ID,310
+SURNAME+DOB+ADDRESS+PHONE+DRLIC+PASSPORT,307
+SURNAME+DOB+PASSPORT,304
+LIKELY_NAME+PHONE+SSN,304
+ADDRESS+PASSPORT+LOGIN_ID,301
+PHONE+SSN+DRLIC+LOGIN_ID+ACCT_NUM,301
+PNAME+ADDRESS+DRLIC+PASSPORT,300
+DOB+ADDRESS+PHONE+SSN+LOGIN_ID+ACCT_NUM,298
+LIKELY_NAME+ADDRESS+PHONE,298
+SURNAME+SSN+DRLIC+PASSPORT,292
+NAME+DOB-GENDER-DRLIC-PASSPORT,291
+SURNAME+DOB+ADDRESS+PHONE+SSN+DRLIC+ACCT_NUM,289
+SURNAME+ADDRESS+DRLIC+PASSPORT,288
+DOB+PHONE+DRLIC+PASSPORT+ACCT_NUM,285
+PNAME+DRLIC+LOGIN_ID+ACCT_NUM,284
+SSN+PASSPORT+LOGIN_ID,280
+DOB+PHONE+SSN+LOGIN_ID+ACCT_NUM,279
-DOB-GENDER-DRLIC,274
+PHONE+DRLIC+LOGIN_ID+ACCT_NUM,273
+SURNAME+PHONE+SSN+DRLIC+PASSPORT+ACCT_NUM,272
+DOB+ADDRESS+PHONE+SSN+DRLIC+PASSPORT,271
+PHONE-GENDER-DRLIC,271
+SURNAME+LOGIN_ID-DOB-GENDER-SSN,269
+DOB+ADDRESS+PHONE+PASSPORT+LOGIN_ID,268
+ADDRESS-GENERATION,263
-DRLIC-PASSPORT,262
+LOGIN_ID-GENERATION-DOB-SSN-PASSPORT,260
+SURNAME+DOB+ADDRESS+SSN+PASSPORT,258
+DOB+ADDRESS+SSN+DRLIC+PASSPORT,256
+SURNAME+DOB+PHONE+SSN+DRLIC+ACCT_NUM,255
+PHONE-DOB-DRLIC,254
+ADDRESS+PHONE+PASSPORT+LOGIN_ID+ACCT_NUM,254
+SURNAME+PHONE+DRLIC+PASSPORT+ACCT_NUM,253
+DOB+ADDRESS+LOGIN_ID+ACCT_NUM,250
+SURNAME+DOB+PHONE+SSN+LOGIN_ID,246
+SURNAME+LOGIN_ID-SSN-PASSPORT,246
+PHONE+PASSPORT+LOGIN_ID+ACCT_NUM,245
+SURNAME+DOB+ADDRESS+DRLIC+ACCT_NUM,239
+SURNAME+ADDRESS+PHONE+DRLIC+LOGIN_ID,238
+SURNAME+DOB+SSN+DRLIC+ACCT_NUM,234
+PNAME+LOGIN_ID-DOB-GENDER-SSN,229
+DOB+PHONE+DRLIC+LOGIN_ID,229
+DOB+LOGIN_ID-GENDER-SSN,227
+DOB+LOGIN_ID+ACCT_NUM,226
+ADDRESS+PHONE+SSN+DRLIC+PASSPORT+LOGIN_ID,226
+PHONE-DOB-GENDER-SSN-DRLIC,226
+PNAME+PASSPORT+LOGIN_ID+ACCT_NUM,223
+LOGIN_ID-GENERATION-GENDER-SSN-PASSPORT,218
+PHONE+SSN+PASSPORT+LOGIN_ID+ACCT_NUM,218
+PNAME+DOB+PASSPORT,218
+SURNAME+ADDRESS-GENDER-SSN,217
+SURNAME+PHONE+SSN+DRLIC+LOGIN_ID,216
+ADDRESS-GENERATION-GENDER-SSN,213
+SURNAME+DOB+ADDRESS+PHONE+SSN+PASSPORT+ACCT_NUM,212
-DOB-GENDER-SSN-DRLIC-PASSPORT,207
+SURNAME+PHONE+DRLIC+LOGIN_ID,207
+LIKELY_NAME+PHONE,207
+PNAME+LOGIN_ID-DOB-DRLIC,205
+SURNAME+DOB+ADDRESS+SSN+DRLIC+ACCT_NUM,203
+PNAME+ADDRESS-SSN-DRLIC,203
+SURNAME+DOB+ADDRESS+PHONE+SSN+LOGIN_ID,202
+PHONE-SSN-DRLIC-PASSPORT,199
+LOGIN_ID-GENERATION-PASSPORT,199
+PNAME+ADDRESS+PHONE+DRLIC+PASSPORT,198
+PNAME+DRLIC-DOB-SSN,198
+SURNAME+LOGIN_ID-DOB-GENDER,196
+PNAME+DRLIC+PASSPORT+LOGIN_ID,194
+PNAME+LOGIN_ID-SSN-DRLIC-PASSPORT,193
+SURNAME+DOB+LOGIN_ID,193
+SURNAME+LOGIN_ID+ACCT_NUM,192
-GENDER-DRLIC-PASSPORT,191
+ADDRESS-GENERATION-DOB-SSN,191
+SURNAME+ADDRESS+PHONE+SSN+DRLIC+LOGIN_ID+ACCT_NUM,191
+SURNAME+ADDRESS+PHONE+SSN+PASSPORT+LOGIN_ID,190
+DOB+SSN+LOGIN_ID+ACCT_NUM,190
+LIKELY_NAME+ADDRESS+SSN,190
+DRLIC+LOGIN_ID+ACCT_NUM,189
+SURNAME+DOB+PHONE+DRLIC+PASSPORT,189
+DOB+PHONE+PASSPORT+LOGIN_ID,186
+SURNAME+ADDRESS+LOGIN_ID+ACCT_NUM,185
+LOGIN_ID-GENERATION-DOB-GENDER,185
+SURNAME+DOB+DRLIC+ACCT_NUM,185
+SURNAME+ADDRESS+SSN+LOGIN_ID+ACCT_NUM,185
+SURNAME+ADDRESS+PHONE+PASSPORT+LOGIN_ID,185
+SURNAME+DOB+ADDRESS+LOGIN_ID,184
+LOGIN_ID-GENERATION-DOB-GENDER-SSN-PASSPORT,184
+PNAME+SSN+PASSPORT,183
+SURNAME+LOGIN_ID-PASSPORT,182
+SURNAME+PHONE+PASSPORT+LOGIN_ID,182
+DOB+ADDRESS+PHONE+DRLIC+LOGIN_ID+ACCT_NUM,182
+SURNAME+DOB+PHONE+SSN+PASSPORT+ACCT_NUM,181
+ADDRESS+PHONE+DRLIC+PASSPORT+LOGIN_ID,180
+DOB+ADDRESS+DRLIC+PASSPORT+ACCT_NUM,179
+PNAME+LOGIN_ID-DOB-SSN-DRLIC-PASSPORT,178
+DOB+SSN+DRLIC+PASSPORT+ACCT_NUM,177
+SURNAME+DOB+ADDRESS+PASSPORT+ACCT_NUM,176
+ADDRESS+SSN+DRLIC+LOGIN_ID+ACCT_NUM,174
+PNAME+ADDRESS-GENDER,173
+SURNAME+ADDRESS+SSN+DRLIC+PASSPORT+ACCT_NUM,172
+DOB+LOGIN_ID-GENDER,172
+SURNAME+SSN+LOGIN_ID+ACCT_NUM,171
+SURNAME+DOB+ADDRESS+PHONE+DRLIC+PASSPORT+ACCT_NUM,170
+PNAME+ADDRESS-DOB-PASSPORT,169
+DOB+ADDRESS+SSN+LOGIN_ID+ACCT_NUM,166
+PHONE-DOB-SSN-DRLIC-PASSPORT,166
+SURNAME+PHONE+SSN+PASSPORT+LOGIN_ID,165
+SURNAME+DOB+ADDRESS+PHONE+LOGIN_ID+ACCT_NUM,164
+DOB+PHONE+SSN+DRLIC+PASSPORT+ACCT_NUM,164
+PHONE+DRLIC+PASSPORT+LOGIN_ID,163
+LIKELY_NAME+SSN,163
+PNAME+ADDRESS-GENDER-SSN,162
+PNAME+LOGIN_ID-DOB-GENDER,161
-DOB-DRLIC-PASSPORT,161
+DOB+ADDRESS+PHONE+SSN+DRLIC+PASSPORT+ACCT_NUM,161
+LIKELY_NAME+PHONE+ACCT_NUM,161
+SURNAME+DOB+SSN+LOGIN_ID,157
+ADDRESS-GENERATION-GENDER,155
+SURNAME+DOB+SSN+PASSPORT+ACCT_NUM,155
+DOB+ADDRESS+DRLIC+LOGIN_ID,155
+SURNAME+ADDRESS-DOB-SSN,154
+SSN+DRLIC+LOGIN_ID+ACCT_NUM,154
+PNAME+ADDRESS-DRLIC,154
+LIKELY_NAME+ADDRESS,153
+PHONE+SSN+DRLIC+PASSPORT+LOGIN_ID,152
+ADDRESS+SSN+PASSPORT+LOGIN_ID+ACCT_NUM,150
+DOB+DRLIC+PASSPORT+ACCT_NUM,149
+DOB+PHONE+SSN+DRLIC+LOGIN_ID,148
+DOB+DRLIC+LOGIN_ID,147
+SURNAME+ADDRESS+PHONE+SSN+PASSPORT+LOGIN_ID+ACCT_NUM,146
+SURNAME+LOGIN_ID-DOB-SSN-PASSPORT,145
+DOB+SSN+DRLIC+LOGIN_ID,145
+SURNAME+ADDRESS-GENDER,145
+DOB+ADDRESS+PHONE+SSN+DRLIC+LOGIN_ID,142
+SURNAME+DOB+ADDRESS+SSN+PASSPORT+ACCT_NUM,142
+SURNAME+DOB+ADDRESS+DRLIC+PASSPORT,141
+PASSPORT-SSN,141
+SURNAME+LOGIN_ID-GENDER-SSN-PASSPORT,140
+SURNAME+ADDRESS+DRLIC+LOGIN_ID,139
+PNAME+LOGIN_ID-GENDER-SSN-PASSPORT,138
+LIKELY_NAME+PHONE+SSN+ACCT_NUM,138
+ADDRESS+PHONE+SSN+DRLIC+PASSPORT+LOGIN_ID+ACCT_NUM,136
+ADDRESS+DRLIC+LOGIN_ID+ACCT_NUM,136
+DOB+ADDRESS+SSN+DRLIC+PASSPORT+ACCT_NUM,136
+SURNAME+DOB+SSN+DRLIC+PASSPORT,135
+SURNAME+SSN+DRLIC+LOGIN_ID,134
+SURNAME+DOB+PASSPORT+ACCT_NUM,133
+SURNAME+DOB+ADDRESS+SSN+LOGIN_ID,133
+PNAME+LOGIN_ID-DRLIC-PASSPORT,131
+PHONE-DRLIC-PASSPORT,131
+ADDRESS+PASSPORT+LOGIN_ID+ACCT_NUM,130
+SURNAME+ADDRESS-DOB,130
+NAME+LOGIN_ID-SSN,129
+ADDRESS-GENERATION-DOB-GENDER-SSN,129
+SURNAME+ADDRESS+DRLIC+PASSPORT+ACCT_NUM,129
+SURNAME+DOB+ADDRESS+PHONE+SSN+LOGIN_ID+ACCT_NUM,128
+DOB+LOGIN_ID-SSN-PASSPORT,128
+PNAME+ADDRESS-DOB-SSN-DRLIC,127
+DOB+ADDRESS-SSN,127
+SSN+PASSPORT+LOGIN_ID+ACCT_NUM,127
+SURNAME+ADDRESS+SSN+DRLIC+LOGIN_ID,127
+SURNAME+DRLIC+LOGIN_ID,127
+PNAME+DRLIC-SSN-PASSPORT,126
+SURNAME+DRLIC+PASSPORT+ACCT_NUM,126
+SURNAME+SSN+DRLIC+PASSPORT+ACCT_NUM,124
+SURNAME+DOB+PHONE+SSN+DRLIC+PASSPORT,123
+SURNAME+ADDRESS+PHONE+DRLIC+LOGIN_ID+ACCT_NUM,123
+SURNAME+LOGIN_ID-SSN-DRLIC,123
+SURNAME+DOB+PHONE+LOGIN_ID+ACCT_NUM,122
+DOB+PHONE+SSN+PASSPORT+LOGIN_ID,122
+DOB+PASSPORT+LOGIN_ID,122
+ADDRESS-GENERATION-DOB-SSN-PASSPORT,120
+LOGIN_ID-GENERATION-GENDER-PASSPORT,120
+LOGIN_ID-GENERATION-SSN-DRLIC,119
+DOB+ADDRESS+PHONE+PASSPORT+LOGIN_ID+ACCT_NUM,119
+DOB+ADDRESS+SSN+DRLIC+LOGIN_ID,119
+DOB+PHONE+DRLIC+LOGIN_ID+ACCT_NUM,118
+PASSPORT+LOGIN_ID+ACCT_NUM,117
+SURNAME+PASSPORT+LOGIN_ID,116
+PNAME+DRLIC-DOB,116
+DOB+ADDRESS+PASSPORT+LOGIN_ID,115
+PHONE-GENDER-SSN-DRLIC-PASSPORT,115
+LOGIN_ID-GENERATION-DOB-PASSPORT,113
+PHONE-DOB-GENDER-DRLIC,112
+PNAME+SSN-DOB,111
+PNAME+PHONE-SSN,111
+SURNAME+DOB+ADDRESS+PHONE+SSN+DRLIC+PASSPORT,111
-DOB-GENDER-DRLIC-PASSPORT,109
+SURNAME+DOB+ADDRESS+PHONE+DRLIC+LOGIN_ID,108
+SURNAME+ADDRESS-SSN-PASSPORT,107
+SURNAME+ADDRESS+PASSPORT+LOGIN_ID,107
+SURNAME+DOB+PHONE+DRLIC+PASSPORT+ACCT_NUM,107
+SURNAME+PHONE+DRLIC+LOGIN_ID+ACCT_NUM,107
+SURNAME+DOB+DRLIC+PASSPORT,106
+NAME+ADDRESS-SSN,105
+LIKELY_NAME+PHONE+DRLIC,104
+ADDRESS-GENERATION-DOB,103
+SURNAME+SSN+PASSPORT+LOGIN_ID,103
+LIKELY_NAME+SSN+ACCT_NUM,102
+SURNAME+ADDRESS+SSN+PASSPORT+LOGIN_ID,102
+LIKELY_NAME+ACCT_NUM,101
+SURNAME+ADDRESS-DOB-GENDER-SSN,100
+LIKELY_NAME+ADDRESS+ACCT_NUM,99
+SURNAME+ADDRESS+PHONE+PASSPORT+LOGIN_ID+ACCT_NUM,99
+ADDRESS-GENERATION-SSN-PASSPORT,99
+DOB+PHONE+PASSPORT+LOGIN_ID+ACCT_NUM,98
+LIKELY_NAME+PHONE+SSN+DRLIC,97
+DOB+SSN-GENDER,97
+SURNAME+LOGIN_ID-GENDER-PASSPORT,97
+SURNAME+PHONE+SSN+DRLIC+LOGIN_ID+ACCT_NUM,96
+SURNAME+DOB+ADDRESS+PHONE+PASSPORT+LOGIN_ID,95
+SURNAME+LOGIN_ID-DOB-GENDER-SSN-PASSPORT,95
+ADDRESS-GENERATION-DOB-GENDER-SSN-PASSPORT,93
+SURNAME+PHONE+SSN+PASSPORT+LOGIN_ID+ACCT_NUM,92
+PNAME+DOB+DRLIC+PASSPORT,92
+PNAME+LOGIN_ID-GENDER-PASSPORT,90
+SURNAME+LOGIN_ID-DOB-PASSPORT,90
+ADDRESS+DRLIC+PASSPORT+LOGIN_ID,90
+DOB+ADDRESS+PHONE+SSN+DRLIC+LOGIN_ID+ACCT_NUM,89
+PNAME+SSN+DRLIC+PASSPORT,89
+PNAME+LOGIN_ID-DOB-GENDER-SSN-PASSPORT,88
+LIKELY_NAME+ADDRESS+SSN+ACCT_NUM,88
+DOB+SSN+PASSPORT+LOGIN_ID,88
+SURNAME+DOB+PHONE+SSN+LOGIN_ID+ACCT_NUM,88
+ADDRESS+PHONE+DRLIC+PASSPORT+LOGIN_ID+ACCT_NUM,87
+SURNAME+ADDRESS-DOB-GENDER,87
+DOB+ADDRESS+PHONE+SSN+PASSPORT+LOGIN_ID,86
+SURNAME+DOB+ADDRESS+SSN+DRLIC+PASSPORT,85
+LOGIN_ID-GENERATION-DRLIC,85
+PHONE-DOB-GENDER-SSN-DRLIC-PASSPORT,84
+ADDRESS+SSN+DRLIC+PASSPORT+LOGIN_ID,83
+PNAME+ADDRESS-DOB-GENDER-SSN,82
+SURNAME+LOGIN_ID-DRLIC,82
+SURNAME+ADDRESS+PHONE+SSN+DRLIC+PASSPORT+LOGIN_ID+ACCT_NUM,81
+PNAME+DRLIC-DOB-SSN-PASSPORT,80
+PNAME+ADDRESS-DOB-GENDER,80
+LOGIN_ID-GENERATION-DOB-SSN-DRLIC,80
+PNAME+ADDRESS-SSN-DRLIC-PASSPORT,79
+DOB+LOGIN_ID-GENDER-SSN-PASSPORT,79
+SURNAME+ADDRESS+PHONE+SSN+DRLIC+PASSPORT+LOGIN_ID,79
+SURNAME+DOB+PHONE+PASSPORT+LOGIN_ID,78
+LIKELY_NAME+DOB+PHONE,78
+PNAME+DRLIC-PASSPORT,78
+SURNAME+DOB+ADDRESS+LOGIN_ID+ACCT_NUM,77
+ADDRESS-GENERATION-GENDER-SSN-PASSPORT,77
+PHONE-DOB-DRLIC-PASSPORT,76
+DOB+PHONE+DRLIC+PASSPORT+LOGIN_ID,76
+SURNAME+PHONE+PASSPORT+LOGIN_ID+ACCT_NUM,75
+DRLIC+PASSPORT+LOGIN_ID,75
+LOGIN_ID-GENERATION-GENDER-SSN-DRLIC,75
+SURNAME+DRLIC-SSN,75
+PNAME+ADDRESS-DOB-DRLIC,74
+DRLIC-GENERATION-SSN,74
+SSN+DRLIC+PASSPORT+LOGIN_ID,74
+DOB+ADDRESS+PHONE+DRLIC+PASSPORT+LOGIN_ID,73
+SURNAME+DOB+ADDRESS+PHONE+SSN+DRLIC+PASSPORT+ACCT_NUM,73
+ADDRESS-GENERATION-DOB-GENDER,73
+SURNAME+ADDRESS+SSN+DRLIC+LOGIN_ID+ACCT_NUM,73
+ADDRESS-GENERATION-PASSPORT,72
+DOB+ADDRESS-GENDER-SSN,72
+DOB+ADDRESS+SSN+PASSPORT+LOGIN_ID,72
+PNAME+ADDRESS-DOB-SSN-DRLIC-PASSPORT,71
+SURNAME+DOB+PHONE+DRLIC+LOGIN_ID,71
+SURNAME+DOB+ADDRESS+DRLIC+PASSPORT+ACCT_NUM,71
+DOB+ADDRESS+DRLIC+LOGIN_ID+ACCT_NUM,71
+SURNAME+ADDRESS-PASSPORT,70
+PHONE+SSN+DRLIC+PASSPORT+LOGIN_ID+ACCT_NUM,70
+SURNAME+DOB+ADDRESS+PHONE+DRLIC+LOGIN_ID+ACCT_NUM,68
+PHONE-GENDER-DRLIC-PASSPORT,67
+LIKELY_NAME+ADDRESS+SSN+DRLIC,67
+PNAME+DRLIC+PASSPORT+LOGIN_ID+ACCT_NUM,67
+DOB+PHONE+SSN+DRLIC+LOGIN_ID+ACCT_NUM,66
+SURNAME+DOB+PHONE+SSN+DRLIC+PASSPORT+ACCT_NUM,65
+PASSPORT-DOB-SSN,65
+DOB+LOGIN_ID-PASSPORT,64
+LIKELY_NAME+DRLIC,64
+LIKELY_NAME+PHONE+SSN+PASSPORT,64
+NAME+DOB-GENERATION-SSN,64
+PASSPORT-GENDER-SSN,62
+SURNAME+DRLIC+LOGIN_ID+ACCT_NUM,62
+SURNAME+ADDRESS+PHONE+DRLIC+PASSPORT+LOGIN_ID,62
+LOGIN_ID-GENERATION-DOB-GENDER-PASSPORT,62
+DOB+DRLIC+LOGIN_ID+ACCT_NUM,61
+PNAME+LOGIN_ID-DOB-DRLIC-PASSPORT,61
+SURNAME+ADDRESS+PASSPORT+LOGIN_ID+ACCT_NUM,61
+LIKELY_NAME+PHONE+PASSPORT,60
+SURNAME+LOGIN_ID-GENDER-SSN-DRLIC,60
+SURNAME+LOGIN_ID-DOB-SSN-DRLIC,60
+NAME+DOB (Ambiguous),60
+PHONE+DRLIC+PASSPORT+LOGIN_ID+ACCT_NUM,59
+SURNAME+PHONE+SSN+DRLIC+PASSPORT+LOGIN_ID,59
+SURNAME+DOB+SSN+DRLIC+PASSPORT+ACCT_NUM,59
+LOGIN_ID-GENERATION-DOB-SSN-DRLIC-PASSPORT,59
+LIKELY_NAME+DOB+ADDRESS,59
+DOB+SSN+PASSPORT+LOGIN_ID+ACCT_NUM,59
+SURNAME+LOGIN_ID-GENDER-DRLIC,58
+DOB+ADDRESS+SSN+DRLIC+LOGIN_ID+ACCT_NUM,57
+PASSPORT-DOB,57
+PNAME+ADDRESS-GENDER-SSN-PASSPORT,57
+SURNAME+DOB+DRLIC+PASSPORT+ACCT_NUM,56
+SURNAME+DOB+LOGIN_ID+ACCT_NUM,56
+PASSPORT-GENDER,56
+NAME+PHONE-SSN,55
+LIKELY_NAME+DOB+PHONE+ACCT_NUM,55
+DOB+ADDRESS+PASSPORT+LOGIN_ID+ACCT_NUM,55
+SURNAME+ADDRESS+DRLIC+LOGIN_ID+ACCT_NUM,55
+LOGIN_ID-GENERATION-DOB-GENDER-SSN-DRLIC,55
+SURNAME+DOB+ADDRESS+SSN+DRLIC+PASSPORT+ACCT_NUM,54
+LIKELY_NAME+ADDRESS+DRLIC,54
+SURNAME+ADDRESS-GENDER-SSN-PASSPORT,54
+PNAME+PHONE-DOB-SSN,53
+SURNAME+DOB+SSN+LOGIN_ID+ACCT_NUM,53
+SURNAME+DOB+ADDRESS+DRLIC+LOGIN_ID,52
+DOB+SSN+DRLIC+LOGIN_ID+ACCT_NUM,51
+SURNAME+DOB+ADDRESS+SSN+LOGIN_ID+ACCT_NUM,51
+NAME+LOGIN_ID-DOB-SSN,51
+PHONE-DOB-GENDER-DRLIC-PASSPORT,51
+LOGIN_ID-GENERATION-DOB-DRLIC,51
+PNAME+SSN-PASSPORT,51
+LOGIN_ID-GENERATION-DOB-GENDER-SSN-DRLIC-PASSPORT,51
+DOB+SSN-PASSPORT,51
+DOB+PHONE+SSN+PASSPORT+LOGIN_ID+ACCT_NUM,50
+NAME+ADDRESS-DOB-SSN,50
+SURNAME+DOB+PHONE+DRLIC+LOGIN_ID+ACCT_NUM,50
+PNAME+ADDRESS-GENDER-PASSPORT,49
+PNAME-SSN,49
+SURNAME+ADDRESS+SSN+PASSPORT+LOGIN_ID+ACCT_NUM,49
+SSN-GENERATION,48
+SURNAME+PHONE+DRLIC+PASSPORT+LOGIN_ID,48
+SURNAME+LOGIN_ID-DOB-GENDER-PASSPORT,48
+LIKELY_NAME+SSN+DRLIC,48
+LOGIN_ID-GENERATION-SSN-DRLIC-PASSPORT,47
+SURNAME+DRLIC-DOB,47
+PNAME+LOGIN_ID-GENDER-SSN-DRLIC,47
+SURNAME+DOB+DRLIC+LOGIN_ID,46
+NAME+LOGIN_ID-DOB,46
+DRLIC-GENERATION-GENDER-SSN,46
+PNAME+SSN-DRLIC,45
+DOB+ADDRESS-GENDER,45
+LOGIN_ID-GENERATION-GENDER-DRLIC,45
+SURNAME+ADDRESS-DOB-SSN-PASSPORT,45
+SURNAME+DOB+ADDRESS+PHONE+SSN+DRLIC+LOGIN_ID,44
+LIKELY_NAME+DOB+PHONE+SSN,44
+ADDRESS-GENERATION-DOB-PASSPORT,44
+NAME+SSN,44
+NAME+PHONE-DRLIC,42
+LIKELY_NAME+PHONE+DRLIC+ACCT_NUM,42
+SURNAME+DOB+ADDRESS+PHONE+PASSPORT+LOGIN_ID+ACCT_NUM,42
+DOB+ADDRESS+PHONE+SSN+PASSPORT+LOGIN_ID+ACCT_NUM,42
+DRLIC-GENERATION,41
+SURNAME+DOB+PHONE+SSN+PASSPORT+LOGIN_ID,41
+SURNAME+ADDRESS-DOB-PASSPORT,41
+PNAME+LOGIN_ID-GENDER-DRLIC,41
+SURNAME+DOB+PHONE+SSN+DRLIC+LOGIN_ID,41
+ADDRESS-GENERATION-SSN-DRLIC,41
+SURNAME+LOGIN_ID-DOB-DRLIC,41
+PNAME+PHONE-GENDER-SSN,41
+SURNAME+DOB+ADDRESS+SSN+PASSPORT+LOGIN_ID,40
+NAME+DOB-GENERATION,40
+PNAME+PHONE-GENDER,40
+DOB+ADDRESS+SSN+PASSPORT+LOGIN_ID+ACCT_NUM,40
+SURNAME+DOB+ADDRESS+PHONE+SSN+DRLIC+LOGIN_ID+ACCT_NUM,40
+PNAME+PHONE-DOB,40
+SURNAME+SSN+PASSPORT+LOGIN_ID+ACCT_NUM,40
+SURNAME+DOB+SSN+DRLIC+LOGIN_ID,40
+PNAME+ADDRESS+PHONE+SSN,39
+PNAME+LOGIN_ID-DOB-GENDER-SSN-DRLIC,39
+PNAME+LOGIN_ID-DOB-GENDER-PASSPORT,39
+SURNAME+DOB+SSN+PASSPORT+LOGIN_ID,39
+DOB+ADDRESS+PHONE+DRLIC+PASSPORT+LOGIN_ID+ACCT_NUM,39
+DOB+PASSPORT+LOGIN_ID+ACCT_NUM,39
+DRLIC-GENERATION-DOB-SSN,39
+DRLIC+PASSPORT+LOGIN_ID+ACCT_NUM,39
+LIKELY_NAME+ADDRESS+PASSPORT,39
+NAME+LOGIN_ID-GENDER-SSN,39
+LIKELY_NAME+SSN+PASSPORT,38
+SURNAME+DOB+ADDRESS+SSN+DRLIC+LOGIN_ID,38
+SURNAME+ADDRESS+PHONE+DRLIC+PASSPORT+LOGIN_ID+ACCT_NUM,38
+PNAME+SSN-DOB-PASSPORT,38
+ADDRESS-GENERATION-GENDER-PASSPORT,38
+DOB+DRLIC-SSN,38
+DOB+LOGIN_ID-SSN-DRLIC,38
+SURNAME+DOB+ADDRESS+PHONE+DRLIC+PASSPORT+LOGIN_ID,38
+LIKELY_NAME+ADDRESS+SSN+PASSPORT,38
+SURNAME+PASSPORT+LOGIN_ID+ACCT_NUM,37
+SURNAME+DRLIC-GENDER,37
+SURNAME+DRLIC-GENDER-SSN,37
+SURNAME+DOB+ADDRESS+PHONE+SSN+PASSPORT+LOGIN_ID,36
+LIKELY_NAME+PHONE+SSN+DRLIC+ACCT_NUM,36
+SURNAME+DOB+PHONE+SSN+DRLIC+LOGIN_ID+ACCT_NUM,36
+DOB+LOGIN_ID-DRLIC,36
+DOB+ADDRESS+SSN+DRLIC+PASSPORT+LOGIN_ID,36
+LIKELY_NAME+PASSPORT,36
+DOB+PHONE+DRLIC+PASSPORT+LOGIN_ID+ACCT_NUM,36
+DOB+ADDRESS-SSN-PASSPORT,35
+SURNAME+ADDRESS-SSN-DRLIC,35
+ADDRESS+SSN+DRLIC+PASSPORT+LOGIN_ID+ACCT_NUM,35
+LIKELY_NAME+PHONE+SSN+LOGIN_ID,35
+NAME+LOGIN_ID-GENDER,35
+PNAME+ADDRESS-DRLIC-PASSPORT,35
+SURNAME+ADDRESS-DOB-GENDER-SSN-PASSPORT,34
+PNAME+SSN-GENDER,34
+ADDRESS+DRLIC+PASSPORT+LOGIN_ID+ACCT_NUM,34
+PASSPORT-DOB-GENDER-SSN,34
+SURNAME+DOB+ADDRESS+PASSPORT+LOGIN_ID,34
+SURNAME+PHONE+SSN+DRLIC+PASSPORT+LOGIN_ID+ACCT_NUM,34
+SURNAME+DRLIC-DOB-SSN,34
+PNAME-DOB-SSN,34
+LIKELY_NAME+DOB+PHONE+PASSPORT,33
+PNAME,33
+DOB+SSN-GENDER-PASSPORT,33
+DRLIC-GENERATION-SSN-PASSPORT,33
+ADDRESS-GENERATION-DOB-GENDER-PASSPORT,33
+LIKELY_NAME+DOB+ADDRESS+ACCT_NUM,33
+SURNAME+DOB+PHONE+PASSPORT+LOGIN_ID+ACCT_NUM,33
+SURNAME+PHONE+DRLIC+PASSPORT+LOGIN_ID+ACCT_NUM,32
+NAME+ADDRESS-DOB,32
+SURNAME+DOB+PASSPORT+LOGIN_ID,32
+DOB+ADDRESS+PHONE+SSN+DRLIC+PASSPORT+LOGIN_ID,32
+NAME+ADDRESS-SSN-PASSPORT,32
+NAME+DOB-GENERATION-SSN-PASSPORT,32
+SURNAME+SSN+DRLIC+PASSPORT+LOGIN_ID,32
+LIKELY_NAME+DOB+PHONE+DRLIC,32
+SURNAME+ADDRESS+SSN+DRLIC+PASSPORT+LOGIN_ID,32
+PNAME+PHONE-SSN-PASSPORT,31
+SURNAME+ADDRESS+SSN+DRLIC+PASSPORT+LOGIN_ID+ACCT_NUM,31
+PNAME+ADDRESS-DOB-GENDER-SSN-PASSPORT,31
+LIKELY_NAME+PHONE+PASSPORT+ACCT_NUM,31
+NAME+ADDRESS+PHONE-DRLIC,30
+PNAME+DRLIC-DOB-PASSPORT,30
+SURNAME+SSN+DRLIC+LOGIN_ID+ACCT_NUM,30
+DRLIC-GENERATION-DOB-GENDER-SSN-PASSPORT,30
+LIKELY_NAME+ADDRESS+PHONE+DRLIC,30
+DOB+LOGIN_ID-GENDER-PASSPORT,30
+SSN+DRLIC+PASSPORT+LOGIN_ID+ACCT_NUM,29
+LIKELY_NAME+DRLIC+ACCT_NUM,29
+LIKELY_NAME+PHONE+LOGIN_ID,29
+PASSPORT-DOB-GENDER,29
+PNAME+PHONE+SSN,29
+DRLIC-GENERATION-DOB-GENDER-SSN,28
+NAME+ADDRESS-GENDER-SSN,28
+DOB+PHONE+SSN+DRLIC+PASSPORT+LOGIN_ID,28
+LIKELY_NAME+PHONE+SSN+PASSPORT+ACCT_NUM,28
+LIKELY_NAME+DOB+DRLIC,27
+DOB+ADDRESS-PASSPORT,27
+SURNAME+ADDRESS-GENDER-SSN-DRLIC,27
+SURNAME+ADDRESS-GENDER-PASSPORT,27
+DRLIC-GENERATION-DOB-SSN-PASSPORT,27
+DRLIC-GENERATION-GENDER,27
+DOB+LOGIN_ID-SSN-DRLIC-PASSPORT,27
+SURNAME+DRLIC+PASSPORT+LOGIN_ID,27
+SURNAME+DOB+ADDRESS+DRLIC+LOGIN_ID+ACCT_NUM,27
+LOGIN_ID-GENERATION-GENDER-SSN-DRLIC-PASSPORT,27
+SURNAME+DOB+ADDRESS+SSN+DRLIC+LOGIN_ID+ACCT_NUM,27
+PNAME+DRLIC-GENDER-SSN,27
+PNAME+DRLIC-GENDER,27
+ADDRESS-GENERATION-DRLIC,27
+DOB+ADDRESS+DRLIC+PASSPORT+LOGIN_ID,27
+PNAME+PHONE-PASSPORT,27
+LIKELY_NAME+DOB+ACCT_NUM,27
+LIKELY_NAME+PHONE+DRLIC+PASSPORT,26
+SURNAME+ADDRESS+DRLIC+PASSPORT+LOGIN_ID,26
+LIKELY_NAME+ADDRESS+PASSPORT+ACCT_NUM,26
+DOB+DRLIC-GENDER-SSN,26
+SURNAME+SSN-GENDER,26
+DOB+ADDRESS+DRLIC+PASSPORT+LOGIN_ID+ACCT_NUM,26
+DOB+DRLIC+PASSPORT+LOGIN_ID,26
+SURNAME+LOGIN_ID-DOB-GENDER-SSN-DRLIC,25
+PNAME+LOGIN_ID-GENDER-SSN-DRLIC-PASSPORT,25
+NAME+LOGIN_ID-SSN-PASSPORT,25
+LIKELY_NAME+DOB+ADDRESS+DRLIC,25
+DOB+SSN+DRLIC+PASSPORT+LOGIN_ID,25
+DOB+LOGIN_ID-GENDER-SSN-DRLIC,25
+NAME+ADDRESS-GENDER,25
+NAME+PHONE-DOB-SSN,25
+SURNAME+DOB+ADDRESS+PASSPORT+LOGIN_ID+ACCT_NUM,25
+LIKELY_NAME+ADDRESS+SSN+DRLIC+ACCT_NUM,24
+SURNAME+DOB+DRLIC+LOGIN_ID+ACCT_NUM,24
+NAME+ADDRESS-PASSPORT,24
+SURNAME+DOB+ADDRESS+PHONE+DRLIC+PASSPORT+LOGIN_ID+ACCT_NUM,24
+PNAME+ADDRESS-DOB-DRLIC-PASSPORT,24
+LOGIN_ID-GENERATION-DRLIC-PASSPORT,24
+SURNAME+ADDRESS-DOB-GENDER-PASSPORT,24
+ADDRESS-GENERATION-DOB-SSN-DRLIC,24
+NAME+ADDRESS+PHONE+SSN-DRLIC,23
+PNAME+PHONE-DRLIC,23
+NAME+LOGIN_ID-DOB-GENDER-SSN,23
+SURNAME+LOGIN_ID-DOB-GENDER-DRLIC,23
+SURNAME+SSN+DRLIC+PASSPORT+LOGIN_ID+ACCT_NUM,23
+SURNAME+LOGIN_ID-SSN-DRLIC-PASSPORT,23
+PNAME-SSN-PASSPORT,23
+DOB+ADDRESS+SSN+DRLIC+PASSPORT+LOGIN_ID+ACCT_NUM,22
+DRLIC-GENERATION-DOB,22
+SURNAME+ADDRESS-DRLIC,22
+SURNAME+DOB+ADDRESS+PHONE+SSN+PASSPORT+LOGIN_ID+ACCT_NUM,22
+DOB+ADDRESS+PHONE+SSN+DRLIC+PASSPORT+LOGIN_ID+ACCT_NUM,22
+ADDRESS-GENERATION-DOB-GENDER-SSN-DRLIC-PASSPORT,22
+ADDRESS-GENERATION-DOB-GENDER-SSN-DRLIC,22
+DOB+ADDRESS-GENDER-SSN-PASSPORT,22
+PNAME+ADDRESS-GENDER-DRLIC,21
+PNAME+ADDRESS-GENDER-SSN-DRLIC,21
+SURNAME+ADDRESS-DOB-SSN-DRLIC,21
+LOGIN_ID-GENERATION-DOB-GENDER-DRLIC,21
+LIKELY_NAME+ADDRESS+DRLIC+ACCT_NUM,21
+LIKELY_NAME+DOB+ADDRESS+SSN,21
+PNAME+DOB+PHONE+SSN,20
+SURNAME+LOGIN_ID-DOB-SSN-DRLIC-PASSPORT,20
+ADDRESS-GENERATION-GENDER-SSN-DRLIC,20
+LOGIN_ID-GENERATION-GENDER-DRLIC-PASSPORT,20
+SURNAME+DOB+PHONE+DRLIC+PASSPORT+LOGIN_ID,20
+PNAME+SSN (Ambiguous),19
+SURNAME+SSN-DOB,19
+SURNAME+DOB+SSN+DRLIC+LOGIN_ID+ACCT_NUM,19
+SURNAME+DOB+ADDRESS+SSN+DRLIC+PASSPORT+LOGIN_ID,19
+DOB+LOGIN_ID-GENDER-DRLIC,19
+DRLIC-GENERATION-GENDER-SSN-PASSPORT,19
+NAME+LOGIN_ID-PASSPORT,19
+PNAME+LOGIN_ID-DOB-GENDER-SSN-DRLIC-PASSPORT,19
+LIKELY_NAME+PASSPORT+ACCT_NUM,19
+LIKELY_NAME+PHONE+LOGIN_ID+ACCT_NUM,19
+NAME+SSN-DRLIC,18
+DRLIC-GENERATION-DOB-GENDER,18
+SURNAME+ADDRESS-GENDER-DRLIC,18
+PNAME+LOGIN_ID-GENDER-DRLIC-PASSPORT,18
+LIKELY_NAME+ADDRESS+SSN+PASSPORT+ACCT_NUM,18
+PNAME+LOGIN_ID-DOB-GENDER-DRLIC,18
+NAME+PHONE-DOB,18
+SURNAME+LOGIN_ID-DOB-GENDER-SSN-DRLIC-PASSPORT,18
+SURNAME+DRLIC-SSN-PASSPORT,18
+DOB+ADDRESS-DRLIC,18
+NAME+ADDRESS-DRLIC,18
+NAME+ADDRESS-DOB-SSN-PASSPORT,18
+PNAME+ADDRESS+SSN,18
+LIKELY_NAME+PHONE+SSN+DRLIC+PASSPORT,18
+PASSPORT-DRLIC,18
+SURNAME+LOGIN_ID-GENDER-SSN-DRLIC-PASSPORT,17
+LIKELY_NAME+DOB+PHONE+DRLIC+ACCT_NUM,17
+PNAME-DOB,17
+SSN-GENERATION-DOB-GENDER,17
+SSN-GENERATION-GENDER,17
+SURNAME+ADDRESS+DRLIC+PASSPORT+LOGIN_ID+ACCT_NUM,17
+DOB+PHONE+SSN+DRLIC+PASSPORT+LOGIN_ID+ACCT_NUM,17
+SURNAME+DOB+PHONE+SSN+PASSPORT+LOGIN_ID+ACCT_NUM,17
+LIKELY_NAME+SSN+DRLIC+ACCT_NUM,17
+NAME+PHONE+SSN-DRLIC,17
+SURNAME+DRLIC-PASSPORT,17
+LOGIN_ID-GENERATION-DOB-DRLIC-PASSPORT,17
+NAME+PHONE-SSN-PASSPORT,17
+SURNAME+LOGIN_ID-DRLIC-PASSPORT,17
+PNAME+SSN-DOB-GENDER,16
+NAME+PHONE-PASSPORT,16
+DOB+ADDRESS-GENDER-PASSPORT,16
+NAME+LOGIN_ID-DOB-GENDER,16
+LIKELY_NAME+SSN+LOGIN_ID,16
+ADDRESS-GENERATION-DOB-SSN-DRLIC-PASSPORT,16
+LIKELY_NAME+LOGIN_ID,16
+NAME+LOGIN_ID-SSN-DRLIC,16
+NAME+DOB+PHONE-DRLIC,16
+NAME+PHONE-GENDER-SSN,16
+LIKELY_NAME+ADDRESS+LOGIN_ID,16
+DOB+SSN-DRLIC,16
+SURNAME+PHONE-SSN,15
+LIKELY_NAME+DOB+ADDRESS+PASSPORT,15
+SURNAME+DRLIC-DOB-GENDER,15
-GENERATION-SSN,15
+ADDRESS-GENERATION-DOB-DRLIC,15
+SURNAME+SSN-DOB-GENDER,15
+LIKELY_NAME+ADDRESS+SSN+LOGIN_ID,15
+PNAME-PASSPORT,15
+SURNAME+DOB+ADDRESS+PHONE+SSN+DRLIC+PASSPORT+LOGIN_ID,15
+NAME+DOB+ADDRESS-DRLIC,15
+PNAME+ADDRESS+PHONE-DRLIC,15
+SURNAME+DOB+PASSPORT+LOGIN_ID+ACCT_NUM,15
+NAME+LOGIN_ID-DRLIC,15
+DRLIC-GENERATION-PASSPORT,15
+PNAME+PHONE-DOB-SSN-PASSPORT,15
+SURNAME+DOB+PHONE+SSN+DRLIC+PASSPORT+LOGIN_ID,15
+ADDRESS-GENERATION-SSN-DRLIC-PASSPORT,15
+LIKELY_NAME+DOB+PHONE+PASSPORT+ACCT_NUM,15
+PNAME+ADDRESS+PHONE+SSN-DRLIC,14
+NAME+ADDRESS+PHONE+ACCT_NUM-DRLIC,14
+NAME+PHONE+ACCT_NUM-DRLIC,14
+NAME+PHONE (Ambiguous),14
+PNAME+ADDRESS-DOB-GENDER-PASSPORT,14
+PNAME+ADDRESS-DOB-GENDER-SSN-DRLIC-PASSPORT,14
+PNAME+DRLIC-DOB-GENDER,14
+PNAME+DRLIC-DOB-GENDER-SSN,14
+LIKELY_NAME+ADDRESS+SSN+DRLIC+PASSPORT,14
+PNAME+PHONE-DOB-GENDER-SSN,14
+SSN-GENERATION-DOB,14
+DOB+LOGIN_ID-DRLIC-PASSPORT,14
+SURNAME+DOB+ADDRESS+DRLIC+PASSPORT+LOGIN_ID,14
+DOB+ADDRESS-SSN-DRLIC,14
+NAME+ADDRESS+PHONE+PASSPORT-DRLIC,13
+DOB+DRLIC-SSN-PASSPORT,13
+SURNAME+DRLIC-GENDER-SSN-PASSPORT,13
+PASSPORT-SSN-DRLIC,13
+NAME+ADDRESS-DOB-GENDER-SSN,13
+PNAME+SSN+ACCT_NUM,13
+LIKELY_NAME+DOB+SSN,13
+SURNAME+ADDRESS-DOB-DRLIC,13
+PNAME+PHONE+SSN-DRLIC,12
+SURNAME+DOB+ADDRESS+SSN+PASSPORT+LOGIN_ID+ACCT_NUM,12
+PNAME+SSN-DOB-DRLIC-PASSPORT,12
+SURNAME,12
+PNAME+PHONE-SSN-DRLIC,12
+SURNAME+PHONE-DOB,12
+NAME+DOB+PHONE (Ambiguous),12
+LIKELY_NAME+ADDRESS+DRLIC+PASSPORT,12
+LIKELY_NAME+SSN+DRLIC+PASSPORT,12
+NAME+DOB-GENERATION-GENDER-SSN,12
+SURNAME+DRLIC-DOB-SSN-PASSPORT,12
+SURNAME+DRLIC-DOB-GENDER-SSN,12
+DRLIC-GENERATION-DOB-PASSPORT,12
+NAME+DOB-GENERATION-GENDER-SSN-PASSPORT,12
+NAME+DOB+ADDRESS+PHONE-DRLIC,12
+LIKELY_NAME+DOB+PHONE+LOGIN_ID,12
+SURNAME+LOGIN_ID-DOB-DRLIC-PASSPORT,12
+DOB+SSN-GENDER-DRLIC,11
+PNAME-DOB-SSN-PASSPORT,11
+SURNAME+LOGIN_ID-GENDER-DRLIC-PASSPORT,11
+LIKELY_NAME+PHONE+DRLIC+PASSPORT+ACCT_NUM,11
+NAME+LOGIN_ID-GENDER-PASSPORT,11
+PNAME+DRLIC-GENDER-SSN-PASSPORT,11
+ADDRESS-GENERATION-GENDER-DRLIC,11
+NAME+SSN-DOB,11
+NAME+PHONE-DOB-SSN-PASSPORT,11
+DOB+LOGIN_ID-GENDER-SSN-DRLIC-PASSPORT,11
+NAME+DOB-GENERATION-GENDER,11
+PNAME+SSN-GENDER-PASSPORT,11
+NAME+ADDRESS-DOB-PASSPORT,11
+SURNAME+PHONE-DOB-SSN,10
+DOB+ADDRESS-GENDER-SSN-DRLIC,10
+SURNAME+DRLIC+PASSPORT+LOGIN_ID+ACCT_NUM,10
+PNAME+LOGIN_ID-DOB-GENDER-DRLIC-PASSPORT,10
+ADDRESS-GENERATION-DOB-GENDER-DRLIC,10
+LIKELY_NAME+DRLIC+PASSPORT,10
+SURNAME+DOB+SSN+DRLIC+PASSPORT+LOGIN_ID,10
+NAME+ADDRESS-DOB-SSN-DRLIC,10
+NAME+ADDRESS+ACCT_NUM-DRLIC,10
+DOB+DRLIC-GENDER,10
+NAME+DOB+ADDRESS (Ambiguous),10
+LIKELY_NAME+PHONE+SSN+DRLIC+LOGIN_ID,10
+PNAME+PHONE-DOB-GENDER,10
+SURNAME+ADDRESS-DOB-SSN-DRLIC-PASSPORT,10
+SURNAME+DOB+DRLIC+PASSPORT+LOGIN_ID,10
+LIKELY_NAME+PHONE+SSN+DRLIC+PASSPORT+ACCT_NUM,10
+PNAME+DRLIC-DOB-GENDER-SSN-PASSPORT,10
-GENERATION-DOB-SSN,10
+LIKELY_NAME+PHONE+SSN+LOGIN_ID+ACCT_NUM,10
+LIKELY_NAME+DOB+ADDRESS+LOGIN_ID,10
+NAME+SSN-GENDER,10
+SURNAME+SSN-GENDER-PASSPORT,10
+DOB+DRLIC+PASSPORT+LOGIN_ID+ACCT_NUM,10
+PNAME+PHONE-DOB-PASSPORT,10
+NAME+PHONE-GENDER,10
+PNAME+DOB+ADDRESS+SSN,10
+PNAME+SSN-DOB-DRLIC,9
+LIKELY_NAME+DOB+PASSPORT,9
+SSN-GENERATION-DRLIC,9
+LIKELY_NAME+DOB+DRLIC+ACCT_NUM,9
+DOB+ADDRESS+PHONE-DRLIC,9
+DOB+ADDRESS-GENDER-DRLIC,9
+NAME+DOB+ADDRESS+PHONE+SSN-DRLIC,9
+NAME+PHONE-DOB-GENDER,9
+NAME+DOB-GENERATION-SSN-DRLIC,9
+NAME+LOGIN_ID-DOB-PASSPORT,9
+DOB+SSN+DRLIC+PASSPORT+LOGIN_ID+ACCT_NUM,9
+SURNAME+DOB+SSN+PASSPORT+LOGIN_ID+ACCT_NUM,9
+DOB+SSN-DRLIC-PASSPORT,9
+SURNAME+ADDRESS-SSN-DRLIC-PASSPORT,9
+PNAME+ADDRESS-DOB-GENDER-SSN-DRLIC,9
+PNAME+ADDRESS-DOB-GENDER-DRLIC,9
+PNAME+PHONE-GENDER-PASSPORT,9
+LIKELY_NAME+SSN+PASSPORT+ACCT_NUM,9
+LIKELY_NAME+PHONE+DRLIC+LOGIN_ID,9
+SURNAME+SSN-PASSPORT,9
+SURNAME+PHONE-GENDER-SSN,9
+NAME+ADDRESS+PHONE-SSN,9
+NAME+ADDRESS+PHONE+LOGIN_ID-DRLIC,8
+NAME+ADDRESS-GENDER-PASSPORT,8
+DOB+DRLIC-GENDER-SSN-PASSPORT,8
+PNAME+SSN+ACCT_NUM-DRLIC,8
+PNAME+SSN-DRLIC-PASSPORT,8
+LIKELY_NAME+ADDRESS+LOGIN_ID+ACCT_NUM,8
+NAME+PHONE+PASSPORT-DRLIC,8
+LIKELY_NAME+PHONE+DRLIC+LOGIN_ID+ACCT_NUM,8
+NAME+LOGIN_ID-DOB-SSN-PASSPORT,8
+LIKELY_NAME+DOB+PHONE+DRLIC+PASSPORT,8
+SURNAME+DRLIC-GENDER-PASSPORT,8
+NAME+LOGIN_ID-GENDER-SSN-PASSPORT,8
+NAME+DOB+SSN,8
+LIKELY_NAME+DRLIC+LOGIN_ID,8
+LIKELY_NAME+SSN+LOGIN_ID+ACCT_NUM,8
+LIKELY_NAME+ADDRESS+SSN+DRLIC+PASSPORT+ACCT_NUM,8
+PNAME-SSN-DRLIC,8
+NAME+ADDRESS+SSN-DRLIC,8
+NAME+DOB+PHONE+SSN-DRLIC,8
+PNAME+ADDRESS+PHONE+SSN+ACCT_NUM-DRLIC,8
+SURNAME+ADDRESS-DRLIC-PASSPORT,8
+PNAME+ADDRESS+PHONE+SSN+DRLIC,8
+SURNAME+DOB+PHONE+DRLIC+PASSPORT+LOGIN_ID+ACCT_NUM,8
+PNAME+SSN+DRLIC+ACCT_NUM,7
+NAME+ADDRESS (Ambiguous),7
+PNAME+PHONE-DOB-DRLIC,7
+LIKELY_NAME+DOB+PHONE+SSN+PASSPORT,7
+PNAME+PHONE+SSN+DRLIC,7
+PASSPORT-DOB-SSN-DRLIC,7
+NAME+LOGIN_ID-GENDER-DRLIC,7
+LOGIN_ID-GENERATION-DOB-GENDER-DRLIC-PASSPORT,7
+SURNAME+SSN-DOB-PASSPORT,7
+NAME+ADDRESS-DOB-DRLIC,7
+PNAME+PHONE-GENDER-SSN-PASSPORT,7
+LIKELY_NAME+ADDRESS+SSN+LOGIN_ID+ACCT_NUM,7
+LIKELY_NAME+DOB+DRLIC+PASSPORT,7
+NAME+DOB-GENERATION-SSN-DRLIC-PASSPORT,7
+SSN-GENERATION-DOB-GENDER-PASSPORT,7
+PHONE-GENERATION,7
+PASSPORT-GENDER-SSN-DRLIC,7
+PHONE+SSN-DRLIC,7
+LIKELY_NAME+DOB+PASSPORT+ACCT_NUM,7
+NAME+LOGIN_ID-DOB-GENDER-SSN-PASSPORT,7
+NAME+ADDRESS-GENDER-SSN-PASSPORT,7
+NAME+PHONE+SSN+ACCT_NUM-DRLIC,7
+SSN-GENERATION-GENDER-PASSPORT,7
+SURNAME+DRLIC-DOB-GENDER-SSN-PASSPORT,6
+LIKELY_NAME+PHONE+SSN+PASSPORT+LOGIN_ID,6
+PASSPORT-DOB-GENDER-SSN-DRLIC,6
+PNAME+DRLIC-GENDER-PASSPORT,6
-GENERATION-DOB-GENDER-SSN,6
+SURNAME+PHONE-PASSPORT,6
+SURNAME+PHONE-SSN-DRLIC,6
+NAME+SSN+DRLIC,6
+ADDRESS+PHONE+SSN+ACCT_NUM-DRLIC,6
+PNAME-GENDER,6
+PNAME+PHONE+SSN (Ambiguous),6
+LIKELY_NAME+DOB+ADDRESS+DRLIC+LOGIN_ID,6
+PASSPORT-GENDER-DRLIC,6
+LIKELY_NAME+PASSPORT+LOGIN_ID,6
+NAME+ADDRESS+PHONE+PASSPORT+ACCT_NUM-DRLIC,6
+PNAME+PHONE+SSN-GENERATION,6
+PNAME-DOB-SSN-DRLIC-PASSPORT,6
+SURNAME-GENDER-SSN,6
+NAME+DRLIC-SSN,6
+LIKELY_NAME+DOB+ADDRESS+DRLIC+ACCT_NUM,6
+PNAME+DOB+ADDRESS+PHONE+SSN,6
+DOB+PHONE-SSN,6
+PNAME-DOB-PASSPORT,6
+LIKELY_NAME+ADDRESS+PASSPORT+LOGIN_ID,6
-GENERATION-SSN-PASSPORT,6
+LIKELY_NAME+LOGIN_ID+ACCT_NUM,6
+SURNAME-DOB,6
+NAME+ADDRESS-DOB-GENDER,6
+NAME+DOB-GENERATION-PASSPORT,6
+ADDRESS-GENERATION-DOB-DRLIC-PASSPORT,6
+PNAME+ADDRESS-GENDER-SSN-DRLIC-PASSPORT,6
+SURNAME+ADDRESS-DOB-GENDER-DRLIC,6
+SURNAME+ADDRESS-DOB-GENDER-SSN-DRLIC,6
+PHONE+ACCT_NUM-DRLIC,6
+DOB+ADDRESS-GENDER-SSN-DRLIC-PASSPORT,6
+PNAME+ADDRESS+PHONE+SSN+PASSPORT-DRLIC,6
+NAME+ADDRESS-SSN-DRLIC,6
+NAME+ACCT_NUM-DRLIC,6
+NAME+DOB+ADDRESS+PHONE+ACCT_NUM-DRLIC,6
+SURNAME+DOB+PHONE+SSN+DRLIC+PASSPORT+LOGIN_ID+ACCT_NUM,6
+NAME+SSN+ACCT_NUM-DRLIC,6
+PNAME+PHONE-DOB-GENDER-SSN-PASSPORT,6
-GENERATION-GENDER-SSN,6
+LIKELY_NAME+DOB+PHONE+LOGIN_ID+ACCT_NUM,6
+DRLIC-GENERATION-GENDER-PASSPORT,6
-GENERATION-DOB-PASSPORT,6
+SSN-GENERATION-DRLIC-PASSPORT,6
+PHONE-GENERATION-SSN,6
+LIKELY_NAME+PHONE+PASSPORT+LOGIN_ID,6
+SURNAME+PHONE-DOB-GENDER-SSN-PASSPORT,5
+NAME+LOGIN_ID-DOB-DRLIC,5
+PNAME-DOB-SSN-DRLIC,5
+SURNAME+PHONE-DOB-GENDER-SSN,5
+SURNAME+PHONE-GENDER-SSN-PASSPORT,5
+LIKELY_NAME+DOB+ADDRESS+PASSPORT+ACCT_NUM,5
+LIKELY_NAME+DOB+SSN+DRLIC,5
+SURNAME-SSN,5
+NAME+ADDRESS-SSN-DRLIC-PASSPORT,5
+NAME+ADDRESS+PHONE+SSN+ACCT_NUM-DRLIC,5
+NAME+ADDRESS-GENDER-SSN-DRLIC,5
+ADDRESS-GENERATION-DRLIC-PASSPORT,5
+PNAME+SSN+LOGIN_ID,5
+NAME+SSN-PASSPORT,5
+SURNAME+PHONE-SSN-PASSPORT,5
+PNAME+DOB+PHONE+ACCT_NUM-DRLIC,5
+NAME+ADDRESS+PASSPORT+ACCT_NUM-DRLIC,5
+PNAME+PHONE+ACCT_NUM-DRLIC,5
+PNAME+PHONE-DOB-SSN-DRLIC,5
+SURNAME+DOB+SSN+DRLIC+PASSPORT+LOGIN_ID+ACCT_NUM,5
+SURNAME+ADDRESS-GENDER-SSN-DRLIC-PASSPORT,5
+LIKELY_NAME+ADDRESS+DRLIC+LOGIN_ID,5
+SURNAME+LOGIN_ID-DOB-GENDER-DRLIC-PASSPORT,5
+NAME+PHONE-DOB-GENDER-SSN,5
+SSN-GENERATION-PASSPORT,5
+SURNAME+DOB+DRLIC+PASSPORT+LOGIN_ID+ACCT_NUM,5
+DOB,5
+PNAME+PHONE-DRLIC-PASSPORT,5
+SURNAME-SSN-DRLIC,5
+SURNAME+DOB+ADDRESS+PHONE+SSN+DRLIC+PASSPORT+LOGIN_ID+ACCT_NUM,5
+ADDRESS+PHONE+SSN+DRLIC-GENERATION,5
+DOB+ADDRESS+PHONE+SSN-DRLIC,5
+ADDRESS+PHONE+SSN-DRLIC,5
+LIKELY_NAME+ADDRESS+DRLIC+PASSPORT+ACCT_NUM,5
+NAME+SSN-DOB-PASSPORT,5
+PNAME-DOB-DRLIC,4
+LIKELY_NAME+DOB+ADDRESS+DRLIC+PASSPORT,4
+NAME+DRLIC-DOB-SSN,4
+PNAME+SSN-GENDER-DRLIC,4
+ADDRESS-GENERATION-GENDER-DRLIC-PASSPORT,4
+PNAME-SSN-DRLIC-PASSPORT,4
+PNAME+LOGIN_ID-GENERATION-SSN,4
+NAME+LOGIN_ID-DRLIC-PASSPORT,4
+NAME+LOGIN_ID-DOB-SSN-DRLIC-PASSPORT,4
+NAME+LOGIN_ID-DOB-SSN-DRLIC,4
+SURNAME+PHONE+SSN-DRLIC,4
+NAME+DRLIC-GENDER,4
+PNAME+SSN-DOB-GENDER-PASSPORT,4
+PHONE-GENERATION-DOB,4
+ACCT_NUM-DRLIC,4
+LIKELY_NAME+ADDRESS+SSN+DRLIC+LOGIN_ID,4
+PNAME+PHONE+SSN+PASSPORT-DRLIC,4
+NAME+LOGIN_ID-DOB-GENDER-DRLIC,4
+PHONE-GENERATION-DOB-GENDER-SSN,4
+ADDRESS-GENERATION-GENDER-SSN-DRLIC-PASSPORT,4
+PHONE-GENERATION-GENDER,4
+PHONE-GENERATION-GENDER-SSN,4
+ADDRESS+PHONE+ACCT_NUM-GENERATION,4
+NAME+PHONE+SSN+ACCT_NUM (Ambiguous),4
+ADDRESS+PHONE-DRLIC,4
+NAME+ADDRESS-DOB-GENDER-SSN-PASSPORT,4
+NAME+ADDRESS-DOB-GENDER-SSN-DRLIC,4
+NAME+PHONE-GENDER-SSN-PASSPORT,4
+NAME+ADDRESS-DOB-GENDER-PASSPORT,4
+ADDRESS+SSN-DRLIC,4
+SURNAME+DRLIC-DOB-PASSPORT,4
+NAME+ADDRESS+PHONE+SSN+PASSPORT-DRLIC,4
+SURNAME+SSN-DRLIC,4
+LIKELY_NAME+DRLIC+PASSPORT+ACCT_NUM,4
+NAME+ADDRESS+SSN (Ambiguous),4
+NAME+PHONE-DOB-SSN-DRLIC,4
+SURNAME-DOB-SSN,4
+PHONE+ACCT_NUM-GENERATION,4
+PNAME+ADDRESS+PHONE+ACCT_NUM-DRLIC,4
+PNAME+ADDRESS+PHONE+LOGIN_ID-DRLIC,4
+PNAME+ADDRESS+PHONE-SSN,4
+PNAME+ADDRESS+PHONE+SSN+PASSPORT,4
+SURNAME+SSN-DOB-GENDER-PASSPORT,4
+PNAME+ADDRESS+SSN+ACCT_NUM-DRLIC,4
+SURNAME+DOB+ADDRESS+SSN+DRLIC+PASSPORT+LOGIN_ID+ACCT_NUM,4
+PNAME+ADDRESS+SSN-DRLIC,4
+SURNAME+SSN-DOB-DRLIC,4
+DOB+ADDRESS-SSN-DRLIC-PASSPORT,4
+NAME+DOB+ADDRESS+PHONE-SSN,4
+NAME+ADDRESS+PASSPORT-DRLIC,4
+NAME+PHONE+SSN+PASSPORT-DRLIC,4
+PNAME+DOB+ADDRESS+PHONE+SSN+ACCT_NUM-DRLIC,4
+DOB+PHONE+SSN-DRLIC,4
+DOB+SSN-GENDER-DRLIC-PASSPORT,4
+PNAME-DOB-GENDER-SSN,4
+NAME+DOB+PHONE+ACCT_NUM-DRLIC,4
+PNAME+DOB+PHONE+PASSPORT-DRLIC,4
+SURNAME+ADDRESS-DOB-GENDER-SSN-DRLIC-PASSPORT,4
+SURNAME+ADDRESS-DOB-DRLIC-PASSPORT,4
+NAME+PHONE+ACCT_NUM-SSN,4
-GENERATION,4
-GENERATION-DOB,4
+LIKELY_NAME+DOB+PHONE+DRLIC+PASSPORT+ACCT_NUM,4
+LIKELY_NAME+SSN+PASSPORT+LOGIN_ID,4
+LIKELY_NAME+DOB+PHONE+DRLIC+LOGIN_ID,4
+LIKELY_NAME+DOB+LOGIN_ID,4
+SSN-GENERATION-DOB-PASSPORT,4
+SSN-GENERATION-DOB-GENDER-DRLIC,4
+PNAME-GENDER-SSN,4
+SSN-GENERATION-DOB-DRLIC,4
+NAME+PHONE-SSN-DRLIC,4
-GENERATION-PASSPORT,4
+LIKELY_NAME+DOB+ADDRESS+DRLIC+LOGIN_ID+ACCT_NUM,3
+LIKELY_NAME+DOB+PHONE+PASSPORT+LOGIN_ID+ACCT_NUM,3
+PNAME+DOB+LOGIN_ID-SSN,3
+PNAME+ADDRESS+SSN+DRLIC,3
+LIKELY_NAME+DOB+PHONE+SSN+DRLIC,3
+DRLIC-GENERATION-DOB-GENDER-PASSPORT,3
+SURNAME+ADDRESS-GENDER-DRLIC-PASSPORT,3
+LIKELY_NAME+ADDRESS+SSN+DRLIC+LOGIN_ID+ACCT_NUM,3
+PNAME+ADDRESS+PHONE+SSN+PASSPORT+ACCT_NUM-GENERATION,3
+SURNAME-DOB-GENDER-SSN,3
+PNAME+ADDRESS+PHONE+SSN (Ambiguous),3
+SURNAME+DOB+PHONE+SSN-DRLIC,3
+PNAME+DOB+PHONE-DRLIC,3
+NAME+DOB+PHONE-PASSPORT,3
+NAME+ADDRESS+ACCT_NUM-GENERATION,3
+DOB+ADDRESS-GENDER-DRLIC-PASSPORT,3
+PNAME+ADDRESS+PHONE-PASSPORT,3
+NAME+ADDRESS+SSN+PASSPORT+ACCT_NUM-DRLIC,3
+PNAME+PHONE-DOB-GENDER-SSN-DRLIC,3
+PNAME+ADDRESS+PHONE-GENERATION,3
+PNAME+ADDRESS+PHONE+DRLIC+ACCT_NUM-GENERATION,3
+NAME+PHONE+SSN-GENERATION,3
+NAME+LOGIN_ID-SSN-DRLIC-PASSPORT,3
+PNAME+ADDRESS-GENERATION-SSN,3
+LIKELY_NAME+DRLIC+LOGIN_ID+ACCT_NUM,3
+PNAME+ADDRESS-GENDER-DRLIC-PASSPORT,3
+NAME+PHONE-GENDER-DRLIC,3
+PNAME+SSN-DOB-GENDER-DRLIC,3
+NAME+ADDRESS+PHONE+ACCT_NUM-SSN,3
-GENERATION-SSN-DRLIC,3
+NAME+ADDRESS+PHONE+SSN-GENERATION,3
+NAME+ADDRESS+PHONE+LOGIN_ID+ACCT_NUM-DRLIC,3
+SURNAME+SSN-GENDER-DRLIC,3
+LIKELY_NAME+ADDRESS+SSN+DRLIC+PASSPORT+LOGIN_ID,3
+PNAME+ADDRESS+ACCT_NUM-GENERATION,3
+PNAME+ADDRESS+ACCT_NUM-DRLIC,3
+SURNAME-GENDER-SSN-PASSPORT,3
+LIKELY_NAME+ADDRESS+SSN+DRLIC+PASSPORT+LOGIN_ID+ACCT_NUM,3
-GENERATION-DOB-GENDER,3
+NAME+ADDRESS+PHONE+SSN (Ambiguous),3
+NAME+DRLIC-DOB-SSN-PASSPORT,3
+PNAME+ACCT_NUM-DRLIC,3
+ADDRESS+PHONE+SSN-GENERATION,3
+LIKELY_NAME+DOB+PHONE+DRLIC+LOGIN_ID+ACCT_NUM,3
+PHONE+SSN+LOGIN_ID+ACCT_NUM-DRLIC,3
+LIKELY_NAME+SSN+DRLIC+LOGIN_ID,3
+ADDRESS+PHONE-SSN,3
+SURNAME+LOGIN_ID-GENERATION-SSN,3
+ADDRESS+PHONE-GENERATION,3
+PNAME+LOGIN_ID-GENERATION,3
+NAME+PHONE+ACCT_NUM-GENERATION,3
-GENERATION-DOB-GENDER-SSN-PASSPORT,3
+NAME+PHONE+PASSPORT (Ambiguous),3
+ADDRESS+PHONE+DRLIC-GENERATION,3
+NAME+SSN-DOB-GENDER,3
+PASSPORT-DOB-GENDER-DRLIC,3
+SURNAME+PHONE-DOB-DRLIC-PASSPORT,3
+LIKELY_NAME+PHONE+SSN+DRLIC+LOGIN_ID+ACCT_NUM,3
+SURNAME+PHONE-DOB-PASSPORT,3
+LIKELY_NAME+DOB+PASSPORT+LOGIN_ID,3
+SURNAME+PHONE-DOB-SSN-PASSPORT,3
+PASSPORT-DOB-DRLIC,3
+LIKELY_NAME+DOB+ADDRESS+SSN+DRLIC,3
+NAME+PHONE+SSN (Ambiguous),3
+SURNAME+PHONE-DRLIC,3
+ADDRESS+PHONE+ACCT_NUM-DRLIC,3
+PNAME+PHONE+SSN+ACCT_NUM-DRLIC,3
+NAME+DRLIC-DOB,3
+NAME+PASSPORT+ACCT_NUM-DRLIC,3
+LIKELY_NAME+ADDRESS+DRLIC+PASSPORT+LOGIN_ID+ACCT_NUM,3
+DOB+PHONE+SSN+ACCT_NUM-DRLIC,3
+DOB-SSN,3
+NAME+DOB-GENERATION-DRLIC,3
+ADDRESS-GENERATION-DOB-GENDER-DRLIC-PASSPORT,3
+PNAME+DOB+ADDRESS+PHONE (Ambiguous),3
+NAME+SSN+PASSPORT,3
+NAME+DOB+DRLIC-SSN,3
+DOB+LOGIN_ID-GENDER-DRLIC-PASSPORT,3
+NAME+DOB+ADDRESS+PHONE+SSN+PASSPORT-GENERATION,3
+DOB+DRLIC-PASSPORT,3
+NAME+LOGIN_ID+ACCT_NUM-DRLIC,3
+NAME+DOB+ADDRESS+PHONE-SSN-PASSPORT,3
+PNAME+ADDRESS+SSN+PASSPORT-DRLIC,3
+NAME+DOB+ADDRESS+PHONE+SSN-GENERATION,3
+DOB+ADDRESS+SSN-DRLIC,3
+DRLIC-DOB-GENDER-SSN-DRLIC,3
+PNAME-DOB-DRLIC-PASSPORT,3
+NAME+ADDRESS+PHONE+ACCT_NUM (Ambiguous),3
+DRLIC-DOB-SSN-DRLIC,3
+NAME+SSN+LOGIN_ID-DRLIC,2
+NAME-SSN-PASSPORT,2
+NAME+SSN+PASSPORT-DRLIC,2
+NAME+ADDRESS-DOB-SSN-DRLIC-PASSPORT,2
+NAME+SSN-DOB-DRLIC,2
+NAME+ACCT_NUM-SSN,2
+NAME+PHONE+SSN+PASSPORT+ACCT_NUM-DRLIC,2
+NAME+PHONE+SSN+LOGIN_ID-DRLIC,2
+NAME+PHONE-SSN-DRLIC-PASSPORT,2
+LIKELY_NAME+SSN+DRLIC+PASSPORT+ACCT_NUM,2
+PHONE-GENERATION-DOB-GENDER,2
+PHONE-GENERATION-DOB-GENDER-PASSPORT,2
+LIKELY_NAME+PHONE+SSN+PASSPORT+LOGIN_ID+ACCT_NUM,2
+PHONE+PASSPORT-GENERATION,2
+NAME+PHONE+PASSPORT-GENERATION,2
+LIKELY_NAME+PHONE+PASSPORT+LOGIN_ID+ACCT_NUM,2
+PHONE+SSN+DRLIC+LOGIN_ID-GENERATION,2
+NAME+PHONE+PASSPORT+ACCT_NUM-DRLIC,2
+PHONE+SSN-GENERATION,2
+NAME+PHONE+LOGIN_ID-DRLIC,2
+LIKELY_NAME+PASSPORT+LOGIN_ID+ACCT_NUM,2
+PHONE+SSN+PASSPORT+ACCT_NUM-GENERATION,2
+PHONE+SSN+PASSPORT-DRLIC,2
+PHONE+SSN+PASSPORT-GENERATION,2
+LIKELY_NAME+LOGIN_ID-PASSPORT,2
+NAME+PHONE-GENDER-PASSPORT,2
+ACCT_NUM-SSN,2
+LIKELY_NAME+LOGIN_ID-DOB,2
+PNAME+ADDRESS+DRLIC-GENERATION,2
+NAME+PHONE-DRLIC-PASSPORT,2
+PNAME+ADDRESS-GENERATION-DOB-SSN-PASSPORT,2
+PNAME+ADDRESS-GENERATION-SSN-PASSPORT,2
+LIKELY_NAME+DOB+SSN+PASSPORT,2
+PNAME+ADDRESS+PHONE-DOB,2
+NAME+PHONE-DOB-PASSPORT,2
+PNAME+ADDRESS+PHONE+PASSPORT-DRLIC,2
+PNAME+ADDRESS+PHONE+PASSPORT+LOGIN_ID-DRLIC,2
+NAME+PHONE-DOB-GENDER-SSN-PASSPORT,2
+PNAME+ADDRESS+PHONE+SSN+PASSPORT+ACCT_NUM-DRLIC,2
+PNAME+ADDRESS+SSN (Ambiguous),2
+PNAME+ADDRESS+SSN+DRLIC+ACCT_NUM-GENERATION,2
+PNAME+ADDRESS+SSN-GENERATION,2
+PNAME+ADDRESS+SSN-PASSPORT,2
+PNAME+ADDRESS+SSN+PASSPORT,2
+PNAME+DOB+ACCT_NUM-DRLIC,2
+PNAME+DOB+ACCT_NUM-GENERATION,2
+PNAME+DOB+ADDRESS+PHONE+ACCT_NUM-DRLIC,2
+PNAME+DOB+ADDRESS+PHONE+DRLIC-GENERATION,2
+PNAME+DOB+ADDRESS+PHONE+SSN+PASSPORT-GENERATION,2
+PNAME+DOB+PHONE-GENERATION,2
+PNAME+DOB+PHONE-SSN,2
+PNAME+DOB+PHONE+SSN+ACCT_NUM (Ambiguous),2
+PNAME+DOB+PHONE+SSN-GENERATION,2
+PNAME+DOB+SSN (Ambiguous),2
+PNAME+DOB+SSN+DRLIC,2
+PNAME-DRLIC,2
+PNAME+DRLIC+ACCT_NUM-GENERATION,2
+SURNAME-SSN-PASSPORT,2
+PNAME+DRLIC-DOB-GENDER-PASSPORT,2
+PNAME-GENDER-SSN-PASSPORT,2
+LIKELY_NAME+DOB+DRLIC+LOGIN_ID+ACCT_NUM,2
+LIKELY_NAME+DOB+ADDRESS+SSN+PASSPORT,2
+NAME+PASSPORT-DRLIC,2
+LIKELY_NAME+DOB+ADDRESS+LOGIN_ID+ACCT_NUM,2
+LIKELY_NAME+DOB+ADDRESS+DRLIC+PASSPORT+ACCT_NUM,2
+NAME+LOGIN_ID-GENDER-SSN-DRLIC,2
+PNAME+LOGIN_ID-GENERATION-DOB-SSN,2
+PNAME+LOGIN_ID-GENERATION-GENDER,2
+PNAME+PASSPORT+ACCT_NUM-DRLIC,2
+PNAME+PASSPORT-DRLIC,2
+PNAME+PHONE+ACCT_NUM-GENERATION,2
+PNAME+PHONE-DOB-GENDER-PASSPORT,2
+NAME+LOGIN_ID-DOB-GENDER-PASSPORT,2
+NAME+DRLIC-SSN-PASSPORT,2
+PNAME+PHONE+SSN+ACCT_NUM-GENERATION,2
+PNAME+PHONE+SSN+DRLIC-GENERATION,2
+PNAME+PHONE+SSN+LOGIN_ID-DRLIC,2
+PNAME+PHONE+SSN+PASSPORT,2
+PNAME+PHONE+SSN+PASSPORT+ACCT_NUM-GENERATION,2
+NAME+DRLIC-PASSPORT,2
+NAME+DRLIC-GENERATION,2
+NAME+DRLIC-GENDER-SSN,2
+NAME+DRLIC-DOB-PASSPORT,2
+PNAME+SSN+PASSPORT+ACCT_NUM,2
+PNAME+SSN+PASSPORT+LOGIN_ID,2
+LIKELY_NAME+ADDRESS+DRLIC+PASSPORT+LOGIN_ID,2
+SSN+DRLIC-GENERATION,2
-GENERATION-GENDER-SSN-PASSPORT,2
-GENERATION-DOB-SSN-DRLIC,2
+SSN-GENERATION-DOB-DRLIC-PASSPORT,2
+SSN-GENERATION-GENDER-DRLIC-PASSPORT,2
+NAME+DOB+SSN-DRLIC,2
+DRLIC+LOGIN_ID-SSN,2
+NAME+ADDRESS-GENDER-DRLIC,2
+SURNAME+ADDRESS-DOB-GENDER-DRLIC-PASSPORT,2
+NAME+DOB+PHONE-SSN,2
+NAME+DOB+PHONE+PASSPORT-DRLIC,2
+NAME+DOB+LOGIN_ID-DRLIC,2
+DRLIC-GENDER-SSN-DRLIC-PASSPORT,2
+SURNAME+ADDRESS+PHONE-DRLIC,2
+DOB-SSN-PASSPORT,2
+NAME+DOB-GENERATION-GENDER-PASSPORT,2
+DOB-SSN-DRLIC,2
+SURNAME+ADDRESS+PHONE+SSN+ACCT_NUM-DRLIC,2
+NAME+DOB-GENERATION-DRLIC-PASSPORT,2
+SURNAME+ADDRESS+PHONE+SSN-PASSPORT,2
+DOB+PHONE-GENDER-SSN,2
+SURNAME+ADDRESS+SSN-DRLIC,2
+NAME+ADDRESS+LOGIN_ID-DRLIC,2
+SURNAME+DOB+ADDRESS+DRLIC+PASSPORT+LOGIN_ID+ACCT_NUM,2
+DOB-GENDER-SSN,2
+NAME+DOB+ADDRESS+SSN-DRLIC,2
+NAME+DOB+ADDRESS-SSN,2
+SURNAME+DOB+ADDRESS+PHONE+ACCT_NUM-DRLIC,2
+SURNAME+DOB+ADDRESS+PHONE-DRLIC,2
+DOB+DRLIC-GENDER-PASSPORT,2
+DOB+ADDRESS+SSN+PASSPORT+ACCT_NUM-GENERATION,2
+NAME+DOB+ADDRESS+PHONE-PASSPORT,2
+NAME+DOB+ADDRESS+PHONE-GENERATION,2
+DOB+ADDRESS+PHONE+SSN+LOGIN_ID-GENERATION,2
+DOB+ADDRESS+PHONE+SSN+DRLIC-GENERATION,2
+NAME+DOB+ADDRESS+PASSPORT-GENERATION,2
+DOB+ADDRESS+PHONE+SSN+ACCT_NUM-GENERATION,2
+DOB+ADDRESS+PHONE+SSN+ACCT_NUM-DRLIC,2
+NAME+DOB+ADDRESS+ACCT_NUM-DRLIC,2
+DOB+ADDRESS+PASSPORT-DRLIC,2
+SURNAME+DOB+PHONE+SSN+ACCT_NUM-DRLIC,2
+DOB+ADDRESS-DRLIC-PASSPORT,2
+SURNAME-DOB-SSN-DRLIC,2
+NAME+ADDRESS+SSN+ACCT_NUM-DRLIC,2
+ADDRESS+SSN+PASSPORT+ACCT_NUM-DRLIC,2
+SURNAME+DRLIC-DOB-GENDER-PASSPORT,2
+NAME+ADDRESS+PHONE+SSN+PASSPORT (Ambiguous),2
+NAME+ADDRESS+PHONE+SSN+LOGIN_ID-DRLIC,2
+ADDRESS+SSN+ACCT_NUM-DRLIC,2
+NAME+ADDRESS+PHONE+SSN+DRLIC-GENERATION,2
+SURNAME-GENDER-SSN-DRLIC,2
+ADDRESS+PHONE+SSN+LOGIN_ID+ACCT_NUM-DRLIC,2
+NAME+ADDRESS+PHONE+SSN+ACCT_NUM-GENERATION,2
+ADDRESS+PHONE-PASSPORT,2
+SURNAME-PASSPORT,2
+SURNAME+PHONE-DOB-GENDER,2
+SURNAME+PHONE-DOB-GENDER-SSN-DRLIC,2
+SURNAME+PHONE-DOB-SSN-DRLIC-PASSPORT,2
+ADDRESS+PHONE+ACCT_NUM-SSN,2
+SURNAME+PHONE-GENDER,2
+SURNAME+PHONE-GENDER-PASSPORT,2
+SURNAME+PHONE-GENDER-SSN-DRLIC,2
+NAME+ADDRESS+PHONE+PASSPORT+LOGIN_ID+ACCT_NUM-DRLIC,2
+NAME+ADDRESS+PHONE-PASSPORT,2
+SURNAME+SSN-DOB-GENDER-DRLIC,2
+NAME+SSN-DOB-DRLIC-PASSPORT,2
+ADDRESS+LOGIN_ID-DOB-GENDER-SSN-PASSPORT,1
+PNAME+LOGIN_ID+ACCT_NUM-DOB-GENDER-SSN-DRLIC-PASSPORT,1
-GENERATION-GENDER-PASSPORT,1
-GENERATION-GENDER,1
+NAME+DOB+SSN+PASSPORT+LOGIN_ID-GENERATION,1
-GENERATION-DRLIC,1
-GENERATION-DOB-SSN-PASSPORT,1
+PHONE-GENERATION-DOB-SSN-DRLIC-PASSPORT,1
+LIKELY_NAME+DOB+DRLIC+LOGIN_ID,1
+NAME+ADDRESS+DRLIC-SSN,1
+SURNAME+SSN+PASSPORT-DRLIC,1
+PNAME-GENDER-SSN-DRLIC,1
+ADDRESS+LOGIN_ID-DOB-GENDER-SSN,1
+NAME-DOB-SSN-PASSPORT,1
+PNAME-GENDER-PASSPORT,1
+LIKELY_NAME+DOB+DRLIC+PASSPORT+ACCT_NUM,1
+LIKELY_NAME+DOB+DRLIC+PASSPORT+LOGIN_ID+ACCT_NUM,1
+PNAME-DRLIC-PASSPORT,1
+LIKELY_NAME+DOB+PASSPORT+LOGIN_ID+ACCT_NUM,1
+NAME+DOB+SSN-GENDER-DRLIC,1
+SSN-GENERATION-GENDER-DRLIC,1
+NAME+ADDRESS+PHONE+PASSPORT+LOGIN_ID+ACCT_NUM-GENERATION,1
+NAME+PHONE+ACCT_NUM-DOB,1
+PNAME+DRLIC-GENERATION,1
+NAME+PHONE+ACCT_NUM-DOB-SSN,1
+NAME+PHONE+ACCT_NUM-GENDER,1
+SSN+LOGIN_ID-DOB-PASSPORT,1
-GENERATION-DOB-GENDER-SSN-DRLIC,1
+NAME+PHONE+ACCT_NUM-PASSPORT,1
+PNAME+DOB+SSN+PASSPORT-DRLIC,1
+PNAME+DOB+SSN+PASSPORT,1
+SSN+PASSPORT+ACCT_NUM-DRLIC,1
+PNAME+DOB+SSN-DRLIC,1
+SURNAME+PHONE+PASSPORT-DRLIC,1
+PNAME+DOB+SSN+ACCT_NUM-GENERATION,1
+DRLIC+LOGIN_ID-SSN-PASSPORT,1
+NAME+SSN+PASSPORT+LOGIN_ID-DRLIC,1
+DRLIC+LOGIN_ID-DOB,1
+SURNAME+ADDRESS+ACCT_NUM-DRLIC,1
+PHONE-GENERATION-DOB-SSN,1
+PNAME+DOB+PHONE+SSN+PASSPORT-GENERATION,1
+PNAME+DOB+PHONE+SSN+PASSPORT-DRLIC,1
+PNAME+DOB+PHONE+SSN+DRLIC+PASSPORT-GENERATION,1
+PNAME+DOB+PHONE+SSN+DRLIC-GENERATION,1
+NAME+ADDRESS+PHONE+PASSPORT-GENERATION,1
+NAME+ADDRESS-GENDER-DRLIC-PASSPORT,1
+NAME+DOB+PHONE+SSN+PASSPORT-GENERATION,1
+PNAME+DOB+PHONE+SSN-DRLIC,1
+PNAME+DOB+PHONE-SSN-DRLIC,1
+NAME+DOB+PHONE+SSN+PASSPORT-DRLIC,1
+NAME+DOB+PHONE+SSN-GENERATION,1
+PNAME+DOB+PHONE+LOGIN_ID-GENERATION,1
+NAME+DOB+PHONE+SSN (Ambiguous),1
+PNAME+DOB+PHONE+LOGIN_ID-DRLIC,1
+PHONE-GENERATION-DOB-PASSPORT,1
+NAME+ADDRESS+PHONE+PASSPORT-DOB,1
+PNAME+DOB+PHONE+LOGIN_ID+ACCT_NUM-GENDER,1
+NAME+DOB+PHONE+PASSPORT+ACCT_NUM (Ambiguous),1
+PNAME+DOB+PHONE+DRLIC-GENERATION,1
+NAME+DOB+PHONE-GENERATION,1
+PNAME+DOB+PHONE+ACCT_NUM-SSN-PASSPORT,1
+SURNAME+ADDRESS+DRLIC-PASSPORT,1
+PNAME+DOB+PHONE+ACCT_NUM-GENERATION,1
+NAME+DOB+PHONE+DRLIC+PASSPORT-GENERATION,1
+NAME+DOB+PHONE+DRLIC-PASSPORT,1
+NAME+DOB+PHONE+DRLIC-GENERATION,1
+SURNAME+ADDRESS+DRLIC-SSN,1
+LIKELY_NAME+DOB+PHONE+DRLIC+PASSPORT+LOGIN_ID,1
+PNAME+DOB+PASSPORT (Ambiguous),1
+PNAME+DOB+PASSPORT+ACCT_NUM-DRLIC,1
+NAME+DOB+PASSPORT+ACCT_NUM-SSN,1
+LIKELY_NAME+DOB+PHONE+DRLIC+PASSPORT+LOGIN_ID+ACCT_NUM,1
+NAME+DOB+PASSPORT+ACCT_NUM-DRLIC,1
+PNAME+DOB+LOGIN_ID-SSN-PASSPORT,1
+ACCT_NUM-DOB,1
+SURNAME+ADDRESS-GENERATION,1
+SURNAME+ADDRESS-GENERATION-DOB,1
+SURNAME+ADDRESS-GENERATION-DOB-SSN,1
+SURNAME+ADDRESS-GENERATION-DOB-SSN-PASSPORT,1
+SURNAME+ADDRESS-GENERATION-GENDER-SSN,1
+SURNAME+ADDRESS-GENERATION-GENDER-SSN-PASSPORT,1
+SURNAME+ADDRESS-GENERATION-SSN,1
+PNAME+DOB+LOGIN_ID-PASSPORT,1
+NAME-DOB-PASSPORT,1
+SURNAME+PHONE+SSN+ACCT_NUM-DRLIC,1
+PHONE-GENERATION-DOB-GENDER-SSN-PASSPORT,1
+DRLIC-GENDER-DRLIC-PASSPORT,1
+DRLIC-GENDER-DRLIC,1
+DRLIC-DOB-SSN-DRLIC-PASSPORT,1
+PNAME+DOB+DRLIC-SSN,1
+PNAME+DOB+DRLIC-GENERATION,1
+SURNAME+ADDRESS+PHONE+ACCT_NUM-DRLIC,1
+NAME+PHONE+SSN+ACCT_NUM-GENERATION,1
+DRLIC-DOB-GENDER-DRLIC-PASSPORT,1
+DRLIC-DOB-GENDER-DRLIC,1
+SURNAME+ADDRESS+PHONE+DRLIC-DRLIC-PASSPORT,1
+PNAME+DOB+ADDRESS+SSN+PASSPORT-DRLIC,1
+NAME+PHONE+SSN+ACCT_NUM-PASSPORT,1
+DOB+SSN-GENERATION,1
+PNAME+DOB+ADDRESS+SSN+PASSPORT+ACCT_NUM-GENERATION,1
+PNAME+DOB+ADDRESS+SSN-DRLIC,1
+PNAME+DOB+ADDRESS+SSN+ACCT_NUM-GENERATION,1
+PNAME+DOB+ADDRESS+SSN+ACCT_NUM-DRLIC,1
+PNAME+DOB+ADDRESS-SSN,1
+SURNAME+ADDRESS+PHONE+LOGIN_ID-DRLIC,1
+PNAME+DOB+ADDRESS+PHONE+SSN+PASSPORT-DRLIC,1
+PNAME+DOB+ADDRESS+PHONE+SSN+LOGIN_ID+ACCT_NUM-DRLIC,1
+PNAME+DOB+ADDRESS+PHONE+SSN-GENERATION,1
+LIKELY_NAME+SSN+DRLIC+PASSPORT+LOGIN_ID,1
+SURNAME+ADDRESS+PHONE+PASSPORT+LOGIN_ID+ACCT_NUM-DOB,1
+SURNAME+ADDRESS+PHONE-SSN,1
+LIKELY_NAME+SSN+PASSPORT+LOGIN_ID+ACCT_NUM,1
+DOB+SSN+ACCT_NUM-DRLIC,1
+NAME+ADDRESS+PHONE+PASSPORT+ACCT_NUM-GENERATION,1
+SURNAME+ADDRESS+PHONE+SSN-DRLIC,1
+PNAME+DOB+ADDRESS+PHONE+SSN+DRLIC-GENERATION,1
+NAME+DOB-GENERATION-GENDER-DRLIC,1
+DOB+PHONE+SSN+PASSPORT-GENERATION,1
+DOB+PHONE+SSN+PASSPORT+ACCT_NUM-GENERATION,1
+DOB+PHONE+SSN+LOGIN_ID-PASSPORT,1
+DOB+PHONE+SSN+LOGIN_ID+ACCT_NUM-DRLIC,1
+PNAME+DOB+ADDRESS+PHONE+SSN+DRLIC (Ambiguous),1
+LOGIN_ID+ACCT_NUM-DRLIC,1
+PNAME+DOB+ADDRESS+PHONE+SSN+DRLIC+ACCT_NUM-GENERATION,1
+DOB+PHONE+SSN+ACCT_NUM-GENERATION,1
+NAME+SSN-GENDER-DRLIC,1
+PNAME+DOB+ADDRESS+PHONE+SSN-DRLIC,1
+PNAME+DOB+ADDRESS+PHONE-SSN,1
+SURNAME+ADDRESS+PHONE+SSN+PASSPORT+ACCT_NUM-DRLIC,1
+DOB+PHONE+PASSPORT-SSN,1
+DOB+PHONE+PASSPORT-DRLIC,1
+DOB+PHONE+LOGIN_ID-DRLIC,1
+DOB+PHONE-GENDER-SSN-PASSPORT,1
+NAME+PHONE+SSN+DRLIC+ACCT_NUM (Ambiguous),1
+SURNAME+ADDRESS+SSN+ACCT_NUM-DRLIC,1
+PNAME+DOB+ADDRESS+PHONE+PASSPORT-DRLIC,1
+PHONE+DRLIC+ACCT_NUM-SSN,1
+DOB+PHONE-GENDER-PASSPORT,1
+DOB+PHONE-GENDER,1
+PNAME+DOB+ADDRESS+PHONE+PASSPORT+ACCT_NUM-GENDER-SSN,1
+DOB+PHONE+DRLIC+LOGIN_ID-DRLIC,1
+PNAME+DOB+ADDRESS+PHONE-PASSPORT,1
+DOB+PHONE+ACCT_NUM-SSN,1
+NAME+ADDRESS-GENDER-SSN-DRLIC-PASSPORT,1
+SURNAME+ADDRESS+SSN+DRLIC+PASSPORT-GENERATION,1
+PNAME+DOB+ADDRESS+PHONE-GENERATION,1
+NAME+ADDRESS-GENERATION,1
+DOB+PASSPORT-DRLIC,1
+NAME+ADDRESS-GENERATION-DOB-SSN,1
+NAME+ADDRESS-GENERATION-SSN,1
+DOB+LOGIN_ID-GENERATION-GENDER-SSN-DRLIC,1
+DOB+LOGIN_ID-GENERATION-GENDER,1
+PNAME+DOB+ADDRESS+PHONE+ACCT_NUM-GENERATION,1
+SURNAME+PHONE+SSN-GENERATION,1
+NAME+PHONE-DOB-GENDER-DRLIC-PASSPORT,1
+NAME+ADDRESS+LOGIN_ID-SSN,1
+PNAME+DOB+ADDRESS+PASSPORT+LOGIN_ID-DRLIC,1
+PNAME+DOB+ADDRESS+PASSPORT+ACCT_NUM-DRLIC,1
+SURNAME+DOB+ADDRESS+ACCT_NUM-DRLIC,1
+SURNAME+DOB+ADDRESS-DRLIC,1
+NAME+DOB+DRLIC+LOGIN_ID-SSN,1
+ACCT_NUM-DOB-GENDER-SSN,1
+NAME+DOB+DRLIC+ACCT_NUM-SSN-PASSPORT,1
+PNAME+DOB+ADDRESS+LOGIN_ID (Ambiguous),1
+SURNAME+DOB+ADDRESS+DRLIC-PASSPORT,1
+PNAME+DOB+ADDRESS+DRLIC+LOGIN_ID+ACCT_NUM-GENERATION,1
+DOB-GENDER-SSN-PASSPORT,1
+NAME+ADDRESS+PHONE+ACCT_NUM-DOB-PASSPORT,1
+NAME+ADDRESS+PHONE-GENERATION,1
+NAME+ADDRESS+PHONE+DRLIC-SSN,1
+DOB-GENDER,1
+PNAME+DOB+ADDRESS+DRLIC-GENERATION,1
+NAME+DOB+ADDRESS+SSN+DRLIC-GENERATION,1
+PHONE+DRLIC+ACCT_NUM-GENERATION,1
+NAME+ADDRESS+PHONE+DRLIC+PASSPORT-GENERATION,1
+PNAME+DOB+ADDRESS-DRLIC,1
+PNAME+DOB+ADDRESS+ACCT_NUM-SSN,1
+NAME+PHONE+SSN+PASSPORT (Ambiguous),1
+SURNAME+DOB+ADDRESS+PHONE+ACCT_NUM-GENERATION,1
+NAME+PHONE+SSN+PASSPORT-GENERATION,1
+PNAME+DOB+ADDRESS+ACCT_NUM-DRLIC,1
+DOB+DRLIC+LOGIN_ID-GENERATION,1
+NAME+PHONE-DOB-GENDER-PASSPORT,1
+PNAME+ADDRESS+SSN+PASSPORT+LOGIN_ID+ACCT_NUM-DRLIC,1
+NAME-SSN,1
+PNAME+ADDRESS+SSN+PASSPORT+ACCT_NUM-DRLIC,1
+LIKELY_NAME+DOB+PHONE+PASSPORT+LOGIN_ID,1
+PNAME+ADDRESS+SSN+LOGIN_ID-GENERATION,1
+DOB+DRLIC+ACCT_NUM-DRLIC,1
+NAME+DOB+ADDRESS+PHONE+SSN+ACCT_NUM-GENERATION,1
+NAME+ACCT_NUM-GENERATION,1
+PNAME+ADDRESS+SSN+LOGIN_ID (Ambiguous),1
+SURNAME+DOB+ADDRESS+PHONE+PASSPORT+ACCT_NUM-SSN,1
+DOB+ADDRESS+SSN+LOGIN_ID+ACCT_NUM-DRLIC,1
+NAME+DOB+ADDRESS+PHONE+PASSPORT-DRLIC,1
+SURNAME+DOB+ADDRESS+PHONE-SSN,1
+DOB+ADDRESS+SSN-GENERATION,1
+NAME+DOB+ADDRESS+PHONE+PASSPORT+ACCT_NUM-DRLIC,1
+SURNAME+DOB+ADDRESS+PHONE+SSN+ACCT_NUM-GENERATION,1
+NAME+ADDRESS+PHONE+DRLIC-PASSPORT,1
+PNAME+ADDRESS+SSN+LOGIN_ID+ACCT_NUM-GENERATION,1
+NAME+ADDRESS+PHONE+DRLIC-GENERATION,1
+NAME+DOB+ADDRESS+PHONE-GENDER-SSN-PASSPORT,1
+PNAME+ADDRESS+SSN+DRLIC+PASSPORT-GENERATION,1
+PNAME+ADDRESS+SSN+DRLIC-PASSPORT,1
+NAME+DOB+ADDRESS+PHONE-GENDER,1
+PNAME+ADDRESS+SSN+DRLIC-GENERATION,1
+DOB+ADDRESS+SSN+ACCT_NUM-GENERATION,1
+NAME+DOB+ADDRESS+PHONE+DRLIC-SSN-DRLIC,1
+SURNAME+DOB+ADDRESS+PHONE+SSN+LOGIN_ID-DRLIC,1
+DOB+ADDRESS+PHONE+SSN+PASSPORT-DRLIC,1
+DOB+ADDRESS+PHONE+SSN+PASSPORT+ACCT_NUM-DRLIC,1
+SURNAME+DOB+ADDRESS+PHONE+SSN+PASSPORT+ACCT_NUM-DRLIC,1
+SURNAME+DOB+ADDRESS+PHONE+SSN+PASSPORT-DRLIC,1
+NAME+DOB+ADDRESS+PHONE+DRLIC-GENERATION,1
+NAME+DOB+ADDRESS+PHONE+DRLIC-DRLIC,1
+SURNAME+SSN+ACCT_NUM-DRLIC,1
+DOB+ADDRESS+PHONE+SSN-GENERATION,1
+SURNAME+DOB+ADDRESS+SSN+ACCT_NUM-DRLIC,1
+SURNAME+DOB+ADDRESS+SSN+ACCT_NUM-PASSPORT,1
+SURNAME+DOB+ADDRESS+SSN-DRLIC,1
+DOB+ADDRESS+PHONE+SSN-GENDER,1
+NAME+DOB+ADDRESS+PHONE+DRLIC+ACCT_NUM-GENERATION,1
+NAME+PHONE-DOB-GENDER-SSN-DRLIC,1
+NAME+DOB+ADDRESS+PHONE (Ambiguous),1
+NAME+DOB+ADDRESS+PHONE+ACCT_NUM-GENERATION,1
+DOB+ADDRESS+PHONE+SSN-DRLIC-PASSPORT,1
+NAME+DOB+ADDRESS+PHONE+ACCT_NUM-GENDER-SSN,1
+PNAME+ADDRESS+SSN+ACCT_NUM-GENERATION,1
+NAME+ADDRESS+PHONE+DRLIC-DOB,1
+NAME+PHONE-DOB-GENDER-SSN-DRLIC-PASSPORT,1
+DOB+ADDRESS+PHONE+SSN+DRLIC+ACCT_NUM-GENERATION,1
+PNAME+ADDRESS+PHONE+SSN+PASSPORT-GENERATION,1
+NAME+ACCT_NUM-SSN-PASSPORT,1
+PNAME+ADDRESS+PHONE+SSN-PASSPORT,1
+SURNAME-DOB-DRLIC,1
+SURNAME+SSN-DOB-DRLIC-PASSPORT,1
+NAME+ADDRESS+PHONE+DRLIC+ACCT_NUM-GENERATION,1
+NAME+DOB+ADDRESS+PASSPORT+ACCT_NUM-DRLIC,1
+NAME+DOB+ADDRESS-PASSPORT,1
+DOB+ADDRESS+PHONE-SSN,1
+DOB+ADDRESS+PHONE+PASSPORT-GENERATION,1
+PNAME+ADDRESS+PHONE+SSN+LOGIN_ID-DRLIC,1
+PNAME+ADDRESS+PHONE+SSN+LOGIN_ID-DOB,1
+SURNAME-DOB-GENDER,1
+SURNAME-DOB-GENDER-DRLIC-PASSPORT,1
+PNAME+ADDRESS+PHONE+SSN+LOGIN_ID+ACCT_NUM-GENERATION,1
+DOB+ADDRESS+PHONE-GENERATION,1
+NAME+DOB+ADDRESS-GENERATION,1
+SURNAME-DOB-PASSPORT,1
+DOB+ADDRESS+PHONE+DRLIC-GENERATION,1
+DOB+ADDRESS+PHONE+DRLIC+ACCT_NUM-GENERATION,1
+SURNAME+DOB+PASSPORT+ACCT_NUM-DRLIC,1
+PNAME+ADDRESS+PHONE+SSN-GENERATION,1
+NAME+SSN-GENDER-PASSPORT,1
+PNAME+ADDRESS+PHONE+SSN+DRLIC+PASSPORT,1
+DOB+ADDRESS+PHONE+ACCT_NUM-SSN-PASSPORT,1
+SURNAME+DOB+PHONE+ACCT_NUM-PASSPORT,1
+DOB+ADDRESS+PHONE+ACCT_NUM-SSN,1
+DOB+ADDRESS+PHONE+ACCT_NUM-GENERATION,1
+DOB+ADDRESS+PHONE+ACCT_NUM-DRLIC,1
+NAME+DOB+ACCT_NUM-SSN-PASSPORT,1
+SURNAME+SSN-DOB-GENDER-DRLIC-PASSPORT,1
+NAME+DOB+ACCT_NUM-DRLIC,1
+NAME+ADDRESS+PASSPORT+LOGIN_ID+ACCT_NUM-DRLIC,1
+PNAME+ADDRESS+PHONE+SSN+DRLIC (Ambiguous),1
+DOB+ADDRESS+LOGIN_ID-GENERATION,1
+DOB+ADDRESS+LOGIN_ID-DRLIC,1
+DOB+ADDRESS+LOGIN_ID+ACCT_NUM-SSN,1
+DOB+ADDRESS+LOGIN_ID+ACCT_NUM-GENERATION,1
+NAME+ADDRESS+SSN+PASSPORT+LOGIN_ID+ACCT_NUM-DRLIC,1
+NAME+ADDRESS+SSN+PASSPORT-DRLIC,1
+SURNAME+DOB+PHONE+PASSPORT-SSN,1
+SURNAME+DOB+PHONE-SSN,1
+PNAME+ADDRESS+PHONE+SSN+DRLIC+ACCT_NUM-GENERATION,1
+NAME+ADDRESS+PHONE+ACCT_NUM-DOB,1
+NAME+SSN+ACCT_NUM (Ambiguous),1
+PNAME+ADDRESS+PHONE+SSN+ACCT_NUM-GENERATION,1
+NAME+ADDRESS+SSN+PASSPORT (Ambiguous),1
+PNAME+ADDRESS+PHONE+PASSPORT+ACCT_NUM-DRLIC,1
+PNAME+ADDRESS+PHONE+LOGIN_ID (Ambiguous),1
+NAME+ADDRESS+SSN+PASSPORT+ACCT_NUM (Ambiguous),1
+PNAME+ADDRESS+PHONE-GENDER,1
+PNAME+ADDRESS+PHONE+DRLIC-GENERATION,1
+NAME+ADDRESS+SSN+DRLIC+LOGIN_ID-GENERATION,1
+PNAME+ADDRESS+PHONE-DOB-SSN-DRLIC,1
+SURNAME+DOB+PHONE+SSN-GENERATION,1
+NAME+ADDRESS+SSN+DRLIC-GENERATION,1
+PNAME+ADDRESS+PHONE-DOB-DRLIC,1
+DOB+ADDRESS+DRLIC+PASSPORT-GENERATION,1
+NAME+ADDRESS+ACCT_NUM-PASSPORT,1
+SURNAME+DOB+PHONE+SSN+PASSPORT+ACCT_NUM-DRLIC,1
+PNAME+ADDRESS+PHONE+ACCT_NUM (Ambiguous),1
+NAME+ADDRESS+SSN-DOB-PASSPORT,1
+PNAME+ADDRESS+PASSPORT+LOGIN_ID-DRLIC,1
+PNAME+ADDRESS-GENERATION-DOB-SSN,1
+DOB+ADDRESS+ACCT_NUM-SSN-PASSPORT,1
+NAME+ADDRESS-DOB-DRLIC-PASSPORT,1
+DOB+ACCT_NUM-GENERATION,1
+PNAME+ADDRESS-GENERATION,1
+NAME+ADDRESS-DOB-GENDER-DRLIC,1
+NAME+ADDRESS+SSN+ACCT_NUM (Ambiguous),1
+ADDRESS+SSN+PASSPORT+LOGIN_ID-DRLIC,1
+ADDRESS+DRLIC-GENERATION,1
+NAME+PHONE-DOB-SSN-DRLIC-PASSPORT,1
+NAME+PHONE+DRLIC-GENERATION,1
+ADDRESS+SSN-PASSPORT,1
+NAME+ADDRESS+PASSPORT-SSN,1
+ADDRESS+SSN+LOGIN_ID-GENERATION,1
+ADDRESS+SSN+LOGIN_ID-DOB,1
+NAME+ADDRESS+PHONE+SSN+PASSPORT+LOGIN_ID-DRLIC,1
+PNAME+ADDRESS+DRLIC+LOGIN_ID+ACCT_NUM-GENERATION,1
+SURNAME-DRLIC,1
+ADDRESS+SSN+LOGIN_ID+ACCT_NUM-DRLIC,1
+ADDRESS+SSN-GENERATION,1
+NAME+ADDRESS+PHONE+SSN+PASSPORT-GENERATION,1
+LIKELY_NAME+LOGIN_ID-DOB-DRLIC,1
+ADDRESS+ACCT_NUM-PASSPORT,1
+LIKELY_NAME+LOGIN_ID-DOB-GENDER,1
+LIKELY_NAME+LOGIN_ID-DOB-GENDER-SSN-PASSPORT,1
+LIKELY_NAME+LOGIN_ID-DOB-SSN-DRLIC,1
+ADDRESS+ACCT_NUM-GENERATION,1
+LIKELY_NAME+LOGIN_ID-DRLIC,1
+NAME+ADDRESS+PHONE+SSN-PASSPORT,1
+ACCT_NUM-PASSPORT,1
+NAME+ADDRESS+PHONE+SSN+LOGIN_ID-GENERATION,1
+LIKELY_NAME+LOGIN_ID-GENDER,1
+SURNAME+DRLIC-GENERATION-SSN,1
+NAME+ADDRESS+PHONE-DOB,1
+ADDRESS+SSN+DRLIC-GENERATION,1
+SURNAME-DRLIC-PASSPORT,1
+NAME+ADDRESS+PHONE+SSN+LOGIN_ID+ACCT_NUM-DRLIC,1
+PNAME+ADDRESS-DOB-GENDER-DRLIC-PASSPORT,1
+ADDRESS+SSN+ACCT_NUM-GENERATION,1
+LIKELY_NAME+LOGIN_ID-GENDER-PASSPORT,1
+LIKELY_NAME+LOGIN_ID-GENDER-SSN,1
+SURNAME-SSN-DRLIC-PASSPORT,1
+ADDRESS+ACCT_NUM-GENDER-PASSPORT,1
+SURNAME-GENDER,1
+PNAME+ADDRESS+ACCT_NUM-SSN-DRLIC,1
+ADDRESS+ACCT_NUM-DRLIC,1
+LIKELY_NAME+LOGIN_ID-SSN,1
+SURNAME-GENERATION-DOB,1
+ADDRESS+PHONE+SSN+PASSPORT+LOGIN_ID-GENERATION,1
+ADDRESS+PHONE+SSN+PASSPORT+LOGIN_ID+ACCT_NUM-DRLIC,1
+SURNAME+LOGIN_ID+ACCT_NUM-DRLIC,1
+ADDRESS+PHONE+SSN+PASSPORT-DRLIC,1
+NAME+ADDRESS+PHONE+SSN+DRLIC-DOB,1
+PNAME+ACCT_NUM-SSN-PASSPORT,1
+ADDRESS+PHONE+SSN+PASSPORT+ACCT_NUM-GENERATION,1
+NAME+ADDRESS+PHONE+SSN+DRLIC+ACCT_NUM-GENERATION,1
+PNAME+ACCT_NUM-SSN,1
+NAME+ADDRESS+PHONE+SSN+DRLIC+ACCT_NUM (Ambiguous),1
+ADDRESS+PHONE+SSN+PASSPORT+ACCT_NUM-DRLIC,1
+NAME+ADDRESS+PHONE-SSN-DRLIC,1
+PNAME+ACCT_NUM-GENERATION,1
+NAME+ADDRESS+PHONE+ACCT_NUM-SSN-DRLIC,1
+NAME+PHONE+LOGIN_ID+ACCT_NUM-DRLIC,1
+ADDRESS+PHONE+SSN-GENDER,1
+ADDRESS+PHONE+SSN+DRLIC+PASSPORT-GENERATION,1
+NAME+ADDRESS+PHONE+SSN+ACCT_NUM-PASSPORT,1
+PHONE+SSN+PASSPORT+LOGIN_ID-DRLIC,1
+ADDRESS+PHONE+SSN+DRLIC+ACCT_NUM-PASSPORT,1
+NAME+ADDRESS-DOB-GENDER-DRLIC-PASSPORT,1
+NAME+PHONE+LOGIN_ID (Ambiguous),1
+ADDRESS+PHONE-SSN-DRLIC,1
+PHONE+SSN+LOGIN_ID-PASSPORT,1
+PHONE+SSN+LOGIN_ID-DRLIC,1
+NAME+PHONE+PASSPORT+ACCT_NUM (Ambiguous),1
+ADDRESS+PHONE+PASSPORT-SSN,1
+LIKELY_NAME+PHONE+DRLIC+PASSPORT+LOGIN_ID,1
+ADDRESS+PHONE+PASSPORT-DRLIC,1
+SURNAME+LOGIN_ID-GENERATION-DOB,1
+SURNAME+LOGIN_ID-GENERATION-DOB-GENDER-SSN-PASSPORT,1
+SURNAME+LOGIN_ID-GENERATION-GENDER-PASSPORT,1
+SURNAME+LOGIN_ID-GENERATION-GENDER-SSN,1
+LIKELY_NAME+PHONE+DRLIC+PASSPORT+LOGIN_ID+ACCT_NUM,1
+SURNAME+LOGIN_ID-GENERATION-SSN-PASSPORT,1
+NAME+ADDRESS+PHONE+ACCT_NUM-PASSPORT,1
+PHONE+SSN+DRLIC-PASSPORT,1
+ADDRESS+PHONE+DRLIC-SSN,1
+NAME+ADDRESS+PHONE+SSN+ACCT_NUM-DOB-PASSPORT,1
+ADDRESS+PHONE+DRLIC-PASSPORT,1
+PASSPORT-GENERATION-SSN,1
+PHONE+SSN+DRLIC+LOGIN_ID+ACCT_NUM-DOB,1
+ADDRESS+PHONE+DRLIC+ACCT_NUM-PASSPORT,1
+SURNAME+PASSPORT-DRLIC,1
+ADDRESS+PHONE+DRLIC+ACCT_NUM-GENERATION,1
+NAME+ADDRESS+PHONE+SSN+ACCT_NUM (Ambiguous),1
+PHONE+SSN+DRLIC-GENERATION,1
+ADDRESS+PHONE-DOB-SSN,1
+SURNAME+PHONE+ACCT_NUM-SSN-DRLIC,1
+PHONE+SSN-DOB-PASSPORT,1
+PHONE+SSN+ACCT_NUM-DRLIC,1
+NAME+SSN+ACCT_NUM-PASSPORT,1
+SURNAME+PHONE-DOB-GENDER-DRLIC,1
+SURNAME+PHONE-DOB-GENDER-PASSPORT,1
+NAME+PHONE+PASSPORT+LOGIN_ID-DRLIC,1
+NAME+SSN (Ambiguous),1
+SURNAME+PHONE-DOB-GENDER-SSN-DRLIC-PASSPORT,1
+LIKELY_NAME+PHONE+SSN+DRLIC+PASSPORT+LOGIN_ID,1
+LIKELY_NAME+PHONE+SSN+DRLIC+PASSPORT+LOGIN_ID+ACCT_NUM,1
+PHONE+PASSPORT-DRLIC,1
+NAME+SSN-DOB-GENDER-PASSPORT,1
+PHONE+LOGIN_ID-SSN,1
+PHONE-GENERATION-SSN-PASSPORT,1
+ADDRESS+PHONE-DOB-DRLIC-PASSPORT,1
+PASSPORT+ACCT_NUM-GENERATION,1
+PHONE-GENERATION-SSN-DRLIC,1
+LIKELY_NAME+ADDRESS-SSN-DRLIC,1
+PHONE-GENERATION-PASSPORT,1
+PNAME+PHONE+PASSPORT (Ambiguous),1
+SURNAME+PHONE+DRLIC-PASSPORT,1
+PNAME+PHONE+PASSPORT+ACCT_NUM-GENERATION,1
+PNAME+PHONE+PASSPORT+ACCT_NUM-DRLIC,1
+PNAME+PHONE+LOGIN_ID-SSN-PASSPORT,1
+PNAME+PHONE+LOGIN_ID-PASSPORT,1
+ADDRESS+PASSPORT+ACCT_NUM-DRLIC,1
+PNAME+PHONE-SSN-DRLIC-PASSPORT,1
+PNAME+PHONE+SSN+DRLIC-PASSPORT,1
+PNAME+PHONE+LOGIN_ID+ACCT_NUM-DRLIC,1
+ADDRESS+LOGIN_ID-SSN,1
+PNAME+PHONE-GENDER-SSN-DRLIC-PASSPORT,1
+PHONE-GENERATION-GENDER-SSN-PASSPORT,1
+NAME+ADDRESS+PHONE+PASSPORT-SSN,1
+PNAME+PHONE-GENDER-DRLIC-PASSPORT,1
+PNAME+PHONE+SSN+PASSPORT-GENERATION,1
+PNAME+PHONE+SSN+PASSPORT+LOGIN_ID-DRLIC,1
+NAME+DRLIC+PASSPORT-DOB,1
+LIKELY_NAME+ADDRESS-SSN,1
+PNAME+PHONE-GENDER-DRLIC,1
+PNAME+SSN+ACCT_NUM (Ambiguous),1
+NAME+LOGIN_ID-DOB-GENDER-SSN-DRLIC,1
+NAME+ADDRESS+DRLIC+LOGIN_ID-SSN,1
+LIKELY_NAME+ADDRESS+PHONE+SSN,1
+NAME+LOGIN_ID-DOB-GENDER-SSN-DRLIC-PASSPORT,1
+PNAME+PHONE-DOB-SSN-DRLIC-PASSPORT,1
+NAME+SSN+LOGIN_ID+ACCT_NUM-DRLIC,1
+PNAME+PHONE-DOB-GENDER-DRLIC,1
+ACCT_NUM-GENDER,1
+SURNAME+PHONE-GENDER-DRLIC,1
+PNAME+PASSPORT-SSN,1
+PASSPORT+ACCT_NUM-GENDER-SSN,1
+PNAME+PASSPORT-GENERATION,1
+PNAME+LOGIN_ID-GENERATION-SSN-PASSPORT,1
+PNAME+SSN+DRLIC+LOGIN_ID,1
+PNAME+SSN+DRLIC+LOGIN_ID+ACCT_NUM,1
+PNAME+LOGIN_ID-GENERATION-PASSPORT,1
+PNAME+LOGIN_ID-GENERATION-GENDER-SSN-PASSPORT,1
+LIKELY_NAME+ADDRESS+PASSPORT+LOGIN_ID+ACCT_NUM,1
+PNAME+LOGIN_ID-GENERATION-GENDER-SSN,1
+PNAME+LOGIN_ID-GENERATION-DRLIC,1
+PNAME+LOGIN_ID-GENERATION-DOB-GENDER-DRLIC,1
+PNAME+SSN-GENERATION,1
+PNAME+LOGIN_ID-GENERATION-DOB-DRLIC,1
+PNAME+SSN+LOGIN_ID+ACCT_NUM,1
+PNAME+SSN+LOGIN_ID+ACCT_NUM-DRLIC,1
+PNAME+SSN+LOGIN_ID-DRLIC,1
+PNAME+LOGIN_ID-GENERATION-DOB,1
+PHONE-GENERATION-GENDER-DRLIC,1
+NAME+LOGIN_ID-GENERATION,1
+NAME+SSN+DRLIC+PASSPORT,1
+PNAME+SSN+PASSPORT+ACCT_NUM-GENERATION,1
+PNAME+SSN+PASSPORT-DRLIC,1
+SURNAME+PHONE-GENDER-SSN-DRLIC-PASSPORT,1
+PNAME+SSN+PASSPORT+LOGIN_ID-DRLIC,1
+NAME+DRLIC-DOB-GENDER-SSN,1
+NAME+DRLIC-DOB-GENDER,1
+NAME+LOGIN_ID-GENERATION-SSN-DRLIC,1
+NAME+ADDRESS+DRLIC (Ambiguous),1
+LIKELY_NAME+ADDRESS-GENDER-SSN,1
+LIKELY_NAME+DOB+ADDRESS+PASSPORT+LOGIN_ID,1
+PHONE-GENERATION-DOB-SSN-PASSPORT,1
+NAME+PASSPORT+ACCT_NUM-GENERATION,1
+NAME+PASSPORT+LOGIN_ID-DRLIC,1
+LIKELY_NAME+ADDRESS+DRLIC+LOGIN_ID+ACCT_NUM,1
+NAME+PASSPORT-SSN,1
+NAME+DRLIC+ACCT_NUM-DRLIC,1
+LIKELY_NAME+ADDRESS+ACCT_NUM-DRLIC,1
+LIKELY_NAME+ACCT_NUM-DOB,1
+LIKELY_NAME+DOB+ADDRESS+SSN+DRLIC+PASSPORT,1
+SSN+DRLIC+ACCT_NUM-GENERATION,1
+SSN+DRLIC-DOB,1
+ADDRESS+LOGIN_ID-DOB-SSN,1
+NAME+PHONE+ACCT_NUM (Ambiguous),1
+NAME+ADDRESS-DRLIC-PASSPORT,1
+SSN+DRLIC+LOGIN_ID-GENERATION,1
+PNAME+LOGIN_ID+ACCT_NUM-DRLIC,1
