+LOGIN_ID-SSN,1106541
+LOGIN_ID,1027859
+NAME,904219
+LOGIN_ID-GENDER-SSN,581458
+LOGIN_ID-GENDER,512316
+LOGIN_ID-DOB-SSN,482119
+LOGIN_ID-DOB,387568
+ADDRESS-SSN,354847
+ADDRESS,337504
+LOGIN_ID-SSN-PASSPORT,280998
+LOGIN_ID-DOB-GENDER-SSN,274652
+LOGIN_ID-PASSPORT,226279
+LOGIN_ID-DOB-GENDER,202671
+ADDRESS-GENDER-SSN,188711
+ADDRESS-GENDER,164448
+ADDRESS-DOB-SSN,161082
+LOGIN_ID-GENDER-SSN-PASSPORT,159841
+LOGIN_ID-DOB-SSN-PASSPORT,156821
+ADDRESS-DOB,126119
+LOGIN_ID-SSN-DRLIC,120709
+LOGIN_ID-GENDER-PASSPORT,117710
+LOGIN_ID-DRLIC,102522
+LOGIN_ID-DOB-GENDER-SSN-PASSPORT,101675
+LOGIN_ID-DOB-PASSPORT,97223
+ADDRESS-DOB-GENDER-SSN,93455
+ADDRESS-SSN-PASSPORT,93174
+DRLIC-SSN,79419
+DRLIC,76871
+ADDRESS-PASSPORT,72513
+ADDRESS-DOB-GENDER,66596
+LOGIN_ID-GENDER-SSN-DRLIC,66196
+LOGIN_ID-DOB-SSN-DRLIC,59990
+SSN,59366
+ADDRESS-DOB-SSN-PASSPORT,56249
+LOGIN_ID-DOB-GENDER-PASSPORT,54062
+ADDRESS-GENDER-SSN-PASSPORT,54039
+LOGIN_ID-GENDER-DRLIC,52094
+PNAME+ADDRESS+PHONE,44802
+NAME+DOB-SSN,44594
+NAME+DOB,43516
+DRLIC-GENDER-SSN,42524
+LOGIN_ID-DOB-DRLIC,41649
+ADDRESS-SSN-DRLIC,39174
+ADDRESS-GENDER-PASSPORT,38680
+ADDRESS-DOB-GENDER-SSN-PASSPORT,37150
+LOGIN_ID-DOB-GENDER-SSN-DRLIC,36814
+DRLIC-GENDER,36728
+DRLIC-DOB-SSN,35850
+LOGIN_ID-SSN-DRLIC-PASSPORT,35133
+ADDRESS-DOB-PASSPORT,32628
+ADDRESS-DRLIC,32511
+PNAME+PHONE,31647
+DRLIC-DOB,28502
+ADDRESS+PHONE+SSN,26860
+ADDRESS+PHONE,24653
+LOGIN_ID-DRLIC-PASSPORT,24366
+SSN-GENDER,24303
+LOGIN_ID-DOB-SSN-DRLIC-PASSPORT,24094
+PHONE,23197
+PHONE+SSN,23144
+LOGIN_ID-DOB-GENDER-DRLIC,22616
+ADDRESS-GENDER-SSN-DRLIC,21940
+PNAME+ADDRESS,21525
+DRLIC-DOB-GENDER-SSN,21364
+LOGIN_ID-GENDER-SSN-DRLIC-PASSPORT,21221
+DRLIC-SSN-PASSPORT,21085
+ADDRESS-DOB-SSN-DRLIC,20640
+SSN-DOB,19468
+ADDRESS-DOB-GENDER-PASSPORT,18513
+ADDRESS-GENDER-DRLIC,17138
+LOGIN_ID-DOB-GENDER-SSN-DRLIC-PASSPORT,16818
+DRLIC-PASSPORT,16260
+DRLIC-DOB-GENDER,14972
+ADDRESS+SSN,14499
+ADDRESS-DOB-DRLIC,13801
+ADDRESS-DOB-GENDER-SSN-DRLIC,13308
+PNAME+ACCT_NUM,13303
+LOGIN_ID-GENDER-DRLIC-PASSPORT,13231
+DRLIC-DOB-SSN-PASSPORT,12668
+NAME+DOB-SSN-PASSPORT,12510
+DRLIC-GENDER-SSN-PASSPORT,12277
+ADDRESS+PHONE+SSN+ACCT_NUM,12232
+ADDRESS+PHONE+ACCT_NUM,12187
+ADDRESS-SSN-DRLIC-PASSPORT,11924
+PHONE+ACCT_NUM,11922
+PNAME+DOB+PHONE,11814
+LOGIN_ID-DOB-DRLIC-PASSPORT,11686
+SSN-PASSPORT,11529
-SSN,11180
+PHONE+SSN+ACCT_NUM,11138
+NAME+DOB-GENDER-SSN,11079
+NAME+DOB-GENDER,10973
+SSN-DOB-GENDER,10936
+NAME+DOB-PASSPORT,9190
+ADDRESS-DOB-SSN-DRLIC-PASSPORT,9039
+SURNAME+ADDRESS+PHONE+SSN,8846
+DOB+ADDRESS+PHONE,8774
+DRLIC-GENDER-PASSPORT,8676
+PNAME+DRLIC,8449
+DRLIC-DOB-GENDER-SSN-PASSPORT,8434
+ADDRESS+PHONE+SSN+DRLIC,8189
+NAME+DRLIC,8153
+ADDRESS+PHONE+DRLIC,8083
+ADDRESS-DRLIC-PASSPORT,8069
+SURNAME+ADDRESS+PHONE,7872
+SURNAME+PHONE+SSN,7764
+ACCT_NUM,7738
+ADDRESS-GENDER-SSN-DRLIC-PASSPORT,7728
+ADDRESS-DOB-GENDER-DRLIC,7637
+PNAME+LOGIN_ID,7564
+PNAME+DOB+ADDRESS,7489
+PHONE+DRLIC,7489
+PHONE+SSN+DRLIC,7388
+DRLIC-DOB-PASSPORT,7344
+ADDRESS+ACCT_NUM,7313
+LOGIN_ID-DOB-GENDER-DRLIC-PASSPORT,7140
-GENDER-SSN,6988
-DOB-SSN,6954
+SSN+ACCT_NUM,6749
+ADDRESS+SSN+ACCT_NUM,6695
+ADDRESS-DOB-GENDER-SSN-DRLIC-PASSPORT,6423
+SSN-GENDER-PASSPORT,6383
,6262
+DOB+PHONE+SSN,6214
+PHONE-SSN,6198
+ADDRESS+PHONE+SSN+PASSPORT,6146
+SURNAME+PHONE,6128
+DOB+PHONE,6114
+PNAME+PHONE+DRLIC,6022
+SSN-DOB-PASSPORT,6011
+PNAME+ADDRESS+PHONE+DRLIC,5874
+DOB+ADDRESS+PHONE+SSN,5845
+ADDRESS+PHONE+PASSPORT,5682
+DOB+SSN,5397
+PHONE+SSN+PASSPORT,5366
+PNAME+LOGIN_ID-SSN,5235
+PHONE+PASSPORT,5051
+PNAME+DOB+ADDRESS+PHONE,5037
+SSN-DRLIC,4975
+NAME+DOB-SSN-DRLIC,4972
+PNAME+PASSPORT,4863
+DOB+ADDRESS+PHONE+ACCT_NUM,4739
+ADDRESS+DRLIC,4661
+SURNAME+ADDRESS+SSN,4569
+ADDRESS-GENDER-DRLIC-PASSPORT,4450
-DOB-GENDER-SSN,4360
+ADDRESS+SSN+DRLIC,4349
+SSN+DRLIC,4342
+DOB+PHONE+ACCT_NUM,4334
-SSN-PASSPORT,4220
+DRLIC-DOB-GENDER-PASSPORT,4176
+SURNAME+SSN,4142
+SURNAME+ADDRESS+PHONE+SSN+ACCT_NUM,4128
+ADDRESS-DOB-DRLIC-PASSPORT,4116
+DOB+ADDRESS+SSN,4106
+SURNAME+ADDRESS,4104
+NAME+DOB-DRLIC,4080
+DOB+ADDRESS,4069
+SURNAME+ADDRESS+PHONE+ACCT_NUM,4065
-GENDER,3988
+ADDRESS+PHONE+SSN+DRLIC+ACCT_NUM,3967
-DOB,3951
+PNAME+ADDRESS+DRLIC,3789
+SSN-DOB-GENDER-PASSPORT,3667
+SURNAME+PHONE+SSN+ACCT_NUM,3561
+SURNAME+PHONE+ACCT_NUM,3543
+PNAME+DRLIC+ACCT_NUM,3409
+ADDRESS+PHONE+DRLIC+ACCT_NUM,3370
+ADDRESS+SSN+PASSPORT,3274
+DOB+ADDRESS+PHONE+DRLIC,3232
+ADDRESS+PASSPORT,3209
+PHONE-GENDER-SSN,3205
+PHONE+DRLIC+ACCT_NUM,3173
+SURNAME+DOB+ADDRESS+PHONE,3120
+PHONE+SSN+DRLIC+ACCT_NUM,3049
+SSN+PASSPORT,2969
+ADDRESS+PHONE+SSN+PASSPORT+ACCT_NUM,2967
+PHONE-GENDER,2853
+SURNAME+ADDRESS+PHONE+SSN+DRLIC,2851
+DOB+ADDRESS+PHONE+SSN+ACCT_NUM,2841
+NAME+PASSPORT,2814
+PHONE-DOB-SSN,2807
+PASSPORT,2775
+DOB+PHONE+DRLIC,2773
+NAME+DOB-GENDER-SSN-PASSPORT,2756
+DOB+PHONE+SSN+ACCT_NUM,2755
+ADDRESS+PHONE+LOGIN_ID,2726
+PHONE+LOGIN_ID,2719
-GENDER-SSN-PASSPORT,2719
-DOB-SSN-PASSPORT,2714
+ADDRESS+PHONE+SSN+LOGIN_ID,2681
+SSN-GENDER-DRLIC,2651
+SURNAME+ADDRESS+PHONE+DRLIC,2642
+PNAME+LOGIN_ID-DOB-SSN,2634
+DOB+ACCT_NUM,2626
+ADDRESS+PHONE+PASSPORT+ACCT_NUM,2622
+DOB+ADDRESS+ACCT_NUM,2570
+PNAME+PASSPORT+ACCT_NUM,2548
+ADDRESS-DOB-GENDER-DRLIC-PASSPORT,2535
-DOB-GENDER,2460
+SURNAME+PHONE+DRLIC,2422
+PHONE+SSN+LOGIN_ID,2404
+SSN-DOB-DRLIC,2380
+SURNAME+PHONE+SSN+DRLIC,2362
+PNAME+SSN,2356
+SURNAME+ACCT_NUM,2355
+PHONE+PASSPORT+ACCT_NUM,2351
+DOB+SSN+ACCT_NUM,2346
+NAME+DOB-GENDER-PASSPORT,2340
+PHONE+SSN+PASSPORT+ACCT_NUM,2324
+PNAME+PHONE+PASSPORT,2311
-PASSPORT,2310
+SURNAME+ADDRESS+ACCT_NUM,2246
+DOB+ADDRESS+PHONE+PASSPORT,2240
+SURNAME+DOB+PHONE,2190
+PHONE-DOB,2158
+SURNAME+ADDRESS+SSN+ACCT_NUM,2133
+SURNAME+ADDRESS+PHONE+SSN+PASSPORT,2109
+SURNAME+SSN+ACCT_NUM,2093
+ADDRESS+PHONE+SSN+DRLIC+PASSPORT,2056
+SURNAME+DOB+ADDRESS+PHONE+SSN,1993
+SURNAME+DOB+PHONE+SSN,1987
+SURNAME+ADDRESS+PHONE+PASSPORT,1929
+ADDRESS+SSN+DRLIC+ACCT_NUM,1928
+DRLIC+ACCT_NUM,1906
+PNAME+LOGIN_ID-DOB,1826
+ADDRESS+DRLIC+ACCT_NUM,1823
+DOB+PHONE+PASSPORT,1815
+DOB+ADDRESS+SSN+ACCT_NUM,1801
-DOB-GENDER-SSN-PASSPORT,1796
+SURNAME+PHONE+SSN+PASSPORT,1777
+ADDRESS+PHONE+DRLIC+PASSPORT,1746
+PNAME+DRLIC+PASSPORT,1724
+PNAME+ADDRESS-SSN,1722
+DOB+ADDRESS+DRLIC,1719
+NAME+DOB-SSN-DRLIC-PASSPORT,1682
+SURNAME+DOB+ADDRESS+PHONE+ACCT_NUM,1681
+SSN+DRLIC+ACCT_NUM,1662
+SURNAME+DOB+SSN,1658
-SSN-DRLIC,1658
+DOB+DRLIC,1650
+SURNAME+PHONE+PASSPORT,1606
+DOB+SSN+DRLIC,1605
+PHONE+DRLIC+PASSPORT,1591
+PHONE-SSN-PASSPORT,1578
+ADDRESS+LOGIN_ID,1575
+DOB+PHONE+SSN+DRLIC,1555
+SURNAME+LOGIN_ID,1549
+PHONE-DOB-GENDER-SSN,1541
+PNAME+ADDRESS+PASSPORT,1534
+DOB+ADDRESS+PHONE+DRLIC+ACCT_NUM,1513
+SURNAME+DRLIC,1507
+SSN+LOGIN_ID,1504
+PNAME+LOGIN_ID-SSN-PASSPORT,1498
+ADDRESS+SSN+LOGIN_ID,1479
+PHONE+SSN+DRLIC+PASSPORT,1469
+SURNAME+ADDRESS+DRLIC,1457
-DOB-PASSPORT,1445
+SURNAME+ADDRESS+PHONE+SSN+DRLIC+ACCT_NUM,1440
+PASSPORT+ACCT_NUM,1432
+SURNAME+SSN+DRLIC,1431
+SURNAME+DOB+ADDRESS,1423
+SURNAME+DOB+PHONE+ACCT_NUM,1413
+SURNAME+ADDRESS+SSN+DRLIC,1410
-GENDER-PASSPORT,1398
+SURNAME+DOB+ADDRESS+SSN,1384
+ADDRESS+PASSPORT+ACCT_NUM,1377
+SSN-DRLIC-PASSPORT,1373
+SSN-DOB-GENDER-DRLIC,1370
+ADDRESS+SSN+PASSPORT+ACCT_NUM,1361
+PHONE-PASSPORT,1348
+DOB+ADDRESS+PHONE+SSN+DRLIC,1308
+SSN+PASSPORT+ACCT_NUM,1283
+NAME+DOB-GENDER-SSN-DRLIC,1218
+PNAME+DOB+DRLIC,1206
+SURNAME+ADDRESS+PHONE+DRLIC+ACCT_NUM,1200
+DOB+PHONE+DRLIC+ACCT_NUM,1193
+PHONE-DOB-GENDER,1190
+DOB+ADDRESS+PHONE+PASSPORT+ACCT_NUM,1166
+ADDRESS+PHONE+SSN+LOGIN_ID+ACCT_NUM,1166
+PNAME+SSN+DRLIC,1163
+SURNAME+ADDRESS+PHONE+SSN+PASSPORT+ACCT_NUM,1158
+ADDRESS+PHONE+LOGIN_ID+ACCT_NUM,1154
+PNAME+LOGIN_ID+ACCT_NUM,1151
+DOB+ADDRESS+PASSPORT,1129
+DOB+SSN+PASSPORT,1124
+NAME+DOB-GENDER-DRLIC,1122
+SURNAME+LOGIN_ID-SSN,1098
+SURNAME+DOB+ADDRESS+PHONE+DRLIC,1094
+PNAME+LOGIN_ID-PASSPORT,1085
+DOB+ADDRESS+SSN+DRLIC,1085
+SURNAME+ADDRESS+SSN+PASSPORT,1084
+ADDRESS+PHONE+SSN+DRLIC+PASSPORT+ACCT_NUM,1083
+DOB+PHONE+SSN+PASSPORT,1072
-GENDER-SSN-DRLIC,1069
-DOB-SSN-DRLIC,1050
+SURNAME+PHONE+SSN+DRLIC+ACCT_NUM,1043
+PHONE+LOGIN_ID+ACCT_NUM,1037
+PNAME+ADDRESS+PHONE+PASSPORT,1026
+DOB+ADDRESS+PHONE+LOGIN_ID,1021
+NAME+DOB-DRLIC-PASSPORT,999
+SURNAME+ADDRESS+PASSPORT,994
+SURNAME+ADDRESS+PHONE+PASSPORT+ACCT_NUM,987
+PHONE+SSN+LOGIN_ID+ACCT_NUM,980
+DOB+PHONE+LOGIN_ID,972
+PNAME+LOGIN_ID-DOB-SSN-PASSPORT,965
+LOGIN_ID-GENERATION-SSN,964
+ADDRESS+SSN+DRLIC+PASSPORT,964
+SURNAME+PHONE+DRLIC+ACCT_NUM,952
+PHONE-DOB-SSN-PASSPORT,952
+DOB+PHONE+PASSPORT+ACCT_NUM,948
+DRLIC+PASSPORT,943
+ADDRESS+DRLIC+PASSPORT,940
+SURNAME+DOB+ADDRESS+PHONE+SSN+ACCT_NUM,938
-DOB-GENDER-PASSPORT,933
+SURNAME+SSN+PASSPORT,933
+SSN+DRLIC+PASSPORT,921
-DRLIC,906
+DOB+PASSPORT,900
+DOB+ADDRESS+PHONE+SSN+PASSPORT,887
+PHONE-GENDER-SSN-PASSPORT,887
+SURNAME+DOB+PHONE+SSN+ACCT_NUM,886
+SURNAME+DOB+ADDRESS+ACCT_NUM,870
+SURNAME+ADDRESS+PHONE+SSN+LOGIN_ID,859
+SURNAME+DOB+PHONE+DRLIC,858
+ADDRESS+PHONE+DRLIC+PASSPORT+ACCT_NUM,858
+SURNAME+PASSPORT,853
+SURNAME+ADDRESS+PHONE+LOGIN_ID,852
+SSN-DOB-DRLIC-PASSPORT,848
+PNAME+ADDRESS-DOB-SSN,847
+ADDRESS+PHONE+SSN+DRLIC+LOGIN_ID,834
+SURNAME+PHONE+LOGIN_ID,830
+SURNAME+PHONE+SSN+LOGIN_ID,830
+DOB+ADDRESS+SSN+PASSPORT,808
+SURNAME+DOB+ACCT_NUM,802
+SURNAME+PHONE+SSN+PASSPORT+ACCT_NUM,799
+DOB+ADDRESS+PHONE+DRLIC+PASSPORT,798
+SURNAME+DOB+ADDRESS+PHONE+PASSPORT,794
+SURNAME+PHONE+PASSPORT+ACCT_NUM,791
+SSN-GENDER-DRLIC-PASSPORT,787
+DOB+LOGIN_ID,782
+SURNAME+ADDRESS+PHONE+SSN+DRLIC+PASSPORT,747
+ADDRESS+PHONE+DRLIC+LOGIN_ID,743
+PNAME+DRLIC+PASSPORT+ACCT_NUM,742
+DOB+ADDRESS+DRLIC+ACCT_NUM,737
+PHONE+SSN+DRLIC+PASSPORT+ACCT_NUM,736
+PNAME+DRLIC+LOGIN_ID,730
+SURNAME+DOB+SSN+ACCT_NUM,699
+LOGIN_ID-GENERATION,695
+PHONE+SSN+DRLIC+LOGIN_ID,691
+SURNAME+DOB+ADDRESS+SSN+ACCT_NUM,690
+PHONE-SSN-DRLIC,687
+PHONE+DRLIC+LOGIN_ID,685
+DOB+ADDRESS+PHONE+SSN+DRLIC+ACCT_NUM,682
-DOB-GENDER-SSN-DRLIC,680
+DOB+PHONE+SSN+DRLIC+ACCT_NUM,679
+PNAME+PHONE+SSN (Ambiguous),673
+DOB+SSN+DRLIC+ACCT_NUM,659
+ADDRESS+LOGIN_ID+ACCT_NUM,658
+PHONE-GENDER-PASSPORT,652
+NAME+DRLIC+PASSPORT,641
+DOB+DRLIC+ACCT_NUM,641
+ADDRESS+PHONE+SSN+PASSPORT+LOGIN_ID,637
+ADDRESS+SSN+LOGIN_ID+ACCT_NUM,636
+SURNAME+ADDRESS+SSN+DRLIC+ACCT_NUM,629
+PNAME+LOGIN_ID-SSN-DRLIC,629
+SURNAME+ADDRESS+PHONE+DRLIC+PASSPORT,628
+PHONE+DRLIC+PASSPORT+ACCT_NUM,624
+DOB+ADDRESS+LOGIN_ID,621
-SSN-DRLIC-PASSPORT,618
+PHONE-DOB-GENDER-SSN-PASSPORT,615
+PNAME+ADDRESS-DOB,610
+DOB+PHONE+DRLIC+PASSPORT,609
+LOGIN_ID+ACCT_NUM,599
+DOB+PHONE+SSN+LOGIN_ID,595
+PNAME+ADDRESS+PHONE+SSN (Ambiguous),590
-DOB-DRLIC,586
+PNAME+PASSPORT+LOGIN_ID,586
+SURNAME+ADDRESS+DRLIC+ACCT_NUM,583
+SURNAME+DOB+ADDRESS+DRLIC,580
+SSN-DOB-GENDER-DRLIC-PASSPORT,579
+SURNAME+DRLIC+ACCT_NUM,575
+DOB+ADDRESS+PHONE+SSN+LOGIN_ID,570
+ADDRESS+PHONE+PASSPORT+LOGIN_ID,568
+LOGIN_ID-GENERATION-GENDER-SSN,566
+SURNAME+DOB+ADDRESS+PHONE+DRLIC+ACCT_NUM,562
+DOB+ADDRESS+PASSPORT+ACCT_NUM,555
+SURNAME+DOB+DRLIC,554
+SSN+LOGIN_ID+ACCT_NUM,550
+SURNAME+DOB+PHONE+PASSPORT,549
+PHONE-DRLIC,547
+LOGIN_ID-GENERATION-DOB-SSN,545
-GENDER-DRLIC,544
+DOB+ADDRESS+SSN+DRLIC+ACCT_NUM,543
+PHONE-DOB-PASSPORT,535
+PHONE+PASSPORT+LOGIN_ID,534
+SURNAME+DOB+ADDRESS+PHONE+SSN+DRLIC,532
+SURNAME+LOGIN_ID-GENDER-SSN,531
+PHONE+SSN+PASSPORT+LOGIN_ID,530
+SURNAME+PHONE+SSN+DRLIC+PASSPORT,520
+PNAME+LOGIN_ID-GENDER-SSN,519
+SURNAME+SSN+DRLIC+ACCT_NUM,517
+DOB+PHONE+SSN+PASSPORT+ACCT_NUM,516
+DOB+PASSPORT+ACCT_NUM,513
+DOB+SSN+LOGIN_ID,505
+SURNAME+ADDRESS+PHONE+SSN+DRLIC+PASSPORT+ACCT_NUM,504
+PNAME+ADDRESS-SSN-PASSPORT,501
+SURNAME+DOB+PHONE+SSN+DRLIC,499
+SURNAME+ADDRESS+LOGIN_ID,498
+DOB+SSN+PASSPORT+ACCT_NUM,497
+SURNAME+ADDRESS+SSN+PASSPORT+ACCT_NUM,496
+SURNAME+SSN+LOGIN_ID,495
+SURNAME+LOGIN_ID-GENDER,490
+PNAME+PHONE+DRLIC+PASSPORT,478
+SURNAME+DOB+SSN+DRLIC,472
+PNAME+LOGIN_ID-DOB-PASSPORT,469
+DOB+ADDRESS+PHONE+SSN+PASSPORT+ACCT_NUM,469
+SURNAME+ADDRESS+SSN+LOGIN_ID,468
+ADDRESS+SSN+DRLIC+PASSPORT+ACCT_NUM,466
+SURNAME+ADDRESS+PASSPORT+ACCT_NUM,466
+SURNAME+LOGIN_ID-DOB-SSN,463
+PNAME+LOGIN_ID-DRLIC,462
+SURNAME+PHONE+DRLIC+PASSPORT,462
+SURNAME+ADDRESS+PHONE+SSN+LOGIN_ID+ACCT_NUM,451
+ADDRESS+DRLIC+LOGIN_ID,450
+ADDRESS+SSN+DRLIC+LOGIN_ID,447
+DOB+ADDRESS+PHONE+LOGIN_ID+ACCT_NUM,443
+SURNAME+DOB+ADDRESS+PHONE+PASSPORT+ACCT_NUM,440
-DOB-SSN-DRLIC-PASSPORT,438
+DRLIC+LOGIN_ID,433
+PNAME+LOGIN_ID-GENDER,426
+SURNAME+PASSPORT+ACCT_NUM,426
-GENDER-SSN-DRLIC-PASSPORT,423
+PNAME+SSN (Ambiguous),423
+SURNAME+SSN+PASSPORT+ACCT_NUM,422
+PNAME+ADDRESS+SSN (Ambiguous),419
+LOGIN_ID-GENERATION-GENDER,415
+DOB+PHONE+LOGIN_ID+ACCT_NUM,415
+SURNAME+ADDRESS+PHONE+LOGIN_ID+ACCT_NUM,413
+SURNAME+DOB+PHONE+DRLIC+ACCT_NUM,412
+ADDRESS+PHONE+SSN+DRLIC+LOGIN_ID+ACCT_NUM,411
+DOB+ADDRESS+SSN+LOGIN_ID,405
+ADDRESS+DRLIC+PASSPORT+ACCT_NUM,394
+SSN+DRLIC+LOGIN_ID,391
+DOB+ADDRESS+SSN+PASSPORT+ACCT_NUM,389
+PHONE-GENDER-SSN-DRLIC,388
+PNAME+DRLIC-SSN,387
+DOB+ADDRESS+PHONE+DRLIC+PASSPORT+ACCT_NUM,382
+SSN+DRLIC+PASSPORT+ACCT_NUM,381
+SURNAME+DOB+ADDRESS+PASSPORT,379
+PNAME+ADDRESS-DOB-SSN-PASSPORT,374
+SURNAME+DOB+PHONE+SSN+PASSPORT,372
+DOB+ADDRESS+DRLIC+PASSPORT,367
+NAME+PHONE+SSN (Ambiguous),366
+SURNAME+DOB+ADDRESS+SSN+DRLIC,364
+LOGIN_ID-GENERATION-DOB,364
+SURNAME+DOB+ADDRESS+PHONE+LOGIN_ID,364
+DRLIC+PASSPORT+ACCT_NUM,360
+SURNAME+ADDRESS+SSN+DRLIC+PASSPORT,359
+PNAME+PHONE+SSN+ACCT_NUM (Ambiguous),359
+SURNAME+PHONE+SSN+LOGIN_ID+ACCT_NUM,358
+SURNAME+DOB+SSN+PASSPORT,356
+ADDRESS-GENERATION-SSN,356
+LOGIN_ID-GENERATION-SSN-PASSPORT,355
+SURNAME+PHONE+LOGIN_ID+ACCT_NUM,354
+PHONE-DOB-SSN-DRLIC,353
+ADDRESS+PHONE+DRLIC+LOGIN_ID+ACCT_NUM,348
+DOB+SSN+DRLIC+PASSPORT,347
+NAME+DOB-GENDER-SSN-DRLIC-PASSPORT,342
-DOB-GENDER-DRLIC,341
+PNAME+ADDRESS-PASSPORT,341
+ADDRESS+SSN+PASSPORT+LOGIN_ID,340
+SURNAME+LOGIN_ID-DOB,339
+SURNAME+ADDRESS-SSN,339
+SURNAME+DOB+PHONE+PASSPORT+ACCT_NUM,335
+ADDRESS+PHONE+SSN+PASSPORT+LOGIN_ID+ACCT_NUM,335
+PNAME+ADDRESS+PHONE+SSN+ACCT_NUM (Ambiguous),335
+LOGIN_ID-GENERATION-DOB-GENDER-SSN,335
+NAME+ADDRESS+PHONE+SSN (Ambiguous),335
-DRLIC-PASSPORT,333
+DOB+PHONE+SSN+DRLIC+PASSPORT,331
+PHONE-DOB-GENDER-PASSPORT,331
+DOB+ADDRESS+PHONE+DRLIC+LOGIN_ID,328
+SURNAME+ADDRESS+PHONE+DRLIC+PASSPORT+ACCT_NUM,327
+DOB+DRLIC+PASSPORT,324
+PNAME+LOGIN_ID-DOB-SSN-DRLIC,323
+ADDRESS+PASSPORT+LOGIN_ID,322
+PASSPORT+LOGIN_ID,319
+SURNAME+DOB+ADDRESS+PHONE+SSN+PASSPORT,319
+SURNAME+DRLIC+PASSPORT,318
+SURNAME+DOB+PHONE+LOGIN_ID,312
+SURNAME+DOB+ADDRESS+PHONE+DRLIC+PASSPORT,310
+LIKELY_NAME+ADDRESS+PHONE,306
+SURNAME+DOB+PASSPORT,306
+SURNAME+ADDRESS+PHONE+SSN+DRLIC+LOGIN_ID,305
+PNAME+ADDRESS+DRLIC+PASSPORT,304
+LIKELY_NAME+PHONE+SSN,303
+PHONE+SSN+DRLIC+LOGIN_ID+ACCT_NUM,300
+DOB+ADDRESS+PHONE+SSN+LOGIN_ID+ACCT_NUM,299
+SURNAME+SSN+DRLIC+PASSPORT,294
+SURNAME+ADDRESS+DRLIC+PASSPORT,289
+PNAME+DRLIC+LOGIN_ID+ACCT_NUM,287
+DOB+PHONE+SSN+LOGIN_ID+ACCT_NUM,279
+PHONE+DRLIC+LOGIN_ID+ACCT_NUM,277
+DOB+ADDRESS+PHONE+PASSPORT+LOGIN_ID,277
+DOB+PHONE+DRLIC+PASSPORT+ACCT_NUM,277
+SSN+PASSPORT+LOGIN_ID,277
+SURNAME+DOB+ADDRESS+PHONE+SSN+DRLIC+ACCT_NUM,272
+PNAME+PHONE+ACCT_NUM (Ambiguous),272
+DOB+ADDRESS+PHONE+SSN+DRLIC+PASSPORT,270
+SURNAME+LOGIN_ID-DOB-GENDER-SSN,270
+PHONE-GENDER-DRLIC,269
+DOB+LOGIN_ID-SSN,264
+SURNAME+PHONE+SSN+DRLIC+PASSPORT+ACCT_NUM,263
+ADDRESS+PHONE+PASSPORT+LOGIN_ID+ACCT_NUM,260
+ADDRESS-GENERATION,260
+LOGIN_ID-GENERATION-DOB-SSN-PASSPORT,259
+SURNAME+DOB+ADDRESS+SSN+PASSPORT,257
+NAME+ADDRESS+PHONE+SSN+ACCT_NUM (Ambiguous),254
+PHONE-DOB-DRLIC,253
+DOB+ADDRESS+SSN+DRLIC+PASSPORT,252
+SURNAME+LOGIN_ID-SSN-PASSPORT,250
+PNAME+SSN+ACCT_NUM (Ambiguous),250
+DOB+ADDRESS+LOGIN_ID+ACCT_NUM,250
+SURNAME+DOB+ADDRESS+DRLIC+ACCT_NUM,249
+SURNAME+DOB+PHONE+SSN+DRLIC+ACCT_NUM,248
+SURNAME+DOB+PHONE+SSN+LOGIN_ID,246
+SURNAME+PHONE+DRLIC+PASSPORT+ACCT_NUM,244
+NAME+DOB-GENDER-DRLIC-PASSPORT,244
+PHONE+PASSPORT+LOGIN_ID+ACCT_NUM,243
-DOB-GENDER-SSN-DRLIC-PASSPORT,243
+NAME+ADDRESS+SSN (Ambiguous),242
+ADDRESS+PHONE+SSN+DRLIC+PASSPORT+LOGIN_ID,241
+SURNAME+ADDRESS+PHONE+DRLIC+LOGIN_ID,239
+NAME+PHONE+SSN+ACCT_NUM (Ambiguous),238
+PNAME+ADDRESS+PHONE+ACCT_NUM (Ambiguous),235
+PNAME+LOGIN_ID-DOB-GENDER-SSN,234
+DOB+PHONE+DRLIC+LOGIN_ID,232
+PNAME+PASSPORT+LOGIN_ID+ACCT_NUM,231
+PHONE+SSN+PASSPORT+LOGIN_ID+ACCT_NUM,226
+SURNAME+DOB+SSN+DRLIC+ACCT_NUM,226
+NAME+ADDRESS+PHONE (Ambiguous),226
-GENDER-DRLIC-PASSPORT,225
+DOB+LOGIN_ID+ACCT_NUM,225
+PHONE-DOB-GENDER-SSN-DRLIC,225
+PNAME+DOB+PASSPORT,218
+LOGIN_ID-GENERATION-GENDER-SSN-PASSPORT,217
+SURNAME+ADDRESS-GENDER-SSN,216
+PNAME+ADDRESS+SSN+ACCT_NUM (Ambiguous),214
+SURNAME+PHONE+SSN+DRLIC+LOGIN_ID,213
+ADDRESS-GENERATION-GENDER-SSN,213
+SURNAME+DOB+ADDRESS+PHONE+SSN+LOGIN_ID,210
+LOGIN_ID-GENERATION-PASSPORT,208
+PNAME+LOGIN_ID-DOB-DRLIC,207
+SURNAME+LOGIN_ID-DOB-GENDER,205
+SURNAME+DOB+ADDRESS+SSN+DRLIC+ACCT_NUM,205
+PNAME+ADDRESS-SSN-DRLIC,205
+PNAME+ADDRESS+PHONE+DRLIC+PASSPORT,203
+LIKELY_NAME+PHONE,199
+PNAME+DRLIC-DOB-SSN,199
+SURNAME+ADDRESS+PHONE+PASSPORT+LOGIN_ID,198
+SURNAME+ADDRESS+LOGIN_ID+ACCT_NUM,197
+SURNAME+DOB+LOGIN_ID,197
+DOB+SSN+LOGIN_ID+ACCT_NUM,197
+PHONE-SSN-DRLIC-PASSPORT,197
+SURNAME+LOGIN_ID+ACCT_NUM,197
+SURNAME+PHONE+DRLIC+LOGIN_ID,196
+SURNAME+DOB+ADDRESS+PHONE+SSN+PASSPORT+ACCT_NUM,194
+ADDRESS-GENERATION-DOB-SSN,193
+PNAME+LOGIN_ID-SSN-DRLIC-PASSPORT,193
-DOB-DRLIC-PASSPORT,193
+SURNAME+DOB+ADDRESS+LOGIN_ID,193
+SURNAME+ADDRESS+PHONE+SSN+PASSPORT+LOGIN_ID,192
+LIKELY_NAME+ADDRESS+SSN,191
+PNAME+DRLIC+PASSPORT+LOGIN_ID,191
+DOB+ADDRESS+PHONE+DRLIC+LOGIN_ID+ACCT_NUM,190
+SURNAME+ADDRESS+SSN+LOGIN_ID+ACCT_NUM,190
+DOB+PHONE+PASSPORT+LOGIN_ID,188
+LOGIN_ID-GENERATION-DOB-GENDER,187
+DRLIC+LOGIN_ID+ACCT_NUM,186
+LOGIN_ID-GENERATION-DOB-GENDER-SSN-PASSPORT,185
+SURNAME+DOB+DRLIC+ACCT_NUM,185
+PNAME+LOGIN_ID-DOB-SSN-DRLIC-PASSPORT,183
+SURNAME+LOGIN_ID-PASSPORT,181
+SURNAME+DOB+PHONE+DRLIC+PASSPORT,181
+ADDRESS+PHONE+DRLIC+PASSPORT+LOGIN_ID,181
+SURNAME+SSN+LOGIN_ID+ACCT_NUM,180
+SURNAME+PHONE+PASSPORT+LOGIN_ID,180
+PNAME+ADDRESS-GENDER,179
+NAME+SSN (Ambiguous),179
+PNAME+SSN+PASSPORT,179
+SURNAME+DOB+ADDRESS+PASSPORT+ACCT_NUM,178
+ADDRESS+SSN+DRLIC+LOGIN_ID+ACCT_NUM,177
+DOB+ADDRESS+DRLIC+PASSPORT+ACCT_NUM,175
+SURNAME+DOB+PHONE+SSN+PASSPORT+ACCT_NUM,174
+SURNAME+ADDRESS+PHONE+SSN+DRLIC+LOGIN_ID+ACCT_NUM,173
+DOB+SSN+DRLIC+PASSPORT+ACCT_NUM,173
+SURNAME+PHONE+SSN+PASSPORT+LOGIN_ID,171
+PNAME+PHONE+SSN+DRLIC (Ambiguous),170
+PNAME+ADDRESS-DOB-PASSPORT,169
+DOB+ADDRESS+SSN+LOGIN_ID+ACCT_NUM,169
+PHONE-DOB-SSN-DRLIC-PASSPORT,167
+SURNAME+DOB+SSN+LOGIN_ID,166
+PNAME+ADDRESS-GENDER-SSN,165
+PHONE+DRLIC+PASSPORT+LOGIN_ID,162
+DOB+ADDRESS+PHONE+SSN+DRLIC+PASSPORT+ACCT_NUM,162
+DOB+LOGIN_ID-GENDER-SSN,162
+SURNAME+ADDRESS+SSN+DRLIC+PASSPORT+ACCT_NUM,161
+SURNAME+DOB+ADDRESS+PHONE+LOGIN_ID+ACCT_NUM,160
+LIKELY_NAME+SSN,160
+LIKELY_NAME+PHONE+ACCT_NUM,160
+NAME+PHONE (Ambiguous),159
+DOB+ADDRESS+DRLIC+LOGIN_ID,159
+PNAME+LOGIN_ID-DOB-GENDER,159
+DOB+PHONE+SSN+DRLIC+PASSPORT+ACCT_NUM,159
+PNAME+DOB+ADDRESS+PHONE+SSN (Ambiguous),157
+SURNAME+DOB+ADDRESS+PHONE+DRLIC+PASSPORT+ACCT_NUM,157
+PNAME+ADDRESS-DRLIC,156
+PNAME+ADDRESS+PHONE+SSN+DRLIC (Ambiguous),156
+SURNAME+ADDRESS-DOB-SSN,156
+SURNAME+DOB+SSN+PASSPORT+ACCT_NUM,156
+NAME+ADDRESS+PHONE+ACCT_NUM (Ambiguous),155
+SSN+DRLIC+LOGIN_ID+ACCT_NUM,155
+ADDRESS-GENERATION-GENDER,154
+ADDRESS+SSN+PASSPORT+LOGIN_ID+ACCT_NUM,152
+LIKELY_NAME+ADDRESS,152
+DOB+DRLIC+PASSPORT+ACCT_NUM,150
+NAME+ADDRESS+SSN+ACCT_NUM (Ambiguous),147
+DOB+DRLIC+LOGIN_ID,147
+PHONE+SSN+DRLIC+PASSPORT+LOGIN_ID,146
+DOB+ADDRESS+PHONE+SSN+DRLIC+LOGIN_ID,146
+ADDRESS+DRLIC+LOGIN_ID+ACCT_NUM,145
+SURNAME+LOGIN_ID-DOB-SSN-PASSPORT,144
+SURNAME+DOB+ADDRESS+DRLIC+PASSPORT,143
+SURNAME+ADDRESS-GENDER,143
+DOB+PHONE+SSN+DRLIC+LOGIN_ID,143
+NAME+SSN+ACCT_NUM (Ambiguous),142
+DOB+SSN+DRLIC+LOGIN_ID,142
+PASSPORT-SSN,141
+SURNAME+ADDRESS+DRLIC+LOGIN_ID,141
+SURNAME+SSN+DRLIC+LOGIN_ID,141
-DOB-GENDER-DRLIC-PASSPORT,140
+SURNAME+LOGIN_ID-GENDER-SSN-PASSPORT,139
+PNAME+LOGIN_ID-GENDER-SSN-PASSPORT,139
+ADDRESS+PHONE+SSN+DRLIC+PASSPORT+LOGIN_ID+ACCT_NUM,138
+SURNAME+DOB+ADDRESS+SSN+LOGIN_ID,136
+NAME+LOGIN_ID-SSN,136
+PNAME+DOB+SSN (Ambiguous),134
+SURNAME+DRLIC+LOGIN_ID,134
+ADDRESS+PASSPORT+LOGIN_ID+ACCT_NUM,134
+PNAME+PHONE+SSN+PASSPORT (Ambiguous),134
+DOB+ADDRESS+SSN+DRLIC+PASSPORT+ACCT_NUM,133
+NAME+ADDRESS+PHONE+SSN+DRLIC (Ambiguous),133
+SURNAME+DOB+ADDRESS+SSN+PASSPORT+ACCT_NUM,133
+PNAME+ADDRESS+ACCT_NUM (Ambiguous),133
+PNAME+LOGIN_ID-DRLIC-PASSPORT,132
+SURNAME+DOB+PASSPORT+ACCT_NUM,132
+PHONE-DRLIC-PASSPORT,132
+SURNAME+DOB+SSN+DRLIC+PASSPORT,131
+PNAME+DOB+PHONE+SSN (Ambiguous),131
+PNAME+DRLIC-SSN-PASSPORT,130
+LIKELY_NAME+PHONE+SSN+ACCT_NUM,130
+SURNAME+ADDRESS+PHONE+SSN+PASSPORT+LOGIN_ID+ACCT_NUM,129
+ADDRESS-GENERATION-DOB-GENDER-SSN,129
+SURNAME+ADDRESS+DRLIC+PASSPORT+ACCT_NUM,129
+SURNAME+ADDRESS+SSN+DRLIC+LOGIN_ID,129
+SURNAME+ADDRESS-DOB,128
+SSN+PASSPORT+LOGIN_ID+ACCT_NUM,128
+PNAME+ADDRESS+PHONE+SSN+PASSPORT (Ambiguous),127
+SURNAME+LOGIN_ID-SSN-DRLIC,127
+PNAME+ADDRESS-DOB-SSN-DRLIC,127
+DOB+ADDRESS+PHONE+PASSPORT+LOGIN_ID+ACCT_NUM,127
+DOB+PASSPORT+LOGIN_ID,127
+PNAME+SSN+DRLIC (Ambiguous),126
+NAME+PHONE+ACCT_NUM (Ambiguous),125
+PNAME+DOB+PHONE+ACCT_NUM (Ambiguous),125
+SURNAME+SSN+DRLIC+PASSPORT+ACCT_NUM,124
+DOB+ADDRESS+SSN+DRLIC+LOGIN_ID,124
+LOGIN_ID-GENERATION-GENDER-PASSPORT,123
+SURNAME+DRLIC+PASSPORT+ACCT_NUM,123
+ADDRESS-GENERATION-DOB-SSN-PASSPORT,122
+LOGIN_ID-GENERATION-SSN-DRLIC,122
+DOB+LOGIN_ID-GENDER,122
+SURNAME+DOB+PHONE+SSN+DRLIC+PASSPORT,122
+DOB+ADDRESS+PASSPORT+LOGIN_ID,121
+DOB+PHONE+SSN+PASSPORT+LOGIN_ID,121
+PNAME+DOB+ADDRESS+PHONE+SSN+ACCT_NUM (Ambiguous),120
+SURNAME+PASSPORT+LOGIN_ID,120
+PASSPORT+LOGIN_ID+ACCT_NUM,120
+SURNAME+ADDRESS+PHONE+DRLIC+LOGIN_ID+ACCT_NUM,119
+SURNAME+DOB+ADDRESS+PHONE+SSN+LOGIN_ID+ACCT_NUM,119
+PNAME+ADDRESS+SSN+DRLIC (Ambiguous),118
+PNAME+DRLIC-DOB,117
+DOB+PHONE+DRLIC+LOGIN_ID+ACCT_NUM,117
+SURNAME+DOB+PHONE+LOGIN_ID+ACCT_NUM,117
+PHONE-DOB-GENDER-DRLIC,115
+PHONE-GENDER-SSN-DRLIC-PASSPORT,115
+NAME+ADDRESS-SSN,114
+NAME+PHONE+SSN+DRLIC (Ambiguous),114
+PNAME+SSN-DOB,113
+NAME+DOB+ADDRESS+PHONE+SSN (Ambiguous),113
+LOGIN_ID-GENERATION-DOB-PASSPORT,112
+PNAME+PHONE-SSN,111
+PNAME+DOB+ADDRESS+PHONE+ACCT_NUM (Ambiguous),111
+SURNAME+SSN+PASSPORT+LOGIN_ID,111
+NAME+ADDRESS (Ambiguous),109
+SURNAME+ADDRESS+SSN+PASSPORT+LOGIN_ID,107
+SURNAME+DOB+DRLIC+PASSPORT,106
+ADDRESS-GENERATION-DOB,106
+SURNAME+DOB+ADDRESS+PHONE+DRLIC+LOGIN_ID,106
+PNAME+SSN+PASSPORT (Ambiguous),106
+SURNAME+ADDRESS+PASSPORT+LOGIN_ID,106
+LIKELY_NAME+PHONE+DRLIC,105
+SURNAME+DOB+PHONE+DRLIC+PASSPORT+ACCT_NUM,105
+SURNAME+ADDRESS-SSN-PASSPORT,105
+SURNAME+PHONE+DRLIC+LOGIN_ID+ACCT_NUM,105
+LIKELY_NAME+ACCT_NUM,102
+SURNAME+ADDRESS+PHONE+PASSPORT+LOGIN_ID+ACCT_NUM,102
+SURNAME+DOB+ADDRESS+PHONE+SSN+DRLIC+PASSPORT,102
+LIKELY_NAME+SSN+ACCT_NUM,101
+SURNAME+ADDRESS-DOB-GENDER-SSN,100
+DOB+PHONE+PASSPORT+LOGIN_ID+ACCT_NUM,100
+LIKELY_NAME+ADDRESS+ACCT_NUM,99
+ADDRESS-GENERATION-SSN-PASSPORT,98
+PNAME+LOGIN_ID-GENDER-PASSPORT,98
+SURNAME+LOGIN_ID-DOB-GENDER-SSN-PASSPORT,98
+PNAME+DOB+PHONE+SSN+ACCT_NUM (Ambiguous),98
+PNAME+PHONE+DRLIC (Ambiguous),97
+SURNAME+LOGIN_ID-GENDER-PASSPORT,95
+SURNAME+LOGIN_ID-DOB-PASSPORT,95
+PNAME+DOB+ADDRESS+SSN (Ambiguous),95
+ADDRESS-GENERATION-DOB-GENDER-SSN-PASSPORT,95
+SURNAME+DOB+ADDRESS+PHONE+PASSPORT+LOGIN_ID,94
+ADDRESS+DRLIC+PASSPORT+LOGIN_ID,93
+NAME+ADDRESS+ACCT_NUM (Ambiguous),93
+NAME+DOB+PHONE+SSN+ACCT_NUM (Ambiguous),92
+SURNAME+DOB+PHONE+SSN+LOGIN_ID+ACCT_NUM,92
+LIKELY_NAME+PHONE+SSN+DRLIC,92
+SURNAME+PHONE+SSN+DRLIC+LOGIN_ID+ACCT_NUM,92
+PNAME+LOGIN_ID-DOB-GENDER-SSN-PASSPORT,92
+NAME+DOB+PHONE+SSN (Ambiguous),91
+SURNAME+PHONE+SSN+PASSPORT+LOGIN_ID+ACCT_NUM,90
+ADDRESS+PHONE+DRLIC+PASSPORT+LOGIN_ID+ACCT_NUM,90
+NAME+ADDRESS+PHONE+SSN+PASSPORT (Ambiguous),90
+PNAME+ADDRESS+SSN+PASSPORT (Ambiguous),90
+PNAME+ADDRESS+PHONE+DRLIC (Ambiguous),90
+DOB+SSN+PASSPORT+LOGIN_ID,90
+DOB+ADDRESS-SSN,89
+PNAME+DOB+DRLIC+PASSPORT,89
+ADDRESS+SSN+DRLIC+PASSPORT+LOGIN_ID,89
+LOGIN_ID-GENERATION-DRLIC,89
+DOB+ADDRESS+PHONE+SSN+PASSPORT+LOGIN_ID,89
+LIKELY_NAME+ADDRESS+SSN+ACCT_NUM,88
+PNAME+SSN+DRLIC+PASSPORT,88
+NAME+PHONE+SSN+PASSPORT (Ambiguous),87
+SURNAME+DOB+ADDRESS+SSN+DRLIC+PASSPORT,87
+SURNAME+ADDRESS-DOB-GENDER,86
+DOB+ADDRESS+PHONE+SSN+DRLIC+LOGIN_ID+ACCT_NUM,86
+PNAME+PHONE+PASSPORT (Ambiguous),84
+PHONE-DOB-GENDER-SSN-DRLIC-PASSPORT,84
+PNAME+ADDRESS-DOB-GENDER-SSN,83
+DOB+LOGIN_ID-SSN-PASSPORT,83
+NAME+DOB+ADDRESS+SSN (Ambiguous),83
+NAME+DOB+ADDRESS+PHONE+SSN+ACCT_NUM (Ambiguous),82
+SURNAME+LOGIN_ID-DRLIC,82
+PNAME+DRLIC-DOB-SSN-PASSPORT,82
+PNAME+ADDRESS+PHONE+SSN+DRLIC+ACCT_NUM (Ambiguous),82
+PNAME+ADDRESS-DOB-GENDER,80
+LOGIN_ID-GENERATION-DOB-SSN-DRLIC,80
+SURNAME+DOB+ADDRESS+LOGIN_ID+ACCT_NUM,80
+DRLIC+PASSPORT+LOGIN_ID,80
+PNAME+DRLIC-PASSPORT,79
+SURNAME+DOB+PHONE+PASSPORT+LOGIN_ID,79
+SURNAME+PHONE+PASSPORT+LOGIN_ID+ACCT_NUM,79
+LIKELY_NAME+DOB+PHONE,77
+PHONE-DOB-DRLIC-PASSPORT,77
+NAME+DOB+ADDRESS+PHONE (Ambiguous),77
+DOB+PHONE+DRLIC+PASSPORT+LOGIN_ID,77
+PNAME+ADDRESS-SSN-DRLIC-PASSPORT,76
+DOB+ADDRESS+PHONE+DRLIC+PASSPORT+LOGIN_ID,76
+NAME+ADDRESS+PHONE+DRLIC+ACCT_NUM (Ambiguous),76
+DRLIC-GENERATION-SSN,76
+ADDRESS-GENERATION-GENDER-SSN-PASSPORT,76
+PNAME+PHONE+SSN+DRLIC+ACCT_NUM (Ambiguous),75
+SURNAME+DOB+PHONE+DRLIC+LOGIN_ID,75
+LOGIN_ID-GENERATION-GENDER-SSN-DRLIC,75
+PHONE+SSN+DRLIC+PASSPORT+LOGIN_ID+ACCT_NUM,75
+DOB+ADDRESS+SSN+PASSPORT+LOGIN_ID,74
+PNAME+ADDRESS+PHONE+SSN+PASSPORT+ACCT_NUM (Ambiguous),74
+SSN+DRLIC+PASSPORT+LOGIN_ID,74
+ADDRESS-GENERATION-DOB-GENDER,74
+PNAME+ADDRESS-DOB-DRLIC,74
+PNAME+DOB+ACCT_NUM (Ambiguous),74
+SURNAME+DRLIC-SSN,73
+SURNAME+ADDRESS+PHONE+SSN+DRLIC+PASSPORT+LOGIN_ID,73
+NAME+PHONE+SSN+DRLIC+ACCT_NUM (Ambiguous),72
+SURNAME+ADDRESS+SSN+DRLIC+LOGIN_ID+ACCT_NUM,72
+ADDRESS-GENERATION-PASSPORT,72
+NAME+DOB+PHONE (Ambiguous),72
+PNAME+ADDRESS-DOB-SSN-DRLIC-PASSPORT,72
+PNAME+PHONE+SSN+PASSPORT+ACCT_NUM (Ambiguous),72
+DOB+ADDRESS+DRLIC+LOGIN_ID+ACCT_NUM,72
+NAME+ADDRESS+SSN+DRLIC (Ambiguous),71
+SURNAME+ADDRESS-PASSPORT,70
+SURNAME+DOB+ADDRESS+DRLIC+PASSPORT+ACCT_NUM,69
+PNAME+DOB+ADDRESS+PHONE+SSN+DRLIC (Ambiguous),69
+SURNAME+DOB+ADDRESS+PHONE+DRLIC+LOGIN_ID+ACCT_NUM,69
+DOB+SSN-GENDER,68
+NAME+ADDRESS+PHONE+SSN+DRLIC+ACCT_NUM (Ambiguous),68
+PNAME+DRLIC+PASSPORT+LOGIN_ID+ACCT_NUM,68
+NAME+ADDRESS+PHONE+SSN+PASSPORT+ACCT_NUM (Ambiguous),67
+NAME+ADDRESS+PHONE+DRLIC (Ambiguous),67
+LIKELY_NAME+ADDRESS+SSN+DRLIC,66
+SURNAME+ADDRESS+PHONE+SSN+DRLIC+PASSPORT+LOGIN_ID+ACCT_NUM,66
+PNAME+DOB+ADDRESS+SSN+ACCT_NUM (Ambiguous),66
+PHONE-GENDER-DRLIC-PASSPORT,66
+PNAME+DOB+ADDRESS+ACCT_NUM (Ambiguous),65
+PASSPORT-DOB-SSN,65
+SURNAME+DOB+PHONE+SSN+DRLIC+PASSPORT+ACCT_NUM,65
+NAME+DOB+SSN (Ambiguous),65
+DOB+PHONE+SSN+DRLIC+LOGIN_ID+ACCT_NUM,64
+NAME+DOB+ADDRESS+PHONE+ACCT_NUM (Ambiguous),64
+PNAME+DOB+SSN+ACCT_NUM (Ambiguous),64
+DOB+DRLIC+LOGIN_ID+ACCT_NUM,63
+LOGIN_ID-GENERATION-DOB-GENDER-PASSPORT,63
+NAME+SSN+PASSPORT (Ambiguous),63
+SURNAME+ADDRESS+PASSPORT+LOGIN_ID+ACCT_NUM,63
+SURNAME+ADDRESS+PHONE+DRLIC+PASSPORT+LOGIN_ID,63
+PASSPORT-GENDER-SSN,62
+PNAME+LOGIN_ID-DOB-DRLIC-PASSPORT,62
+LIKELY_NAME+PHONE+SSN+PASSPORT,62
+LOGIN_ID-GENERATION-DOB-SSN-DRLIC-PASSPORT,62
+NAME+ADDRESS+SSN+PASSPORT (Ambiguous),62
+NAME+SSN+DRLIC (Ambiguous),61
+SURNAME+LOGIN_ID-GENDER-SSN-DRLIC,61
+PNAME+DOB+ADDRESS+PHONE (Ambiguous),61
+SURNAME+DRLIC+LOGIN_ID+ACCT_NUM,61
+SURNAME+LOGIN_ID-DOB-SSN-DRLIC,61
+LIKELY_NAME+DRLIC,61
+SURNAME+DOB+ADDRESS+PHONE+SSN+DRLIC+PASSPORT+ACCT_NUM,60
+PHONE+DRLIC+PASSPORT+LOGIN_ID+ACCT_NUM,59
+LIKELY_NAME+PHONE+PASSPORT,59
+LIKELY_NAME+DOB+ADDRESS,59
+NAME+DOB (Ambiguous),59
+SURNAME+ADDRESS+DRLIC+LOGIN_ID+ACCT_NUM,58
+PNAME+ADDRESS-GENDER-SSN-PASSPORT,58
+NAME+PHONE-SSN,57
+PASSPORT-GENDER,57
+PASSPORT-DOB,57
+SURNAME+DOB+DRLIC+PASSPORT+ACCT_NUM,57
+SURNAME+PHONE+SSN+DRLIC+PASSPORT+LOGIN_ID,57
+NAME+DOB-GENERATION-SSN,57
+LOGIN_ID-GENERATION-DOB-GENDER-SSN-DRLIC,57
+DOB+SSN+PASSPORT+LOGIN_ID+ACCT_NUM,57
+SURNAME+LOGIN_ID-GENDER-DRLIC,56
+NAME+DOB+PHONE+ACCT_NUM (Ambiguous),56
+PNAME-SSN,55
+LIKELY_NAME+ADDRESS+DRLIC,55
+DOB+ADDRESS+SSN+DRLIC+LOGIN_ID+ACCT_NUM,55
+LOGIN_ID-GENERATION-DOB-DRLIC,54
+SURNAME+DOB+SSN+LOGIN_ID+ACCT_NUM,54
+NAME+ADDRESS-DOB-SSN,54
+PNAME+PHONE-DOB-SSN,54
+DOB+ADDRESS-GENDER-SSN,54
+DOB+ADDRESS+PASSPORT+LOGIN_ID+ACCT_NUM,54
+SURNAME+DOB+ADDRESS+DRLIC+LOGIN_ID,53
+NAME+LOGIN_ID-DOB-SSN,53
+LIKELY_NAME+DOB+PHONE+ACCT_NUM,53
+SURNAME+DOB+SSN+DRLIC+PASSPORT+ACCT_NUM,53
+SURNAME+DOB+LOGIN_ID+ACCT_NUM,53
+PNAME+ADDRESS+PHONE+PASSPORT (Ambiguous),53
+PNAME+ADDRESS+DRLIC (Ambiguous),53
+SURNAME+ADDRESS-GENDER-SSN-PASSPORT,53
+SURNAME+DOB+ADDRESS+SSN+LOGIN_ID+ACCT_NUM,52
+PNAME+PHONE+SSN+DRLIC+PASSPORT (Ambiguous),52
+PHONE-DOB-GENDER-DRLIC-PASSPORT,52
+PNAME+SSN+DRLIC+ACCT_NUM (Ambiguous),51
+DOB+SSN+DRLIC+LOGIN_ID+ACCT_NUM,51
+PNAME+ADDRESS+PHONE+DRLIC+ACCT_NUM (Ambiguous),51
+LOGIN_ID-GENERATION-DOB-GENDER-SSN-DRLIC-PASSPORT,51
+NAME+DOB+ADDRESS+SSN+ACCT_NUM (Ambiguous),50
+PNAME+SSN-PASSPORT,50
+PNAME+PHONE+SSN+LOGIN_ID (Ambiguous),50
+DOB+PHONE+SSN+PASSPORT+LOGIN_ID+ACCT_NUM,50
+SURNAME+LOGIN_ID-DOB-GENDER-PASSPORT,49
+NAME+PHONE+DRLIC+ACCT_NUM (Ambiguous),49
+PNAME+DOB+PHONE+SSN+DRLIC (Ambiguous),49
+LIKELY_NAME+SSN+DRLIC,49
+SURNAME+DOB+PHONE+DRLIC+LOGIN_ID+ACCT_NUM,49
+NAME+PHONE+DRLIC (Ambiguous),48
+NAME+DOB+SSN+ACCT_NUM (Ambiguous),48
+NAME+LOGIN_ID-DOB,48
+DOB+LOGIN_ID-GENDER-SSN-PASSPORT,48
+SSN-GENERATION,48
+LOGIN_ID-GENERATION-SSN-DRLIC-PASSPORT,48
+PNAME+ADDRESS-GENDER-PASSPORT,48
+PNAME,48
+PNAME+LOGIN_ID-GENDER-SSN-DRLIC,48
+PNAME+ADDRESS+PHONE+PASSPORT+ACCT_NUM (Ambiguous),48
+NAME+ADDRESS+PHONE+PASSPORT (Ambiguous),47
+PNAME+PHONE+PASSPORT+ACCT_NUM (Ambiguous),47
+SURNAME+PHONE+DRLIC+PASSPORT+LOGIN_ID,47
+NAME+SSN,47
+SURNAME+DRLIC-DOB,47
+SURNAME+DOB+DRLIC+LOGIN_ID,47
+SURNAME+DOB+ADDRESS+SSN+DRLIC+PASSPORT+ACCT_NUM,47
+NAME+ADDRESS+SSN+DRLIC+ACCT_NUM (Ambiguous),47
+DRLIC-GENERATION-GENDER-SSN,46
+LOGIN_ID-GENERATION-GENDER-DRLIC,46
+PNAME+SSN+PASSPORT+ACCT_NUM (Ambiguous),46
+DOB+ADDRESS+SSN+PASSPORT+LOGIN_ID+ACCT_NUM,45
+NAME+DOB-GENERATION,45
+PNAME+PHONE+DRLIC+ACCT_NUM (Ambiguous),45
+SURNAME+ADDRESS+SSN+PASSPORT+LOGIN_ID+ACCT_NUM,44
+LIKELY_NAME+DOB+PHONE+SSN,44
+NAME+PHONE+SSN+PASSPORT+ACCT_NUM (Ambiguous),44
+DOB+ADDRESS+PHONE+SSN+PASSPORT+LOGIN_ID+ACCT_NUM,44
+ADDRESS-GENERATION-DOB-PASSPORT,44
+SURNAME+ADDRESS-DOB-SSN-PASSPORT,43
+DRLIC-GENERATION,43
+PNAME+SSN-DRLIC,43
+NAME+ADDRESS+DRLIC (Ambiguous),43
+NAME+DOB+PHONE+SSN+DRLIC (Ambiguous),42
+PNAME+LOGIN_ID-GENDER-DRLIC,42
+PNAME+ADDRESS+PHONE+SSN,42
+NAME+DOB+ADDRESS+ACCT_NUM (Ambiguous),42
+NAME+DOB+ACCT_NUM (Ambiguous),42
+LIKELY_NAME+ADDRESS+SSN+PASSPORT,42
+NAME+PHONE+PASSPORT (Ambiguous),42
+LIKELY_NAME+PHONE+DRLIC+ACCT_NUM,42
+NAME+DOB+ADDRESS (Ambiguous),42
+SURNAME+DOB+ADDRESS+PHONE+PASSPORT+LOGIN_ID+ACCT_NUM,41
+SURNAME+ADDRESS-DOB-PASSPORT,41
+PNAME+ADDRESS+PHONE+SSN+LOGIN_ID (Ambiguous),41
+ADDRESS-GENERATION-SSN-DRLIC,41
+PNAME+PHONE-GENDER-SSN,41
+DRLIC-GENERATION-DOB-SSN,40
+SURNAME+DOB+SSN+DRLIC+LOGIN_ID,40
+SURNAME+DOB+ADDRESS+PHONE+SSN+DRLIC+LOGIN_ID,40
+SURNAME+DOB+PHONE+SSN+PASSPORT+LOGIN_ID,40
+DOB+ADDRESS+PHONE+DRLIC+PASSPORT+LOGIN_ID+ACCT_NUM,40
+PNAME+PHONE-GENDER,40
+SURNAME+DOB+SSN+PASSPORT+LOGIN_ID,40
+DOB+LOGIN_ID-PASSPORT,40
+PNAME+DOB+PHONE+SSN+PASSPORT (Ambiguous),40
+PNAME+PHONE-DOB,40
+PNAME+ADDRESS+SSN+PASSPORT+ACCT_NUM (Ambiguous),40
+NAME+ADDRESS+PHONE+PASSPORT+ACCT_NUM (Ambiguous),40
+SURNAME+DOB+ADDRESS+PHONE+SSN+DRLIC+LOGIN_ID+ACCT_NUM,39
+NAME+LOGIN_ID-GENDER-SSN,39
+LIKELY_NAME+ADDRESS+PASSPORT,39
+PNAME+DOB+SSN+DRLIC (Ambiguous),39
+DRLIC+PASSPORT+LOGIN_ID+ACCT_NUM,39
+SURNAME+LOGIN_ID-DOB-DRLIC,39
+PNAME+DOB+ADDRESS+SSN+DRLIC (Ambiguous),39
+SURNAME+DOB+PHONE+SSN+DRLIC+LOGIN_ID,39
+DOB+PASSPORT+LOGIN_ID+ACCT_NUM,39
+PNAME+ADDRESS+SSN+DRLIC+ACCT_NUM (Ambiguous),39
+PNAME+LOGIN_ID-DOB-GENDER-PASSPORT,38
+PNAME-DOB-SSN,38
+SURNAME+SSN+PASSPORT+LOGIN_ID+ACCT_NUM,38
+ADDRESS-GENERATION-GENDER-PASSPORT,38
+SURNAME+DOB+ADDRESS+SSN+DRLIC+LOGIN_ID,38
+SURNAME+DOB+ADDRESS+PASSPORT+LOGIN_ID,38
+PNAME+SSN-DOB-PASSPORT,37
+SURNAME+DRLIC-GENDER-SSN,37
+ADDRESS+SSN+DRLIC+PASSPORT+LOGIN_ID+ACCT_NUM,37
+SURNAME+DRLIC-GENDER,37
+SURNAME+DOB+ADDRESS+SSN+PASSPORT+LOGIN_ID,37
+SURNAME+ADDRESS+PHONE+DRLIC+PASSPORT+LOGIN_ID+ACCT_NUM,37
+PNAME+DOB+PHONE+PASSPORT (Ambiguous),37
+SURNAME+PASSPORT+LOGIN_ID+ACCT_NUM,36
+LIKELY_NAME+PASSPORT,36
+NAME+DOB+ADDRESS+PHONE+SSN+DRLIC (Ambiguous),36
+PNAME+DOB+ADDRESS+PHONE+SSN+PASSPORT (Ambiguous),36
+SURNAME+ADDRESS-DOB-GENDER-SSN-PASSPORT,36
+LIKELY_NAME+SSN+PASSPORT,35
+ADDRESS+DRLIC+PASSPORT+LOGIN_ID+ACCT_NUM,35
+NAME+DOB+SSN+DRLIC (Ambiguous),35
+PNAME+ADDRESS+PASSPORT (Ambiguous),35
+PNAME+ADDRESS-DRLIC-PASSPORT,35
+SURNAME+DRLIC-DOB-SSN,35
+LIKELY_NAME+PHONE+SSN+DRLIC+ACCT_NUM,35
+SURNAME+DOB+PHONE+SSN+DRLIC+LOGIN_ID+ACCT_NUM,35
+PNAME+LOGIN_ID-DOB-GENDER-SSN-DRLIC,35
+NAME+LOGIN_ID-GENDER,35
+DOB+PHONE+DRLIC+PASSPORT+LOGIN_ID+ACCT_NUM,34
+NAME+ADDRESS-SSN-PASSPORT,34
+SURNAME+DOB+ADDRESS+PHONE+SSN+PASSPORT+LOGIN_ID,34
+PASSPORT-DOB-GENDER-SSN,34
+NAME+DOB+ADDRESS+PHONE+SSN+DRLIC+ACCT_NUM (Ambiguous),34
+DOB+ADDRESS+SSN+DRLIC+PASSPORT+LOGIN_ID,34
+PNAME+SSN-GENDER,34
+NAME+ADDRESS+PHONE+SSN+LOGIN_ID (Ambiguous),34
+PNAME+DOB+ADDRESS+PHONE+DRLIC (Ambiguous),34
+PNAME+DOB+PHONE+DRLIC+ACCT_NUM (Ambiguous),34
+SURNAME+ADDRESS-SSN-DRLIC,34
+PNAME+DOB+ADDRESS+PHONE+PASSPORT (Ambiguous),34
+NAME+ADDRESS-DOB,34
+NAME+ACCT_NUM (Ambiguous),34
+PNAME+DOB+ADDRESS+PHONE+SSN+DRLIC+ACCT_NUM (Ambiguous),33
+PNAME+ADDRESS+PHONE+SSN+DRLIC+PASSPORT (Ambiguous),33
+SURNAME+DOB+PHONE+PASSPORT+LOGIN_ID+ACCT_NUM,33
+PNAME+DOB+PHONE+DRLIC (Ambiguous),33
+NAME+ADDRESS+PHONE,33
+DRLIC-GENERATION-SSN-PASSPORT,33
+PNAME+DOB+SSN+PASSPORT (Ambiguous),33
+PNAME+DOB+PASSPORT (Ambiguous),33
+ADDRESS-GENERATION-DOB-GENDER-PASSPORT,33
+LIKELY_NAME+PHONE+SSN+LOGIN_ID,33
+NAME+ADDRESS+PHONE+SSN+DRLIC+PASSPORT (Ambiguous),33
+LIKELY_NAME+DOB+ADDRESS+ACCT_NUM,32
+LIKELY_NAME+DOB+PHONE+DRLIC,32
+LIKELY_NAME+DOB+PHONE+PASSPORT,32
+NAME+PHONE+PASSPORT+ACCT_NUM (Ambiguous),32
+SURNAME+ADDRESS+SSN+DRLIC+PASSPORT+LOGIN_ID+ACCT_NUM,32
+SURNAME+DOB+ADDRESS+PHONE+DRLIC+PASSPORT+LOGIN_ID,32
+SURNAME+SSN+DRLIC+LOGIN_ID+ACCT_NUM,32
+NAME+SSN+DRLIC+ACCT_NUM (Ambiguous),32
+NAME+PHONE-DRLIC,32
+PNAME+ADDRESS+DRLIC+ACCT_NUM (Ambiguous),32
+PNAME+ADDRESS-DOB-GENDER-SSN-PASSPORT,32
+SURNAME+PHONE+SSN+DRLIC+PASSPORT+LOGIN_ID+ACCT_NUM,32
+PNAME+DRLIC-DOB-PASSPORT,31
+SURNAME+SSN+DRLIC+PASSPORT+LOGIN_ID,31
+PNAME+SSN+LOGIN_ID (Ambiguous),31
+NAME+DOB+ADDRESS+PHONE+SSN+PASSPORT (Ambiguous),31
+DOB+SSN-PASSPORT,31
+DOB+ADDRESS+PHONE+SSN+DRLIC+PASSPORT+LOGIN_ID,31
+SSN+DRLIC+PASSPORT+LOGIN_ID+ACCT_NUM,31
+PNAME+DOB+ADDRESS+DRLIC (Ambiguous),31
+LIKELY_NAME+PHONE+PASSPORT+ACCT_NUM,31
+PNAME+PHONE+SSN,30
+SURNAME+DOB+PASSPORT+LOGIN_ID,30
+NAME+SSN+PASSPORT+ACCT_NUM (Ambiguous),30
+NAME+ADDRESS+SSN+PASSPORT+ACCT_NUM (Ambiguous),30
+PNAME+DOB+ADDRESS+SSN+PASSPORT (Ambiguous),30
+SURNAME+DRLIC+PASSPORT+LOGIN_ID,30
+DRLIC-GENERATION-DOB-GENDER-SSN-PASSPORT,30
+SURNAME+PHONE+DRLIC+PASSPORT+LOGIN_ID+ACCT_NUM,30
+NAME+PHONE,30
+LIKELY_NAME+ADDRESS+PHONE+DRLIC,30
+PNAME+PHONE-SSN-PASSPORT,29
+PASSPORT-DOB-GENDER,29
+DOB+PHONE+SSN+DRLIC+PASSPORT+LOGIN_ID,29
+SURNAME+ADDRESS+SSN+DRLIC+PASSPORT+LOGIN_ID,29
+LIKELY_NAME+PHONE+SSN+PASSPORT+ACCT_NUM,29
+DOB+LOGIN_ID-DRLIC,29
+DRLIC-GENERATION-DOB-GENDER-SSN,29
+PNAME+ADDRESS+SSN+LOGIN_ID (Ambiguous),29
+NAME+ADDRESS-GENDER-SSN,29
+LIKELY_NAME+PHONE+LOGIN_ID,28
+NAME+DOB-GENERATION-SSN-PASSPORT,28
+LIKELY_NAME+DRLIC+ACCT_NUM,28
+SURNAME+ADDRESS+DRLIC+PASSPORT+LOGIN_ID,28
+NAME+PHONE+SSN+LOGIN_ID (Ambiguous),28
+SURNAME+DOB+ADDRESS+DRLIC+LOGIN_ID+ACCT_NUM,28
+NAME+PHONE+SSN+DRLIC+PASSPORT (Ambiguous),28
+NAME+DOB+PHONE+SSN+PASSPORT (Ambiguous),28
+DOB+SSN+DRLIC+PASSPORT+LOGIN_ID,28
+PNAME+DOB+ADDRESS+PHONE+DRLIC+ACCT_NUM (Ambiguous),28
+DRLIC-GENERATION-DOB-SSN-PASSPORT,27
+PNAME+ADDRESS+PHONE+LOGIN_ID (Ambiguous),27
+LOGIN_ID-GENERATION-GENDER-SSN-DRLIC-PASSPORT,27
+SURNAME+ADDRESS-GENDER-PASSPORT,27
+DOB+ADDRESS+DRLIC+PASSPORT+LOGIN_ID,27
+PNAME+PHONE-PASSPORT,27
+PNAME+PHONE+SSN+LOGIN_ID+ACCT_NUM (Ambiguous),27
+PNAME+DRLIC-GENDER-SSN,27
+ADDRESS-GENERATION-DRLIC,27
+PNAME+DRLIC-GENDER,27
+PNAME+DOB+ADDRESS+PHONE+SSN+PASSPORT+ACCT_NUM (Ambiguous),27
+NAME+DOB+PHONE+PASSPORT (Ambiguous),27
+NAME+ADDRESS-GENDER,27
+DRLIC-GENERATION-GENDER,27
+NAME+DOB+PHONE+DRLIC (Ambiguous),26
+LIKELY_NAME+ADDRESS+PASSPORT+ACCT_NUM,26
+SURNAME+SSN-GENDER,26
+SURNAME+ADDRESS-GENDER-SSN-DRLIC,26
+DOB+DRLIC+PASSPORT+LOGIN_ID,26
+DOB+ADDRESS+DRLIC+PASSPORT+LOGIN_ID+ACCT_NUM,26
+DOB+SSN-GENDER-PASSPORT,25
+PNAME+PHONE+LOGIN_ID (Ambiguous),25
+NAME+LOGIN_ID-SSN-PASSPORT,25
+PNAME+DOB+PHONE+SSN+PASSPORT+ACCT_NUM (Ambiguous),25
+SURNAME+ADDRESS-DOB-GENDER-PASSPORT,25
+SURNAME+DOB+ADDRESS+PASSPORT+LOGIN_ID+ACCT_NUM,25
+LIKELY_NAME+DOB+ADDRESS+DRLIC,25
+LIKELY_NAME+PHONE+DRLIC+PASSPORT,25
+PNAME-SSN-PASSPORT,25
+NAME+PHONE-DOB-SSN,25
+LIKELY_NAME+DOB+DRLIC,25
+LIKELY_NAME+DOB+ACCT_NUM,25
+PNAME+ADDRESS-DOB-DRLIC-PASSPORT,24
+NAME+ADDRESS+PASSPORT (Ambiguous),24
+SURNAME+DOB+ADDRESS+PHONE+DRLIC+PASSPORT+LOGIN_ID+ACCT_NUM,24
+SURNAME+LOGIN_ID-DOB-GENDER-SSN-DRLIC,24
+PNAME+DOB+PHONE+SSN+DRLIC+ACCT_NUM (Ambiguous),24
+LIKELY_NAME+ADDRESS+SSN+DRLIC+ACCT_NUM,24
+SURNAME+DOB+ADDRESS+SSN+DRLIC+LOGIN_ID+ACCT_NUM,24
+ADDRESS-GENERATION-DOB-SSN-DRLIC,24
+PNAME+LOGIN_ID-GENDER-SSN-DRLIC-PASSPORT,24
+SURNAME+LOGIN_ID-SSN-DRLIC-PASSPORT,23
+PNAME+ADDRESS+PHONE+SSN+DRLIC+PASSPORT+ACCT_NUM (Ambiguous),23
+PNAME+ADDRESS-GENDER-DRLIC,23
+LOGIN_ID-GENERATION-DRLIC-PASSPORT,23
+PNAME+SSN+DRLIC+PASSPORT (Ambiguous),23
+NAME+LOGIN_ID-DOB-GENDER-SSN,23
+SURNAME+DOB+DRLIC+LOGIN_ID+ACCT_NUM,23
+NAME+ADDRESS+PHONE-DRLIC,23
+NAME+ADDRESS-PASSPORT,23
+SURNAME+SSN+DRLIC+PASSPORT+LOGIN_ID+ACCT_NUM,22
+DOB+ADDRESS-GENDER,22
+PNAME-DOB,22
+DOB+DRLIC-SSN,22
+PNAME+SSN+LOGIN_ID+ACCT_NUM (Ambiguous),22
+SURNAME+ADDRESS-DRLIC,22
+DOB+LOGIN_ID-SSN-DRLIC-PASSPORT,22
+NAME+DOB+PHONE+SSN+DRLIC+ACCT_NUM (Ambiguous),22
+DOB+ADDRESS-SSN-PASSPORT,22
+NAME+PHONE+DRLIC+PASSPORT (Ambiguous),22
+ADDRESS-GENERATION-DOB-GENDER-SSN-DRLIC,22
+SURNAME+LOGIN_ID-DOB-GENDER-DRLIC,22
+DRLIC-GENERATION-DOB,22
+LOGIN_ID-GENERATION-DOB-GENDER-DRLIC,22
+ADDRESS-GENERATION-DOB-GENDER-SSN-DRLIC-PASSPORT,22
+NAME+ADDRESS+PHONE+DRLIC+PASSPORT (Ambiguous),21
+PNAME+DOB+ADDRESS+PHONE+PASSPORT+ACCT_NUM (Ambiguous),21
+DOB+ADDRESS+SSN+DRLIC+PASSPORT+LOGIN_ID+ACCT_NUM,21
+PNAME+ADDRESS+PHONE+SSN+LOGIN_ID+ACCT_NUM (Ambiguous),21
+SURNAME+ADDRESS-DOB-SSN-DRLIC,21
+NAME+DOB+PHONE+DRLIC+ACCT_NUM (Ambiguous),21
+LIKELY_NAME+DOB+ADDRESS+SSN,21
+SURNAME+LOGIN_ID-DOB-SSN-DRLIC-PASSPORT,21
+PNAME+DOB+DRLIC (Ambiguous),21
+LOGIN_ID-GENERATION-GENDER-DRLIC-PASSPORT,21
+NAME+ADDRESS+DRLIC+ACCT_NUM (Ambiguous),21
+PNAME+DOB+PHONE+LOGIN_ID (Ambiguous),21
+NAME+DOB+ADDRESS+PHONE+DRLIC+ACCT_NUM (Ambiguous),21
+NAME+ADDRESS+SSN+LOGIN_ID (Ambiguous),20
+DOB+ADDRESS-PASSPORT,20
+SURNAME+LOGIN_ID-DOB-GENDER-SSN-DRLIC-PASSPORT,20
+LIKELY_NAME+SSN+LOGIN_ID,20
+LIKELY_NAME+ADDRESS+DRLIC+ACCT_NUM,20
+DOB+LOGIN_ID-SSN-DRLIC,20
+PNAME+LOGIN_ID-DOB-GENDER-DRLIC,20
+PNAME+DOB+DRLIC+ACCT_NUM (Ambiguous),20
+PNAME+PHONE+DRLIC+PASSPORT (Ambiguous),20
+PNAME+PHONE-DRLIC,20
+DOB+ADDRESS+PHONE+SSN+DRLIC+PASSPORT+LOGIN_ID+ACCT_NUM,20
+NAME+DOB+ADDRESS+SSN+DRLIC (Ambiguous),20
+NAME+DOB+SSN+PASSPORT (Ambiguous),19
+ADDRESS-GENERATION-GENDER-SSN-DRLIC,19
+NAME+DOB+PHONE+SSN+PASSPORT+ACCT_NUM (Ambiguous),19
+NAME+DOB+ADDRESS+PHONE+PASSPORT (Ambiguous),19
+SURNAME+LOGIN_ID-GENDER-SSN-DRLIC-PASSPORT,19
+SURNAME+SSN-DOB,19
+NAME+PASSPORT (Ambiguous),19
+PNAME+ADDRESS-GENDER-SSN-DRLIC,19
+LIKELY_NAME+PASSPORT+ACCT_NUM,19
+SURNAME+DOB+PHONE+DRLIC+PASSPORT+LOGIN_ID,19
+LIKELY_NAME+PHONE+LOGIN_ID+ACCT_NUM,19
+NAME+DOB+ADDRESS+PHONE+SSN+PASSPORT+ACCT_NUM (Ambiguous),19
+DRLIC-GENERATION-GENDER-SSN-PASSPORT,19
+NAME+PHONE-DOB,19
+NAME+ADDRESS+PHONE+LOGIN_ID (Ambiguous),19
+PNAME+ADDRESS+SSN+DRLIC+PASSPORT (Ambiguous),19
+NAME+LOGIN_ID-PASSPORT,19
+DOB+PHONE+SSN+DRLIC+PASSPORT+LOGIN_ID+ACCT_NUM,19
+PNAME+DOB+PASSPORT+ACCT_NUM (Ambiguous),19
+PNAME+DOB+PHONE+SSN,19
+NAME+DOB+ADDRESS+PHONE+SSN+DRLIC+PASSPORT (Ambiguous),19
+PASSPORT-DRLIC,18
+LIKELY_NAME+PHONE+SSN+DRLIC+PASSPORT,18
+SURNAME+LOGIN_ID-DRLIC-PASSPORT,18
+SURNAME+DOB+SSN+DRLIC+LOGIN_ID+ACCT_NUM,18
+NAME+ADDRESS+PASSPORT+ACCT_NUM (Ambiguous),18
+SURNAME+DOB+ADDRESS+SSN+DRLIC+PASSPORT+LOGIN_ID,18
+DOB+LOGIN_ID-GENDER-PASSPORT,18
+SURNAME+ADDRESS-GENDER-DRLIC,18
+DRLIC-GENERATION-DOB-GENDER,18
+NAME+DOB+PHONE+SSN+LOGIN_ID (Ambiguous),18
+PNAME+PHONE-DOB-SSN-PASSPORT,18
+PNAME+LOGIN_ID-GENDER-DRLIC-PASSPORT,18
+LIKELY_NAME+ADDRESS+SSN+PASSPORT+ACCT_NUM,18
+PNAME+LOGIN_ID-DOB-GENDER-SSN-DRLIC-PASSPORT,18
+NAME+ADDRESS+PHONE+DRLIC+PASSPORT+ACCT_NUM (Ambiguous),18
+NAME+ADDRESS-DOB-SSN-PASSPORT,18
+PNAME+DOB+ADDRESS+PHONE+SSN+LOGIN_ID (Ambiguous),18
+PNAME+ADDRESS+SSN,18
+PNAME+ADDRESS+PHONE+DRLIC+PASSPORT (Ambiguous),18
+LOGIN_ID-GENERATION-DOB-DRLIC-PASSPORT,18
+PNAME+ADDRESS+PASSPORT+ACCT_NUM (Ambiguous),18
+PNAME+ADDRESS+LOGIN_ID (Ambiguous),18
+LIKELY_NAME+DOB+PHONE+DRLIC+ACCT_NUM,17
+SURNAME+DRLIC-SSN-PASSPORT,17
+LIKELY_NAME+SSN+DRLIC+ACCT_NUM,17
+NAME+DRLIC (Ambiguous),17
+SURNAME+DRLIC-PASSPORT,17
+LIKELY_NAME+ADDRESS+LOGIN_ID,17
+ADDRESS-GENERATION-DOB-SSN-DRLIC-PASSPORT,17
+NAME+ADDRESS,17
+SURNAME+DOB+ADDRESS+PHONE+SSN+PASSPORT+LOGIN_ID+ACCT_NUM,17
+SURNAME+ADDRESS+DRLIC+PASSPORT+LOGIN_ID+ACCT_NUM,17
+PNAME+DOB+SSN+DRLIC+ACCT_NUM (Ambiguous),17
+NAME+PHONE-SSN-PASSPORT,17
+PNAME+DOB+ADDRESS+PASSPORT (Ambiguous),17
+SSN-GENERATION-GENDER,17
+SSN-GENERATION-DOB-GENDER,17
+PNAME+DOB+PHONE+PASSPORT+ACCT_NUM (Ambiguous),17
+NAME+ADDRESS+PHONE+SSN+DRLIC+PASSPORT+ACCT_NUM (Ambiguous),17
+NAME+ADDRESS-DRLIC,16
+NAME+PHONE+LOGIN_ID (Ambiguous),16
+PNAME+SSN-DOB-GENDER,16
+NAME+PHONE-GENDER-SSN,16
+PNAME+DOB+SSN+LOGIN_ID (Ambiguous),16
+NAME+LOGIN_ID-SSN-DRLIC,16
+PNAME+ADDRESS+DRLIC+PASSPORT (Ambiguous),16
+LIKELY_NAME+LOGIN_ID,16
+NAME+ADDRESS+PHONE+SSN-DRLIC,16
+SURNAME+DOB+PHONE+SSN+PASSPORT+LOGIN_ID+ACCT_NUM,16
+DOB+DRLIC-GENDER-SSN,16
+PNAME+PHONE+SSN+DRLIC+PASSPORT+ACCT_NUM (Ambiguous),16
+LIKELY_NAME+ADDRESS+SSN+DRLIC+PASSPORT,16
+PNAME+DOB+ADDRESS+PHONE+LOGIN_ID (Ambiguous),16
+NAME+LOGIN_ID-DOB-GENDER,16
+DOB+LOGIN_ID-GENDER-SSN-DRLIC,16
+NAME+DOB+DRLIC (Ambiguous),16
+NAME+DOB+SSN+PASSPORT+ACCT_NUM (Ambiguous),16
+PNAME+DOB+ADDRESS+SSN+DRLIC+ACCT_NUM (Ambiguous),16
+LIKELY_NAME+ADDRESS+SSN+LOGIN_ID,15
+LIKELY_NAME+DOB+ADDRESS+PASSPORT,15
+NAME+DRLIC+ACCT_NUM (Ambiguous),15
-GENERATION-SSN,15
+NAME+PHONE+DRLIC+PASSPORT+ACCT_NUM (Ambiguous),15
+DRLIC-GENERATION-PASSPORT,15
+NAME+PHONE+SSN+DRLIC+PASSPORT+ACCT_NUM (Ambiguous),15
+ADDRESS-GENERATION-DOB-DRLIC,15
+PNAME+DOB+ADDRESS+PHONE+SSN+LOGIN_ID+ACCT_NUM (Ambiguous),15
+NAME+SSN-DRLIC,15
+PNAME+DOB+ADDRESS+PASSPORT+ACCT_NUM (Ambiguous),15
+NAME+DOB+ADDRESS+PHONE+SSN+LOGIN_ID (Ambiguous),15
+SURNAME+DOB+ADDRESS+DRLIC+PASSPORT+LOGIN_ID,15
+PNAME+ADDRESS+SSN+DRLIC+PASSPORT+ACCT_NUM (Ambiguous),15
+LIKELY_NAME+DOB+PHONE+PASSPORT+ACCT_NUM,15
+NAME+ADDRESS+SSN+DRLIC+PASSPORT (Ambiguous),15
+SURNAME+DRLIC-DOB-GENDER,15
+NAME+ADDRESS+PHONE+SSN+LOGIN_ID+ACCT_NUM (Ambiguous),15
+SURNAME+PHONE-SSN,15
+SURNAME+SSN-DOB-GENDER,15
+PNAME+ADDRESS-DOB-GENDER-SSN-DRLIC-PASSPORT,15
+PNAME+DOB+DRLIC+PASSPORT (Ambiguous),14
+PNAME+DOB+SSN+PASSPORT+ACCT_NUM (Ambiguous),14
+SURNAME+ADDRESS-DOB-DRLIC,14
+PNAME+PHONE+SSN+DRLIC+LOGIN_ID (Ambiguous),14
+NAME+PHONE-PASSPORT,14
+PNAME+DRLIC-DOB-GENDER-SSN,14
+SURNAME+DOB+ADDRESS+PHONE+SSN+DRLIC+PASSPORT+LOGIN_ID,14
+PNAME+DRLIC-DOB-GENDER,14
+SSN-GENERATION-DOB,14
+PNAME+PHONE-DOB-GENDER-SSN,14
+NAME+DOB+ADDRESS+PHONE+DRLIC (Ambiguous),14
+LIKELY_NAME+DOB+SSN,14
+SURNAME+DOB+PASSPORT+LOGIN_ID+ACCT_NUM,14
+ADDRESS-GENERATION-SSN-DRLIC-PASSPORT,14
+PNAME-PASSPORT,14
+NAME+DOB+ADDRESS+SSN+PASSPORT (Ambiguous),14
+DOB+ADDRESS-GENDER-SSN-PASSPORT,14
+PNAME-DOB-SSN-PASSPORT,14
+PNAME+SSN+ACCT_NUM,13
+NAME+DOB+ADDRESS+PHONE,13
+SURNAME+DOB+ADDRESS+SSN+PASSPORT+LOGIN_ID+ACCT_NUM,13
+PNAME+ADDRESS-DOB-GENDER-PASSPORT,13
+NAME+PHONE+SSN-DRLIC,13
+NAME+LOGIN_ID-DRLIC,13
+NAME+ADDRESS-DOB-GENDER-SSN,13
-GENERATION-DOB-SSN,13
+SURNAME+DRLIC-GENDER-SSN-PASSPORT,13
+NAME+ACCT_NUM,13
+PNAME+ADDRESS+PHONE+LOGIN_ID+ACCT_NUM (Ambiguous),13
+NAME+DOB-GENERATION-GENDER,13
+SURNAME,13
+PNAME+DOB+ADDRESS+PHONE+SSN+DRLIC+PASSPORT+ACCT_NUM (Ambiguous),13
+NAME+DOB+PHONE-DRLIC,13
+PNAME+ADDRESS+PHONE+SSN-DRLIC,13
+PASSPORT-SSN-DRLIC,13
+DOB+LOGIN_ID-GENDER-DRLIC,13
+PNAME+PHONE-SSN-DRLIC,12
+PNAME+ADDRESS+PHONE-DRLIC,12
+NAME+DOB+PHONE,12
+NAME+ADDRESS-DOB-PASSPORT,12
+NAME+DOB+ADDRESS-DRLIC,12
+LIKELY_NAME+ADDRESS+DRLIC+PASSPORT,12
+SURNAME+LOGIN_ID-DOB-DRLIC-PASSPORT,12
+LIKELY_NAME+DOB+PHONE+LOGIN_ID,12
+DRLIC-GENERATION-DOB-PASSPORT,12
+NAME+ADDRESS+PHONE+SSN,12
+NAME+PHONE+SSN+LOGIN_ID+ACCT_NUM (Ambiguous),12
+NAME+DOB+PHONE+PASSPORT+ACCT_NUM (Ambiguous),12
+NAME+DOB+ADDRESS+SSN+PASSPORT+ACCT_NUM (Ambiguous),12
+SURNAME+DOB+PHONE+SSN+DRLIC+PASSPORT+LOGIN_ID,12
+NAME+DOB-GENERATION-GENDER-SSN-PASSPORT,12
+NAME+DOB-GENERATION-GENDER-SSN,12
+SURNAME+DRLIC-DOB-GENDER-SSN,12
+PNAME+SSN-DOB-DRLIC-PASSPORT,12
+PNAME+PHONE+DRLIC+PASSPORT+ACCT_NUM (Ambiguous),11
+PNAME+DOB+PHONE+DRLIC+PASSPORT (Ambiguous),11
+ADDRESS-GENERATION-DOB-GENDER-DRLIC,11
+PNAME+PHONE-DOB-PASSPORT,11
+PNAME+DOB+ADDRESS+SSN+PASSPORT+ACCT_NUM (Ambiguous),11
+NAME+PHONE-DOB-SSN-PASSPORT,11
+PNAME+DOB+ADDRESS+SSN,11
+DOB+SSN-DRLIC,11
+ADDRESS-GENERATION-GENDER-DRLIC,11
+NAME+SSN-DOB,11
+PNAME+DOB+ADDRESS+PHONE+SSN+DRLIC+PASSPORT (Ambiguous),11
+NAME+ADDRESS+LOGIN_ID (Ambiguous),11
+PNAME+DRLIC-GENDER-SSN-PASSPORT,11
+NAME+SSN+DRLIC+PASSPORT (Ambiguous),11
+NAME+SSN+LOGIN_ID (Ambiguous),11
+PNAME+ADDRESS+SSN+LOGIN_ID+ACCT_NUM (Ambiguous),11
+DOB+ADDRESS-SSN-DRLIC,11
+NAME+DOB+ADDRESS+PHONE+LOGIN_ID+ACCT_NUM (Ambiguous),11
+DOB+ADDRESS-GENDER-PASSPORT,11
+NAME+DOB+ADDRESS+DRLIC (Ambiguous),11
+SURNAME+DOB+SSN+DRLIC+PASSPORT+LOGIN_ID,11
+SURNAME+DRLIC-DOB-SSN-PASSPORT,11
+SURNAME+DRLIC+PASSPORT+LOGIN_ID+ACCT_NUM,11
+SURNAME+LOGIN_ID-GENDER-DRLIC-PASSPORT,11
+SURNAME+PHONE-DOB,11
+NAME+ADDRESS+PHONE+ACCT_NUM-DRLIC,11
+LIKELY_NAME+SSN+DRLIC+PASSPORT,11
+LIKELY_NAME+PHONE+SSN+LOGIN_ID+ACCT_NUM,11
+LIKELY_NAME+PHONE+DRLIC+PASSPORT+ACCT_NUM,11
+PNAME-SSN-DRLIC,11
+NAME+DOB+SSN+DRLIC+ACCT_NUM (Ambiguous),11
+PNAME+SSN-GENDER-PASSPORT,11
+PNAME+DOB+PHONE+SSN+LOGIN_ID (Ambiguous),11
+PNAME+DOB+PHONE+SSN+DRLIC+PASSPORT (Ambiguous),11
+LIKELY_NAME+DRLIC+PASSPORT,10
+NAME+PHONE+ACCT_NUM-DRLIC,10
+NAME+ADDRESS+PHONE+DRLIC+LOGIN_ID (Ambiguous),10
+NAME+ADDRESS+SSN+DRLIC+PASSPORT+ACCT_NUM (Ambiguous),10
+SURNAME+SSN-GENDER-PASSPORT,10
+SURNAME+ADDRESS-DOB-SSN-DRLIC-PASSPORT,10
+SURNAME+DOB+SSN+PASSPORT+LOGIN_ID+ACCT_NUM,10
+DOB+DRLIC+PASSPORT+LOGIN_ID+ACCT_NUM,10
+PNAME+DRLIC-DOB-GENDER-SSN-PASSPORT,10
+NAME+LOGIN_ID-GENDER-PASSPORT,10
+NAME+ADDRESS-DOB-SSN-DRLIC,10
+NAME+LOGIN_ID-DOB-PASSPORT,10
+NAME+DOB+ADDRESS+PHONE+SSN+DRLIC+PASSPORT+ACCT_NUM (Ambiguous),10
+PNAME+PHONE-DOB-GENDER,10
+LIKELY_NAME+DRLIC+LOGIN_ID,10
+PNAME+DOB+ADDRESS+LOGIN_ID (Ambiguous),10
+PNAME+ADDRESS+PHONE+SSN+DRLIC+LOGIN_ID+ACCT_NUM (Ambiguous),10
+LIKELY_NAME+DOB+ADDRESS+LOGIN_ID,10
+NAME+PHONE-DOB-GENDER,10
+NAME+DOB+SSN,10
+PNAME+DOB+LOGIN_ID+ACCT_NUM (Ambiguous),10
+NAME+SSN-GENDER,10
+NAME+PHONE-GENDER,10
+PNAME+PHONE+LOGIN_ID+ACCT_NUM (Ambiguous),10
+NAME+ADDRESS+PHONE+PASSPORT-DRLIC,10
+PNAME-DOB-PASSPORT,10
+LIKELY_NAME+SSN+PASSPORT+ACCT_NUM,9
+PNAME+ADDRESS-DOB-GENDER-DRLIC,9
+SURNAME+PHONE-DOB-SSN,9
+SSN-GENERATION-DRLIC,9
+NAME+DOB+PHONE+LOGIN_ID (Ambiguous),9
+PNAME+PHONE-GENDER-PASSPORT,9
+PNAME+DOB+PHONE+SSN+DRLIC+PASSPORT+ACCT_NUM (Ambiguous),9
+PNAME+DOB+LOGIN_ID (Ambiguous),9
+LIKELY_NAME+DOB+ADDRESS+DRLIC+ACCT_NUM,9
+PNAME+DOB+ADDRESS+DRLIC+ACCT_NUM (Ambiguous),9
+NAME+ADDRESS+PHONE-SSN,9
+NAME+DOB+ADDRESS+SSN+DRLIC+ACCT_NUM (Ambiguous),9
+PNAME+DOB+ADDRESS+DRLIC+PASSPORT (Ambiguous),9
+SURNAME+PHONE-GENDER-SSN,9
+NAME+DOB+SSN+DRLIC+PASSPORT (Ambiguous),9
+DOB+DRLIC-SSN-PASSPORT,9
+LIKELY_NAME+PHONE+SSN+DRLIC+PASSPORT+ACCT_NUM,9
+SURNAME+ADDRESS-SSN-DRLIC-PASSPORT,9
+SURNAME+DOB+DRLIC+PASSPORT+LOGIN_ID,9
+DOB+LOGIN_ID-DRLIC-PASSPORT,9
+NAME+SSN+DRLIC+PASSPORT+ACCT_NUM (Ambiguous),9
+SURNAME+SSN-PASSPORT,9
+SURNAME+DOB+PHONE+DRLIC+PASSPORT+LOGIN_ID+ACCT_NUM,9
+PNAME+DOB+ADDRESS+PHONE+DRLIC+PASSPORT (Ambiguous),9
+PNAME+ADDRESS+PHONE+SSN+DRLIC+LOGIN_ID (Ambiguous),9
+NAME+DOB+ADDRESS+SSN+LOGIN_ID (Ambiguous),9
+PNAME+PHONE+DRLIC+LOGIN_ID (Ambiguous),9
+PNAME+SSN-DOB-DRLIC,9
+PNAME+ADDRESS+PHONE+SSN+ACCT_NUM-DRLIC,9
+NAME+DOB-GENERATION-PASSPORT,9
+DOB+ADDRESS-DRLIC,9
+PNAME+PHONE+SSN+DRLIC+LOGIN_ID+ACCT_NUM (Ambiguous),9
+PNAME+PHONE+SSN-DRLIC,9
+PNAME+SSN+ACCT_NUM-DRLIC,9
+PNAME+ADDRESS-DOB-GENDER-SSN-DRLIC,9
+PNAME+DOB+ADDRESS+SSN+DRLIC+PASSPORT+ACCT_NUM (Ambiguous),9
+DOB+SSN+DRLIC+PASSPORT+LOGIN_ID+ACCT_NUM,9
+NAME+DOB-GENERATION-SSN-DRLIC-PASSPORT,9
+SURNAME+DRLIC-GENDER-PASSPORT,9
+LIKELY_NAME+DOB+PASSPORT,9
+NAME+ADDRESS+PHONE+SSN+PASSPORT+LOGIN_ID (Ambiguous),9
-GENERATION-GENDER-SSN,9
+PNAME+ADDRESS+PHONE+DRLIC+PASSPORT+ACCT_NUM (Ambiguous),9
+NAME+PHONE+SSN+DRLIC+LOGIN_ID (Ambiguous),9
+LIKELY_NAME+PHONE+SSN+DRLIC+LOGIN_ID,9
+PNAME+LOGIN_ID-DOB-GENDER-DRLIC-PASSPORT,9
+NAME+ADDRESS+PHONE+DRLIC,8
+NAME+ADDRESS+PHONE+SSN+DRLIC+LOGIN_ID (Ambiguous),8
+NAME+DOB+ADDRESS+PASSPORT+ACCT_NUM (Ambiguous),8
+NAME+DOB+ADDRESS+PASSPORT (Ambiguous),8
+NAME+DOB+ADDRESS+PHONE-DRLIC,8
+NAME+DOB+DRLIC+ACCT_NUM (Ambiguous),8
+NAME+ADDRESS-GENDER-PASSPORT,8
+NAME+DOB+SSN+LOGIN_ID (Ambiguous),8
+NAME+LOGIN_ID-DOB-SSN-PASSPORT,8
+NAME+LOGIN_ID-GENDER-SSN-PASSPORT,8
+NAME+PHONE+DRLIC+LOGIN_ID (Ambiguous),8
+NAME+ADDRESS-DOB-DRLIC,8
+NAME+ADDRESS+ACCT_NUM-DRLIC,8
+LIKELY_NAME+SSN+LOGIN_ID+ACCT_NUM,8
+LIKELY_NAME+PHONE+DRLIC+LOGIN_ID+ACCT_NUM,8
+LIKELY_NAME+PHONE+DRLIC+LOGIN_ID,8
+PNAME+ADDRESS+LOGIN_ID+ACCT_NUM (Ambiguous),8
+PNAME+ADDRESS+PHONE+SSN+DRLIC,8
+PNAME+ADDRESS+SSN+PASSPORT+LOGIN_ID (Ambiguous),8
+LIKELY_NAME+DOB+PHONE+DRLIC+PASSPORT,8
+PNAME+DOB+ADDRESS+PHONE+SSN,8
+LIKELY_NAME+DOB+DRLIC+ACCT_NUM,8
+PNAME+DOB+SSN+DRLIC+PASSPORT+ACCT_NUM (Ambiguous),8
+PNAME+DOB+SSN+DRLIC+PASSPORT (Ambiguous),8
+LIKELY_NAME+ADDRESS+SSN+LOGIN_ID+ACCT_NUM,8
+LIKELY_NAME+ADDRESS+SSN+DRLIC+PASSPORT+ACCT_NUM,8
+LIKELY_NAME+ADDRESS+LOGIN_ID+ACCT_NUM,8
+PNAME+PHONE+SSN+PASSPORT+LOGIN_ID (Ambiguous),8
+PNAME+SSN-DRLIC-PASSPORT,8
+SURNAME+ADDRESS-DRLIC-PASSPORT,8
+DOB+DRLIC-GENDER,8
+NAME+ADDRESS+PHONE+LOGIN_ID+ACCT_NUM (Ambiguous),7
+PNAME+PHONE-DOB-DRLIC,7
+DOB+DRLIC-GENDER-SSN-PASSPORT,7
+NAME+ADDRESS-GENDER-SSN-PASSPORT,7
+PNAME+ADDRESS+PHONE+SSN+PASSPORT+LOGIN_ID (Ambiguous),7
+LOGIN_ID-GENERATION-DOB-GENDER-DRLIC-PASSPORT,7
+PNAME-DOB-SSN-DRLIC-PASSPORT,7
+DOB+ADDRESS-GENDER-DRLIC,7
+SSN-GENERATION-GENDER-PASSPORT,7
+NAME+DOB+ADDRESS+PHONE+PASSPORT+ACCT_NUM (Ambiguous),7
+NAME+SSN+DRLIC+LOGIN_ID (Ambiguous),7
+NAME+DOB+PHONE+SSN+DRLIC+PASSPORT (Ambiguous),7
+NAME+ADDRESS-SSN-DRLIC,7
+SSN-GENERATION-DOB-GENDER-PASSPORT,7
+NAME+DOB+ADDRESS,7
+NAME+LOGIN_ID-DOB-GENDER-SSN-PASSPORT,7
+SURNAME+SSN-DOB-PASSPORT,7
+NAME+DRLIC-SSN,7
+PNAME+DOB+ADDRESS+PHONE+DRLIC+PASSPORT+ACCT_NUM (Ambiguous),7
+PHONE+SSN-DRLIC,7
+NAME+DOB+ADDRESS+PHONE+SSN+LOGIN_ID+ACCT_NUM (Ambiguous),7
+LIKELY_NAME+DOB+PHONE+SSN+PASSPORT,7
+DOB+SSN-DRLIC-PASSPORT,7
+PNAME+ADDRESS+PHONE+PASSPORT+LOGIN_ID (Ambiguous),7
+LIKELY_NAME+DOB+DRLIC+PASSPORT,7
+PNAME+PHONE-GENDER-SSN-PASSPORT,7
+NAME+ADDRESS-SSN-DRLIC-PASSPORT,7
+PNAME+ADDRESS+DRLIC+LOGIN_ID (Ambiguous),7
-GENERATION,7
+NAME+PHONE+SSN+ACCT_NUM-DRLIC,7
+PNAME+DOB+ADDRESS+PHONE+SSN+DRLIC+LOGIN_ID (Ambiguous),7
+LIKELY_NAME+DOB+PHONE+LOGIN_ID+ACCT_NUM,7
+PNAME+SSN+DRLIC+PASSPORT+ACCT_NUM (Ambiguous),7
+PASSPORT-GENDER-SSN-DRLIC,7
+PHONE-GENERATION,7
+NAME+ADDRESS+DRLIC+PASSPORT (Ambiguous),7
+SURNAME+PHONE-SSN-DRLIC,7
+SURNAME-SSN,7
+PNAME+ADDRESS+PHONE+SSN+PASSPORT+LOGIN_ID+ACCT_NUM (Ambiguous),7
+PASSPORT-DOB-SSN-DRLIC,7
+SURNAME+ADDRESS-DOB-GENDER-SSN-DRLIC,7
+PNAME+ADDRESS-GENDER-SSN-DRLIC-PASSPORT,7
+NAME+DOB+PASSPORT (Ambiguous),7
+NAME+DOB+ADDRESS+PHONE+DRLIC+PASSPORT+ACCT_NUM (Ambiguous),7
+LIKELY_NAME+DOB+PASSPORT+ACCT_NUM,7
+NAME+DOB+ADDRESS+PHONE+SSN-DRLIC,7
+NAME+DOB+PHONE+DRLIC+PASSPORT (Ambiguous),7
+NAME+LOGIN_ID-GENDER-DRLIC,7
+PNAME+PHONE+SSN+DRLIC,7
+LIKELY_NAME+PHONE+PASSPORT+LOGIN_ID,7
+NAME+DOB-GENERATION-SSN-DRLIC,7
+NAME+SSN+LOGIN_ID+ACCT_NUM (Ambiguous),7
+PNAME+SSN+DRLIC+ACCT_NUM,7
+NAME+LOGIN_ID (Ambiguous),7
-GENERATION-DOB-GENDER-SSN,6
+NAME+PHONE+LOGIN_ID+ACCT_NUM (Ambiguous),6
+DOB+SSN-GENDER-DRLIC,6
+SURNAME+PHONE-PASSPORT,6
-GENERATION-DOB-PASSPORT,6
+NAME+PHONE+PASSPORT,6
+PNAME+PHONE+SSN-GENERATION,6
+PNAME+SSN+PASSPORT+LOGIN_ID+ACCT_NUM (Ambiguous),6
+SURNAME+ADDRESS-GENDER-SSN-DRLIC-PASSPORT,6
+SURNAME+DRLIC-DOB-GENDER-SSN-PASSPORT,6
+PHONE-GENERATION-SSN,6
+PASSPORT-DOB-GENDER-SSN-DRLIC,6
+SURNAME+DOB+ADDRESS+PHONE+SSN+DRLIC+PASSPORT+LOGIN_ID+ACCT_NUM,6
+NAME+PHONE+PASSPORT-DRLIC,6
+PNAME+DOB+PHONE+PASSPORT+LOGIN_ID (Ambiguous),6
+PNAME+ADDRESS+PHONE+DRLIC+LOGIN_ID+ACCT_NUM (Ambiguous),6
+PNAME+ADDRESS+PHONE+DRLIC+LOGIN_ID (Ambiguous),6
+NAME+ADDRESS+SSN+LOGIN_ID+ACCT_NUM (Ambiguous),6
+DRLIC-GENERATION-GENDER-PASSPORT,6
+NAME+DOB+ADDRESS+PHONE+SSN+DRLIC+LOGIN_ID (Ambiguous),6
+NAME+DOB+PHONE+SSN-DRLIC,6
+NAME+ADDRESS-DOB-GENDER-SSN-PASSPORT,6
+SURNAME+DOB+SSN+DRLIC+PASSPORT+LOGIN_ID+ACCT_NUM,6
+PNAME+PHONE-DOB-GENDER-SSN-PASSPORT,6
+LIKELY_NAME+ADDRESS+PASSPORT+LOGIN_ID,6
+LIKELY_NAME+PHONE+SSN+PASSPORT+LOGIN_ID,6
+SSN-GENERATION-DRLIC-PASSPORT,6
+SURNAME+LOGIN_ID-DOB-GENDER-DRLIC-PASSPORT,6
+LIKELY_NAME+PASSPORT+LOGIN_ID,6
+NAME+DOB+PHONE+SSN+DRLIC+PASSPORT+ACCT_NUM (Ambiguous),6
+NAME+DOB+ADDRESS+LOGIN_ID (Ambiguous),6
+DOB+ADDRESS-GENDER-SSN-DRLIC,6
+PNAME+ADDRESS+DRLIC+PASSPORT+ACCT_NUM (Ambiguous),6
+PNAME+DRLIC-GENDER-PASSPORT,6
+PASSPORT-GENDER-DRLIC,6
-GENERATION-PASSPORT,6
+NAME+DOB+ADDRESS+SSN+DRLIC+PASSPORT (Ambiguous),6
+PNAME+ADDRESS+PASSPORT+LOGIN_ID (Ambiguous),6
+NAME+ADDRESS+SSN,6
+PNAME+DOB+ADDRESS+SSN+DRLIC+LOGIN_ID (Ambiguous),6
+NAME+SSN+DRLIC,6
+DOB+LOGIN_ID-GENDER-SSN-DRLIC-PASSPORT,6
+SURNAME+ADDRESS-DOB-GENDER-DRLIC,6
+ADDRESS-GENERATION-DOB-DRLIC-PASSPORT,6
-GENERATION-SSN-PASSPORT,6
+LIKELY_NAME+LOGIN_ID+ACCT_NUM,6
+NAME+DOB+PASSPORT+ACCT_NUM (Ambiguous),6
+NAME+PHONE+SSN,6
+PNAME+SSN+DRLIC+LOGIN_ID (Ambiguous),6
+NAME+ADDRESS+DRLIC,5
+PNAME-GENDER,5
+NAME+DOB+ADDRESS+PHONE+LOGIN_ID (Ambiguous),5
+PNAME+SSN+LOGIN_ID,5
+LIKELY_NAME+DOB+ADDRESS+DRLIC+LOGIN_ID,5
+NAME+DOB+ADDRESS+PHONE+DRLIC+PASSPORT (Ambiguous),5
+NAME+PHONE+SSN+DRLIC+LOGIN_ID+ACCT_NUM (Ambiguous),5
+NAME+SSN-PASSPORT,5
+NAME+PHONE+ACCT_NUM,5
+SURNAME+DOB+DRLIC+PASSPORT+LOGIN_ID+ACCT_NUM,5
+SURNAME-SSN-DRLIC,5
+NAME+ACCT_NUM-DRLIC,5
+NAME+DOB+ADDRESS+DRLIC+ACCT_NUM (Ambiguous),5
+SSN-GENERATION-PASSPORT,5
+PNAME-DOB-GENDER-SSN,5
+LIKELY_NAME+DOB+SSN+DRLIC,5
+NAME+DOB+PHONE+SSN+PASSPORT+LOGIN_ID (Ambiguous),5
+PNAME+ADDRESS+PHONE+SSN+PASSPORT,5
+PNAME+DOB+PHONE+ACCT_NUM-DRLIC,5
+PNAME+ADDRESS+PHONE+SSN+PASSPORT-DRLIC,5
+NAME+DOB+PHONE+SSN+LOGIN_ID+ACCT_NUM (Ambiguous),5
+NAME+DOB+LOGIN_ID (Ambiguous),5
+PNAME-SSN-DRLIC-PASSPORT,5
+PNAME+DOB+PHONE+DRLIC+PASSPORT+ACCT_NUM (Ambiguous),5
+NAME+ADDRESS-GENDER-SSN-DRLIC,5
+NAME+ADDRESS+PHONE+PASSPORT,5
+PNAME+SSN+PASSPORT+LOGIN_ID (Ambiguous),5
+ADDRESS-GENERATION-DRLIC-PASSPORT,5
+PNAME+DOB+ADDRESS+SSN+LOGIN_ID (Ambiguous),5
+PNAME+DOB+ADDRESS+PHONE+SSN+PASSPORT+LOGIN_ID+ACCT_NUM (Ambiguous),5
+SURNAME+PHONE-GENDER-SSN-PASSPORT,5
+PNAME+DOB+PHONE+SSN+LOGIN_ID+ACCT_NUM (Ambiguous),5
+LIKELY_NAME+ADDRESS+DRLIC+LOGIN_ID,5
+PNAME+PHONE+PASSPORT+LOGIN_ID (Ambiguous),5
+PNAME+ADDRESS+PHONE-SSN,5
+SURNAME+PHONE-DOB-GENDER-SSN-PASSPORT,5
-GENERATION-DOB,5
+NAME+SSN-DOB-PASSPORT,5
+NAME+DOB+DRLIC+PASSPORT+ACCT_NUM (Ambiguous),5
+SURNAME+PHONE-DOB-GENDER-SSN,5
+NAME+SSN+PASSPORT+LOGIN_ID (Ambiguous),5
+LIKELY_NAME+ADDRESS+DRLIC+PASSPORT+ACCT_NUM,5
+PNAME+PHONE-DRLIC-PASSPORT,5
+NAME+ADDRESS-DOB-GENDER,5
+NAME+ADDRESS+PHONE+SSN+DRLIC,5
+SURNAME-DOB,5
+NAME+SSN+ACCT_NUM-DRLIC,5
+NAME+LOGIN_ID-DOB-DRLIC,5
+ADDRESS+PHONE+SSN+DRLIC-GENERATION,5
+PNAME+PHONE-DOB-SSN-DRLIC,5
+PNAME+DOB+ADDRESS+PHONE+LOGIN_ID+ACCT_NUM (Ambiguous),5
+NAME+ADDRESS+PASSPORT,5
+PNAME+PHONE+ACCT_NUM-DRLIC,5
+NAME+PHONE-DOB-GENDER-SSN,5
+PNAME+SSN+DRLIC+LOGIN_ID+ACCT_NUM (Ambiguous),5
+NAME+ADDRESS+PASSPORT-DRLIC,5
+LIKELY_NAME+DOB+ADDRESS+PASSPORT+ACCT_NUM,5
+NAME+DRLIC-DOB-SSN,4
+ADDRESS+PHONE+ACCT_NUM-GENERATION,4
+NAME+ADDRESS+PHONE+SSN+ACCT_NUM-DRLIC,4
+SURNAME+DOB+ADDRESS+SSN+DRLIC+PASSPORT+LOGIN_ID+ACCT_NUM,4
-GENERATION-SSN-DRLIC,4
+PNAME+ADDRESS+SSN+PASSPORT+LOGIN_ID+ACCT_NUM (Ambiguous),4
+PNAME+ADDRESS+SSN+DRLIC+LOGIN_ID (Ambiguous),4
+ACCT_NUM-DRLIC,4
+LIKELY_NAME+DRLIC+LOGIN_ID+ACCT_NUM,4
+NAME+DOB+PHONE+SSN+PASSPORT+LOGIN_ID+ACCT_NUM (Ambiguous),4
+NAME+DRLIC+PASSPORT (Ambiguous),4
+LIKELY_NAME+DOB+LOGIN_ID,4
+PNAME-DOB-SSN-DRLIC,4
+NAME+ADDRESS-DOB-GENDER-PASSPORT,4
+NAME+PHONE-SSN-DRLIC,4
+PNAME+DOB+LOGIN_ID-SSN,4
+ADDRESS+PHONE-DRLIC,4
+PNAME+ADDRESS+PHONE+PASSPORT+LOGIN_ID+ACCT_NUM (Ambiguous),4
+SURNAME+SSN-DOB-DRLIC,4
+NAME+ADDRESS-DOB-GENDER-SSN-DRLIC,4
+SURNAME+SSN-DOB-GENDER-PASSPORT,4
+PHONE-GENERATION-GENDER-SSN,4
+NAME+DOB+ADDRESS+DRLIC+PASSPORT (Ambiguous),4
+NAME+ADDRESS+ACCT_NUM,4
+PNAME-GENDER-SSN,4
+NAME+LOGIN_ID-DOB-SSN-DRLIC-PASSPORT,4
+SURNAME+DOB+PHONE+SSN-DRLIC,4
+LIKELY_NAME+DOB+ADDRESS+DRLIC+PASSPORT,4
+SURNAME+DRLIC-DOB-PASSPORT,4
+SURNAME+DOB+PHONE+SSN+DRLIC+PASSPORT+LOGIN_ID+ACCT_NUM,4
+LIKELY_NAME+DRLIC+PASSPORT+ACCT_NUM,4
+PNAME+LOGIN_ID-GENERATION-SSN,4
+ADDRESS+SSN-DRLIC,4
+NAME+PHONE+SSN+PASSPORT+LOGIN_ID (Ambiguous),4
+DOB,4
+PNAME+DOB+SSN+LOGIN_ID+ACCT_NUM (Ambiguous),4
+SURNAME-DOB-SSN,4
+DOB+ADDRESS-GENDER-SSN-DRLIC-PASSPORT,4
+NAME+LOGIN_ID-SSN-DRLIC-PASSPORT,4
+PNAME+ADDRESS+PHONE+DRLIC+ACCT_NUM-GENERATION,4
+PNAME-DOB-DRLIC,4
+PHONE-GENERATION-GENDER,4
+NAME+ADDRESS+PHONE+SSN+DRLIC+PASSPORT+LOGIN_ID (Ambiguous),4
+NAME+DOB+ADDRESS+PHONE-SSN,4
+NAME+LOGIN_ID-DOB-SSN-DRLIC,4
+LIKELY_NAME+DOB+PHONE+DRLIC+PASSPORT+ACCT_NUM,4
+DOB+ADDRESS+PHONE+SSN (Ambiguous),4
+NAME+LOGIN_ID-DOB-GENDER-DRLIC,4
+LIKELY_NAME+ADDRESS+SSN+DRLIC+LOGIN_ID,4
+SURNAME+SSN-DRLIC,4
+NAME+DOB+ADDRESS+PHONE+ACCT_NUM-DRLIC,4
+SSN-GENERATION-DOB-PASSPORT,4
+PNAME+SSN-GENDER-DRLIC,4
+PNAME+ADDRESS-GENDER-DRLIC-PASSPORT,4
+PNAME+PHONE+SSN+PASSPORT+LOGIN_ID+ACCT_NUM (Ambiguous),4
+PNAME+DOB+ADDRESS+LOGIN_ID+ACCT_NUM (Ambiguous),4
+PNAME-DRLIC,4
+NAME+LOGIN_ID-DRLIC-PASSPORT,4
+SSN-GENERATION-DOB-GENDER-DRLIC,4
+NAME+DOB+ADDRESS+PHONE+SSN+DRLIC+LOGIN_ID+ACCT_NUM (Ambiguous),4
+DOB+ADDRESS+PHONE-DRLIC,4
+SURNAME-GENDER-SSN-PASSPORT,4
+SURNAME-GENDER-SSN,4
+SSN-GENERATION-DOB-DRLIC,4
+NAME+ADDRESS+PHONE+SSN+PASSPORT+LOGIN_ID+ACCT_NUM (Ambiguous),4
+PNAME+DOB+PHONE+PASSPORT-DRLIC,4
+DOB+ADDRESS+PHONE+SSN-DRLIC,4
+NAME+DRLIC-GENDER,4
+PNAME+ADDRESS+SSN+ACCT_NUM-DRLIC,4
+ADDRESS-GENERATION-GENDER-DRLIC-PASSPORT,4
+PHONE-GENERATION-DOB,4
+ADDRESS-GENERATION-GENDER-SSN-DRLIC-PASSPORT,4
+PNAME+DOB+PHONE+LOGIN_ID+ACCT_NUM (Ambiguous),4
+PNAME+SSN-DOB-GENDER-PASSPORT,4
+NAME+DOB-GENERATION-DRLIC-PASSPORT,4
+NAME+ADDRESS+PHONE+LOGIN_ID-DRLIC,4
+NAME+DOB+SSN+LOGIN_ID+ACCT_NUM (Ambiguous),4
+PHONE-GENERATION-DOB-GENDER-SSN,4
+LIKELY_NAME+SSN+PASSPORT+LOGIN_ID,4
+PNAME+DOB+PHONE+SSN+DRLIC+LOGIN_ID (Ambiguous),4
+PNAME+ADDRESS+SSN-DRLIC,4
+NAME+DOB+DRLIC-SSN,4
+DOB+SSN-GENDER-DRLIC-PASSPORT,4
+PNAME+ADDRESS+PHONE+SSN+DRLIC+PASSPORT+LOGIN_ID (Ambiguous),4
+SURNAME+PHONE-SSN-PASSPORT,4
+NAME+DOB+PHONE+LOGIN_ID+ACCT_NUM (Ambiguous),4
+SURNAME+ADDRESS-DOB-GENDER-SSN-DRLIC-PASSPORT,4
+SURNAME+ADDRESS-DOB-DRLIC-PASSPORT,4
+PHONE+ACCT_NUM-GENERATION,4
+DRLIC-GENERATION-DOB-GENDER-PASSPORT,4
+NAME+PHONE-DOB-SSN-DRLIC,4
+NAME+PHONE-GENDER-SSN-PASSPORT,4
+NAME+PHONE+ACCT_NUM-SSN,4
+NAME+ADDRESS+SSN-DRLIC,4
+PNAME+PHONE+DRLIC+LOGIN_ID+ACCT_NUM (Ambiguous),3
+NAME+ADDRESS+DRLIC+PASSPORT+LOGIN_ID (Ambiguous),3
+LIKELY_NAME+SSN+DRLIC+LOGIN_ID,3
+PNAME+DOB+ADDRESS+SSN+LOGIN_ID+ACCT_NUM (Ambiguous),3
+PHONE+SSN+PASSPORT-GENERATION,3
-GENERATION-DOB-GENDER,3
+NAME+DOB+PHONE+SSN+DRLIC+LOGIN_ID+ACCT_NUM (Ambiguous),3
+PNAME+DOB+DRLIC+LOGIN_ID (Ambiguous),3
+PNAME-DOB-DRLIC-PASSPORT,3
+PNAME+DOB+DRLIC+PASSPORT+ACCT_NUM (Ambiguous),3
+PNAME+ADDRESS-GENERATION-SSN,3
+NAME+ADDRESS-DOB-SSN-DRLIC-PASSPORT,3
+NAME+PHONE+SSN+DRLIC,3
+DRLIC-DOB-SSN-DRLIC,3
+LIKELY_NAME+DOB+PHONE+SSN+DRLIC,3
+NAME+DOB+PHONE+DRLIC,3
+PNAME+ADDRESS+PHONE+SSN+PASSPORT+ACCT_NUM-GENERATION,3
+NAME+DOB+PHONE+ACCT_NUM-DRLIC,3
+PNAME+DOB+PHONE-DRLIC,3
+PNAME+DOB+PHONE+DRLIC+LOGIN_ID+ACCT_NUM (Ambiguous),3
+NAME+DOB-GENERATION-GENDER-PASSPORT,3
+SURNAME+ADDRESS-GENDER-DRLIC-PASSPORT,3
+NAME+PHONE+PASSPORT+LOGIN_ID (Ambiguous),3
+LIKELY_NAME+DOB+PHONE+PASSPORT+LOGIN_ID+ACCT_NUM,3
+PNAME+DOB+PHONE+PASSPORT+LOGIN_ID+ACCT_NUM (Ambiguous),3
+PASSPORT-DOB-GENDER-DRLIC,3
+NAME+PHONE+LOGIN_ID-DRLIC,3
+PASSPORT-DOB-DRLIC,3
+DOB+PHONE+SSN-DRLIC,3
+DOB+PHONE+SSN+ACCT_NUM-DRLIC,3
+PNAME+ADDRESS+SSN+DRLIC,3
+DOB+PHONE-SSN,3
+NAME+PHONE-GENDER-DRLIC,3
+NAME+DOB+DRLIC+LOGIN_ID (Ambiguous),3
+NAME+DOB+ADDRESS+SSN+LOGIN_ID+ACCT_NUM (Ambiguous),3
+SURNAME-SSN-PASSPORT,3
+PNAME+ADDRESS+PHONE+ACCT_NUM,3
+DOB+DRLIC-PASSPORT,3
+NAME+DOB+ADDRESS-SSN,3
+NAME+ADDRESS+PHONE+DRLIC+ACCT_NUM,3
+PNAME+ADDRESS+PHONE+ACCT_NUM-DRLIC,3
+NAME+DOB+ADDRESS+PHONE-SSN-PASSPORT,3
+SURNAME+DOB+ADDRESS+DRLIC+PASSPORT+LOGIN_ID+ACCT_NUM,3
+NAME+DOB+ADDRESS+PHONE+SSN+DRLIC+PASSPORT+LOGIN_ID (Ambiguous),3
+DOB+ADDRESS-SSN-DRLIC-PASSPORT,3
+NAME+PHONE+DRLIC,3
+DOB+ADDRESS+SSN-DRLIC,3
+LIKELY_NAME+DOB+ADDRESS+SSN+DRLIC,3
+NAME+DOB+ADDRESS+PHONE+SSN,3
+PNAME+ADDRESS+DRLIC+LOGIN_ID+ACCT_NUM (Ambiguous),3
+DOB+ADDRESS+PHONE+SSN-GENERATION,3
+SURNAME+SSN-GENDER-DRLIC,3
+PNAME-GENDER-SSN-PASSPORT,3
+LIKELY_NAME+DOB+PHONE+DRLIC+LOGIN_ID+ACCT_NUM,3
+NAME+PHONE+ACCT_NUM-GENERATION,3
+NAME+DOB+ADDRESS+PHONE+DRLIC+LOGIN_ID (Ambiguous),3
+PNAME+ADDRESS+ACCT_NUM-GENERATION,3
+NAME+DOB+ADDRESS+PHONE+DRLIC+LOGIN_ID+ACCT_NUM (Ambiguous),3
+NAME+SSN+PASSPORT,3
+PNAME+DOB+ADDRESS+DRLIC+LOGIN_ID (Ambiguous),3
+NAME+DOB+ADDRESS+PHONE+DRLIC,3
+NAME+ADDRESS+PHONE+ACCT_NUM-SSN,3
+LIKELY_NAME+ADDRESS+SSN+DRLIC+PASSPORT+LOGIN_ID+ACCT_NUM,3
+NAME+PASSPORT+ACCT_NUM-DRLIC,3
+LIKELY_NAME+ADDRESS+SSN+DRLIC+LOGIN_ID+ACCT_NUM,3
+NAME+PASSPORT+ACCT_NUM (Ambiguous),3
+NAME+PASSPORT+ACCT_NUM,3
+PNAME+LOGIN_ID-GENERATION,3
+LIKELY_NAME+DOB+PHONE+DRLIC+LOGIN_ID,3
+PNAME+ADDRESS+PHONE-GENERATION,3
+PNAME+ADDRESS+PHONE+LOGIN_ID-DRLIC,3
+NAME+LOGIN_ID-GENDER-SSN-DRLIC,3
+ADDRESS+SSN+PASSPORT+ACCT_NUM-DRLIC,3
+NAME+ADDRESS+SSN+PASSPORT+LOGIN_ID+ACCT_NUM (Ambiguous),3
+NAME+ADDRESS+SSN+PASSPORT-DRLIC,3
+NAME+ADDRESS+PASSPORT+LOGIN_ID (Ambiguous),3
+SURNAME-GENDER-SSN-DRLIC,3
+PNAME+PHONE-DOB-GENDER-SSN-DRLIC,3
+NAME+ADDRESS+PHONE+SSN+PASSPORT-DRLIC,3
+ADDRESS+PHONE+SSN-GENERATION,3
+NAME+ADDRESS+PHONE+SSN+PASSPORT,3
+NAME+ADDRESS+PHONE+SSN-GENERATION,3
+NAME+ADDRESS+PHONE+SSN+DRLIC+LOGIN_ID+ACCT_NUM (Ambiguous),3
+ADDRESS+PHONE+SSN-DRLIC,3
+ADDRESS+PHONE+SSN+ACCT_NUM-DRLIC,3
+LIKELY_NAME+ADDRESS+DRLIC+PASSPORT+LOGIN_ID+ACCT_NUM,3
+NAME+ADDRESS+PHONE+ACCT_NUM,3
+ADDRESS+PHONE-SSN,3
+NAME+LOGIN_ID+ACCT_NUM (Ambiguous),3
+SURNAME+LOGIN_ID-GENERATION-SSN,3
+ADDRESS+PHONE-GENERATION,3
+ADDRESS+PHONE+DRLIC-GENERATION,3
+PNAME+DOB+ADDRESS+PHONE+PASSPORT+LOGIN_ID (Ambiguous),3
+SURNAME+PHONE-DOB-DRLIC-PASSPORT,3
+NAME+DRLIC+PASSPORT+ACCT_NUM (Ambiguous),3
+SURNAME+PHONE-DOB-PASSPORT,3
+SURNAME+PHONE-DOB-SSN-PASSPORT,3
+PNAME+DOB+ADDRESS+PHONE+SSN+ACCT_NUM-DRLIC,3
+NAME+ADDRESS+ACCT_NUM-GENERATION,3
+NAME+SSN-DOB-GENDER,3
+PNAME+PHONE+SSN+ACCT_NUM-DRLIC,3
+NAME+ADDRESS+PHONE+PASSPORT+LOGIN_ID (Ambiguous),3
+NAME+DRLIC-GENDER-SSN,3
+SURNAME+PHONE+SSN-DRLIC,3
+NAME+ADDRESS+PHONE+PASSPORT+ACCT_NUM-DRLIC,3
+NAME+DRLIC-DOB-SSN-PASSPORT,3
+NAME+ADDRESS+PHONE+LOGIN_ID,3
+PNAME+DOB+ADDRESS+PHONE+SSN+DRLIC+LOGIN_ID+ACCT_NUM (Ambiguous),3
+ADDRESS-GENERATION-DOB-GENDER-DRLIC-PASSPORT,3
+NAME+DRLIC-DOB,3
+PNAME+PHONE+SSN+LOGIN_ID-DRLIC,3
+LIKELY_NAME+PHONE+SSN+DRLIC+LOGIN_ID+ACCT_NUM,3
+PHONE+ACCT_NUM-DRLIC,3
+NAME+PHONE+SSN+PASSPORT+LOGIN_ID+ACCT_NUM (Ambiguous),3
+NAME+ADDRESS+DRLIC+PASSPORT+ACCT_NUM (Ambiguous),3
+PNAME+DOB+ADDRESS+PHONE+SSN+PASSPORT+LOGIN_ID (Ambiguous),3
+PNAME+SSN-DOB-GENDER-DRLIC,3
+NAME+DOB+SSN+DRLIC+PASSPORT+ACCT_NUM (Ambiguous),3
+LIKELY_NAME+DOB+PASSPORT+LOGIN_ID,3
+NAME+PHONE-DOB-PASSPORT,2
+ADDRESS+SSN+ACCT_NUM-DRLIC,2
+PNAME+DRLIC-DOB-GENDER-PASSPORT,2
+PNAME+ADDRESS+DRLIC-GENERATION,2
+PNAME+DRLIC+ACCT_NUM-GENERATION,2
+SURNAME+DOB+ADDRESS+PHONE-DRLIC,2
+PNAME+PHONE-DOB-GENDER-PASSPORT,2
+SURNAME-GENDER,2
+SURNAME-GENDER-PASSPORT,2
+LIKELY_NAME+DOB+ADDRESS+SSN+PASSPORT,2
+PNAME+DOB+ADDRESS+PHONE+SSN+DRLIC+PASSPORT+LOGIN_ID (Ambiguous),2
+SURNAME+DOB+ADDRESS+PHONE+ACCT_NUM-DRLIC,2
+NAME+DOB+ADDRESS+PHONE+SSN-GENERATION,2
+PHONE-GENERATION-DOB-GENDER-PASSPORT,2
+ADDRESS+PHONE+SSN+PASSPORT+ACCT_NUM-GENERATION,2
+ADDRESS+PHONE+SSN+LOGIN_ID+ACCT_NUM-DRLIC,2
+PNAME+DOB+ADDRESS+SSN+DRLIC+LOGIN_ID+ACCT_NUM (Ambiguous),2
+PNAME+DOB+SSN+PASSPORT+LOGIN_ID (Ambiguous),2
+NAME+DOB+PHONE+PASSPORT-DRLIC,2
+NAME+DOB+SSN+DRLIC+LOGIN_ID (Ambiguous),2
+PNAME+ADDRESS+ACCT_NUM-DRLIC,2
+NAME+LOGIN_ID-DOB-GENDER-PASSPORT,2
+NAME+DOB+ADDRESS+PHONE+SSN+PASSPORT-GENERATION,2
+PNAME+ADDRESS+PHONE-DOB,2
+PHONE+SSN+DRLIC+LOGIN_ID-GENERATION,2
+NAME+SSN+DRLIC+LOGIN_ID+ACCT_NUM (Ambiguous),2
+DOB+ADDRESS+SSN+PASSPORT+ACCT_NUM-GENERATION,2
+PNAME+ADDRESS+SSN+PASSPORT,2
+NAME+PHONE-DRLIC-PASSPORT,2
+PNAME+PHONE+SSN+PASSPORT,2
+LIKELY_NAME+PHONE+PASSPORT+LOGIN_ID+ACCT_NUM,2
+NAME+DOB+ADDRESS+SSN,2
+NAME+ADDRESS+PHONE+SSN+DRLIC-GENERATION,2
+LIKELY_NAME+DOB+LOGIN_ID+ACCT_NUM,2
+NAME+DOB+PHONE-SSN,2
+PNAME+PHONE+SSN+PASSPORT+ACCT_NUM-GENERATION,2
+PHONE+SSN-GENERATION,2
+NAME+LOGIN_ID+ACCT_NUM-DRLIC,2
+LIKELY_NAME+ADDRESS+DRLIC+PASSPORT+LOGIN_ID,2
+NAME+DOB+ADDRESS+SSN-DRLIC,2
+NAME+DOB+ADDRESS+SSN+DRLIC+LOGIN_ID (Ambiguous),2
+NAME+ADDRESS-GENDER-DRLIC,2
+NAME+DOB+ADDRESS+SSN+DRLIC+PASSPORT+ACCT_NUM (Ambiguous),2
+DOB-GENDER-SSN,2
+NAME+LOGIN_ID,2
+PHONE+PASSPORT-GENERATION,2
+NAME+DRLIC-SSN-PASSPORT,2
+PHONE+SSN+LOGIN_ID+ACCT_NUM-DRLIC,2
+LIKELY_NAME+PASSPORT+LOGIN_ID+ACCT_NUM,2
+PNAME+ADDRESS+SSN-GENERATION,2
+NAME+DOB+ADDRESS+SSN+PASSPORT+LOGIN_ID (Ambiguous),2
+PNAME+PHONE+SSN+PASSPORT-DRLIC,2
+SURNAME-PASSPORT,2
+PNAME+ADDRESS+PHONE+PASSPORT-DRLIC,2
+DOB+LOGIN_ID-GENDER-DRLIC-PASSPORT,2
+NAME+ADDRESS+LOGIN_ID-DRLIC,2
+NAME+PHONE-SSN-DRLIC-PASSPORT,2
+PNAME+DOB+SSN+DRLIC,2
+ACCT_NUM-SSN,2
+SURNAME+ADDRESS+PHONE+SSN-PASSPORT,2
+NAME+ADDRESS+PHONE+SSN+ACCT_NUM-GENERATION,2
+NAME+PHONE+SSN+DRLIC+PASSPORT+LOGIN_ID+ACCT_NUM (Ambiguous),2
+SURNAME+PHONE-DOB-GENDER,2
+PNAME+ADDRESS+PHONE+PASSPORT+LOGIN_ID-DRLIC,2
+SSN+DRLIC-GENERATION,2
+PNAME+ADDRESS+PASSPORT+LOGIN_ID+ACCT_NUM (Ambiguous),2
+SURNAME+PHONE-DOB-GENDER-SSN-DRLIC,2
+NAME+DOB+DRLIC+PASSPORT (Ambiguous),2
+PNAME+ADDRESS+SSN+DRLIC+LOGIN_ID+ACCT_NUM (Ambiguous),2
+NAME+PHONE+SSN+DRLIC+PASSPORT+LOGIN_ID (Ambiguous),2
+PNAME+DOB+PHONE+SSN+PASSPORT+LOGIN_ID+ACCT_NUM (Ambiguous),2
+SURNAME+PHONE-DOB-SSN-DRLIC-PASSPORT,2
+DRLIC+LOGIN_ID-SSN,2
+SURNAME+PHONE-DRLIC,2
+ADDRESS+PHONE+ACCT_NUM-SSN,2
+LIKELY_NAME+SSN+DRLIC+PASSPORT+ACCT_NUM,2
+ADDRESS+PHONE+ACCT_NUM-DRLIC,2
-GENERATION-GENDER-PASSPORT,2
+NAME+DRLIC-PASSPORT,2
+SURNAME+ADDRESS+PHONE+SSN+ACCT_NUM-DRLIC,2
+PNAME+ADDRESS-GENERATION-DOB-SSN-PASSPORT,2
+LIKELY_NAME+DOB+SSN+PASSPORT,2
+LIKELY_NAME+LOGIN_ID-DOB,2
+NAME+PHONE-GENDER-PASSPORT,2
+SURNAME+PHONE-GENDER-PASSPORT,2
+PNAME+ADDRESS+SSN+DRLIC+ACCT_NUM-GENERATION,2
+SURNAME+PHONE-GENDER-SSN-DRLIC,2
+PNAME+DOB+PHONE+SSN-GENERATION,2
+DOB+PHONE+SSN+ACCT_NUM (Ambiguous),2
+NAME+DRLIC-GENERATION,2
-GENERATION-GENDER-SSN-PASSPORT,2
+PNAME+DOB+PHONE+SSN+DRLIC+LOGIN_ID+ACCT_NUM (Ambiguous),2
+NAME+PHONE+SSN-GENERATION,2
+PNAME+PHONE+SSN+ACCT_NUM-GENERATION,2
+LIKELY_NAME+DOB+DRLIC+LOGIN_ID+ACCT_NUM,2
+NAME+ADDRESS+PHONE+PASSPORT+LOGIN_ID+ACCT_NUM-DRLIC,2
+PNAME+SSN+DRLIC+LOGIN_ID,2
+NAME+ADDRESS+PHONE+PASSPORT-GENERATION,2
+NAME+PHONE+PASSPORT+ACCT_NUM-DRLIC,2
+PNAME+DOB+PHONE-SSN,2
+NAME+DOB+SSN-DRLIC,2
+DOB-SSN-DRLIC,2
+NAME+PHONE+PASSPORT-GENERATION,2
-GENERATION-DOB-GENDER-SSN-PASSPORT,2
+NAME+PHONE+SSN+PASSPORT+ACCT_NUM-DRLIC,2
+PNAME+DOB+PHONE-GENERATION,2
+NAME+DOB-GENERATION-DRLIC,2
+NAME+DOB-GENERATION-GENDER-DRLIC,2
+NAME+ADDRESS+PHONE+LOGIN_ID+ACCT_NUM-DRLIC,2
+PNAME+ADDRESS+PHONE+SSN+ACCT_NUM-GENERATION,2
+PNAME+DOB+PHONE+DRLIC+LOGIN_ID (Ambiguous),2
+PNAME+SSN+PASSPORT+LOGIN_ID,2
+NAME+DOB+LOGIN_ID-DRLIC,2
-GENERATION-DOB-SSN-PASSPORT,2
+NAME+PHONE+SSN+PASSPORT-DRLIC,2
+PNAME+PHONE+SSN+DRLIC-GENERATION,2
+PNAME+ACCT_NUM-DRLIC,2
+SURNAME+ADDRESS-DOB-GENDER-DRLIC-PASSPORT,2
+PNAME+DOB+PASSPORT+LOGIN_ID (Ambiguous),2
+NAME+DRLIC-DOB-PASSPORT,2
+PHONE-GENERATION-DOB-GENDER,2
+NAME+SSN-DOB-DRLIC-PASSPORT,2
+PNAME+DOB+LOGIN_ID-PASSPORT,2
+NAME+SSN-DOB-DRLIC,2
+NAME+ADDRESS+PHONE+DRLIC+PASSPORT,2
+SURNAME+SSN-DOB-GENDER-DRLIC,2
+PNAME-DOB-GENDER-SSN-PASSPORT,2
+PNAME+LOGIN_ID-GENERATION-GENDER,2
+NAME+DOB+ADDRESS+DRLIC,2
+NAME+ADDRESS+PHONE+DRLIC+LOGIN_ID+ACCT_NUM (Ambiguous),2
+PNAME+LOGIN_ID-GENERATION-DOB-SSN,2
+DOB+ADDRESS-GENDER-DRLIC-PASSPORT,2
+PNAME+ADDRESS+PHONE+DRLIC+PASSPORT+LOGIN_ID (Ambiguous),2
+NAME+DOB+ACCT_NUM-DRLIC,2
+LIKELY_NAME+PHONE+SSN+PASSPORT+LOGIN_ID+ACCT_NUM,2
+NAME+DOB+PHONE+DRLIC+PASSPORT+ACCT_NUM (Ambiguous),2
+PNAME+DOB+ADDRESS+PASSPORT+LOGIN_ID (Ambiguous),2
+NAME+ADDRESS+PASSPORT+ACCT_NUM-DRLIC,2
+PNAME+ADDRESS+PHONE-PASSPORT,2
+PNAME+ADDRESS+PHONE+DRLIC+PASSPORT+LOGIN_ID+ACCT_NUM (Ambiguous),2
+SSN-GENERATION-GENDER-DRLIC-PASSPORT,2
+PNAME+ADDRESS-GENERATION-SSN-PASSPORT,2
+SURNAME-DOB-SSN-DRLIC,2
+NAME+SSN+DRLIC+PASSPORT+LOGIN_ID (Ambiguous),2
+NAME+SSN+DRLIC+PASSPORT,2
+PNAME+PHONE+SSN+DRLIC+PASSPORT+LOGIN_ID (Ambiguous),2
+SSN-GENERATION-DOB-DRLIC-PASSPORT,2
+NAME+DOB+ADDRESS+PASSPORT-GENERATION,2
+NAME+ADDRESS+SSN+PASSPORT+ACCT_NUM-DRLIC,2
+DOB+ADDRESS+PASSPORT-DRLIC,2
+LIKELY_NAME+ADDRESS+SSN+DRLIC+PASSPORT+LOGIN_ID,2
+NAME+PASSPORT-DRLIC,2
+SURNAME-DOB-GENDER-SSN,2
+PNAME+DOB+ADDRESS+PHONE+DRLIC-GENERATION,2
+PNAME+DOB+ADDRESS+PHONE+DRLIC+LOGIN_ID (Ambiguous),2
+NAME+ADDRESS+DRLIC+ACCT_NUM,2
+NAME+ADDRESS+SSN+DRLIC+PASSPORT+LOGIN_ID+ACCT_NUM (Ambiguous),2
+PNAME+DOB+ADDRESS+ACCT_NUM-DRLIC,2
+DOB+ADDRESS+PHONE+SSN+ACCT_NUM-DRLIC,2
+ADDRESS+SSN+DRLIC-GENERATION,2
+DOB+ADDRESS+PHONE+SSN+ACCT_NUM-GENERATION,2
+LIKELY_NAME+DOB+ADDRESS+DRLIC+LOGIN_ID+ACCT_NUM,2
+NAME+ACCT_NUM-SSN,2
+SURNAME+DRLIC-DOB-GENDER-PASSPORT,2
+LIKELY_NAME+DOB+ADDRESS+DRLIC+PASSPORT+ACCT_NUM,2
+LIKELY_NAME+DOB+ADDRESS+LOGIN_ID+ACCT_NUM,2
+DOB+ADDRESS+PHONE+SSN+DRLIC-GENERATION,2
+PNAME+ADDRESS+PHONE+PASSPORT+ACCT_NUM,2
+PNAME+DOB+ACCT_NUM-GENERATION,2
+PNAME+DOB+ACCT_NUM-DRLIC,2
+LIKELY_NAME+LOGIN_ID-PASSPORT,2
+NAME+DOB+ADDRESS+PHONE+PASSPORT+LOGIN_ID (Ambiguous),2
+NAME+ADDRESS+SSN+ACCT_NUM-DRLIC,2
+DOB+ADDRESS+PHONE+SSN+LOGIN_ID-GENERATION,2
+PNAME+PHONE+ACCT_NUM-GENERATION,2
+PNAME+SSN+PASSPORT+ACCT_NUM,2
+NAME+PHONE-DOB-GENDER-SSN-PASSPORT,2
+LIKELY_NAME+PHONE+DRLIC+PASSPORT+LOGIN_ID+ACCT_NUM,1
+PHONE+PASSPORT-DRLIC,1
+PHONE+SSN+PASSPORT+ACCT_NUM-GENERATION,1
+PHONE+SSN+PASSPORT-DRLIC,1
+ADDRESS+ACCT_NUM-GENDER-PASSPORT,1
+PHONE+SSN+PASSPORT+LOGIN_ID-DRLIC,1
+ADDRESS+ACCT_NUM-DRLIC,1
+PNAME+ACCT_NUM-GENERATION,1
+PNAME+ACCT_NUM-SSN,1
+PNAME+ACCT_NUM-SSN-PASSPORT,1
+PHONE+LOGIN_ID-SSN,1
+PNAME+ADDRESS+ACCT_NUM-SSN,1
+PNAME+ADDRESS+ACCT_NUM-SSN-DRLIC,1
+PHONE-GENERATION-SSN-PASSPORT,1
+PHONE-GENERATION-SSN-DRLIC,1
+PNAME+ADDRESS-DOB-GENDER-DRLIC-PASSPORT,1
+PHONE-GENERATION-PASSPORT,1
+LIKELY_NAME+LOGIN_ID-SSN,1
+PHONE-GENERATION-GENDER-SSN-PASSPORT,1
+PHONE-GENERATION-GENDER-DRLIC,1
+LIKELY_NAME+LOGIN_ID-GENDER-SSN,1
+LIKELY_NAME+LOGIN_ID-GENDER-PASSPORT,1
+LIKELY_NAME+LOGIN_ID-GENDER,1
+LIKELY_NAME+LOGIN_ID-DRLIC,1
+LIKELY_NAME+LOGIN_ID-DOB-SSN-DRLIC,1
+LIKELY_NAME+LOGIN_ID-DOB-GENDER-SSN-PASSPORT,1
+PHONE-GENERATION-DOB-SSN-PASSPORT,1
+PHONE-GENERATION-DOB-SSN-DRLIC-PASSPORT,1
+LIKELY_NAME+LOGIN_ID-DOB-GENDER,1
+PHONE-GENERATION-DOB-SSN,1
+LIKELY_NAME+LOGIN_ID-DOB-DRLIC,1
+PHONE-GENERATION-DOB-PASSPORT,1
+PHONE-GENERATION-DOB-GENDER-SSN-PASSPORT,1
+PNAME+ADDRESS-GENERATION,1
+PNAME+ADDRESS-GENERATION-DOB-SSN,1
+PNAME+ADDRESS+LOGIN_ID-GENERATION,1
+PNAME+ADDRESS+PASSPORT+ACCT_NUM,1
+PNAME+ADDRESS+PASSPORT+LOGIN_ID-DRLIC,1
+LIKELY_NAME+SSN+DRLIC+PASSPORT+LOGIN_ID,1
+PNAME+ADDRESS+PHONE-DOB-DRLIC,1
+PNAME+ADDRESS+PHONE-DOB-SSN-DRLIC,1
+LIKELY_NAME+SSN+PASSPORT+LOGIN_ID+ACCT_NUM,1
+LOGIN_ID+ACCT_NUM-DRLIC,1
+PNAME+ADDRESS+PHONE+DRLIC-GENERATION,1
+PHONE+DRLIC+ACCT_NUM-SSN,1
+PHONE+DRLIC+ACCT_NUM-GENERATION,1
+PNAME+ADDRESS+PHONE-GENDER,1
+NAME+ACCT_NUM-GENERATION,1
+NAME+ACCT_NUM-SSN-PASSPORT,1
+PNAME+ADDRESS+PHONE+PASSPORT+ACCT_NUM-DRLIC,1
+NAME+ADDRESS+PHONE+DRLIC-GENERATION,1
+NAME+ADDRESS-DOB-DRLIC-PASSPORT,1
+PNAME+ADDRESS+PHONE+SSN+DRLIC+ACCT_NUM-GENERATION,1
+NAME+ADDRESS-DOB-GENDER-DRLIC,1
+PNAME+ADDRESS+PHONE+SSN+DRLIC+PASSPORT,1
+PASSPORT-GENERATION-SSN,1
+PNAME+ADDRESS+PHONE+SSN+DRLIC+PASSPORT+LOGIN_ID+ACCT_NUM (Ambiguous),1
+PNAME+ADDRESS+PHONE+SSN-GENERATION,1
+PNAME+ADDRESS+PHONE+SSN+LOGIN_ID+ACCT_NUM-GENERATION,1
+PNAME+ADDRESS+PHONE+SSN+LOGIN_ID-DOB,1
+PNAME+ADDRESS+PHONE+SSN+LOGIN_ID-DRLIC,1
+PNAME+ADDRESS+PHONE+SSN+PASSPORT+ACCT_NUM-DRLIC,1
+NAME+ADDRESS-DOB-GENDER-DRLIC-PASSPORT,1
+PNAME+ADDRESS+PHONE+SSN+PASSPORT-GENERATION,1
+LIKELY_NAME+DOB+PHONE+PASSPORT+LOGIN_ID,1
+PNAME+ADDRESS+SSN+ACCT_NUM-GENERATION,1
+PASSPORT+ACCT_NUM-GENERATION,1
+PNAME+ADDRESS+SSN+DRLIC-GENERATION,1
+PASSPORT+ACCT_NUM-GENDER-SSN,1
+NAME+SSN+PASSPORT+LOGIN_ID-DRLIC,1
+PNAME+ADDRESS+SSN+LOGIN_ID+ACCT_NUM-GENERATION,1
+PNAME+ADDRESS+SSN+LOGIN_ID-DRLIC,1
+PNAME+ADDRESS+SSN+LOGIN_ID-GENERATION,1
+LIKELY_NAME+DOB+PHONE+DRLIC+PASSPORT+LOGIN_ID+ACCT_NUM,1
+PNAME+ADDRESS+SSN-PASSPORT,1
+NAME+SSN+PASSPORT-DRLIC,1
+PNAME+ADDRESS+SSN+PASSPORT+ACCT_NUM-DRLIC,1
+LIKELY_NAME+DOB+PHONE+DRLIC+PASSPORT+LOGIN_ID,1
+PNAME+ADDRESS+SSN+PASSPORT-DRLIC,1
+PNAME+ADDRESS+SSN+PASSPORT+LOGIN_ID+ACCT_NUM-DRLIC,1
+NAME+ADDRESS+PHONE+DRLIC-DOB,1
+ACCT_NUM-DOB-GENDER-SSN,1
+PNAME+DOB+ADDRESS+ACCT_NUM-SSN,1
+PNAME+DOB+ADDRESS-DRLIC,1
+PNAME+DOB+ADDRESS+DRLIC-GENERATION,1
+PNAME+DOB+ADDRESS+DRLIC+PASSPORT+ACCT_NUM (Ambiguous),1
+NAME-SSN-PASSPORT,1
+NAME+SSN+LOGIN_ID-DRLIC,1
+PNAME+DOB+ADDRESS+PASSPORT+ACCT_NUM-DRLIC,1
+NAME+SSN-GENERATION,1
+PNAME+DOB+ADDRESS+PASSPORT+LOGIN_ID-DRLIC,1
+NAME+SSN-GENDER-PASSPORT,1
+PNAME+DOB+ADDRESS+PHONE+ACCT_NUM-DRLIC,1
+PNAME+DOB+ADDRESS+PHONE+ACCT_NUM-GENERATION,1
+PNAME+DOB+ADDRESS+PHONE+ACCT_NUM-SSN,1
+NAME+SSN-GENDER-DRLIC,1
+PNAME+DOB+ADDRESS+PHONE+DRLIC,1
+NAME+SSN+DRLIC+LOGIN_ID-GENERATION,1
+PNAME+DOB+ADDRESS+PHONE+DRLIC+PASSPORT+LOGIN_ID (Ambiguous),1
+PNAME+DOB+ADDRESS+PHONE-GENERATION,1
+PNAME+DOB+ADDRESS+PHONE-PASSPORT,1
+PNAME+DOB+ADDRESS+PHONE+PASSPORT+ACCT_NUM-GENDER-SSN,1
+PNAME+DOB+ADDRESS+PHONE+PASSPORT-DRLIC,1
+PNAME+DOB+ADDRESS+PHONE+PASSPORT+LOGIN_ID+ACCT_NUM (Ambiguous),1
+PNAME+DOB+ADDRESS+PHONE-SSN,1
+NAME+ADDRESS+PHONE+ACCT_NUM-PASSPORT,1
+PNAME+DOB+ADDRESS+PHONE+SSN+ACCT_NUM-GENERATION,1
+NAME+SSN-DOB-GENDER-PASSPORT,1
+PNAME+DOB+ADDRESS+PHONE+SSN-DRLIC,1
+LIKELY_NAME+DOB+PASSPORT+LOGIN_ID+ACCT_NUM,1
+PNAME+DOB+ADDRESS+PHONE+SSN+DRLIC-GENERATION,1
+PNAME+DOB+ADDRESS+PHONE+SSN+DRLIC+PASSPORT+LOGIN_ID+ACCT_NUM (Ambiguous),1
+PNAME+DOB+ADDRESS+PHONE+SSN-GENERATION,1
+PNAME+DOB+ADDRESS+PHONE+SSN+LOGIN_ID+ACCT_NUM-DRLIC,1
+PNAME+DOB+ADDRESS+PHONE+SSN+PASSPORT-DRLIC,1
+PNAME+DOB+ADDRESS-SSN,1
+NAME+PHONE+SSN+PASSPORT-GENERATION,1
+PNAME+DOB+ADDRESS+SSN+ACCT_NUM-DRLIC,1
+PNAME+DOB+ADDRESS+SSN+ACCT_NUM-GENERATION,1
+NAME+PHONE+SSN+PASSPORT,1
+PNAME+DOB+ADDRESS+SSN+DRLIC+PASSPORT (Ambiguous),1
+PNAME+DOB+ADDRESS+SSN+DRLIC+PASSPORT+LOGIN_ID+ACCT_NUM (Ambiguous),1
+NAME+PHONE+SSN+LOGIN_ID-DRLIC,1
+PNAME+DOB+ADDRESS+SSN+PASSPORT-DRLIC,1
+PNAME+DOB+ADDRESS+SSN+PASSPORT+LOGIN_ID+ACCT_NUM (Ambiguous),1
+PNAME+DOB+ADDRESS+SSN+PASSPORT+LOGIN_ID (Ambiguous),1
+PNAME+DOB+DRLIC+PASSPORT+LOGIN_ID (Ambiguous),1
+PNAME+DOB+DRLIC-SSN,1
+PNAME-DOB-GENDER,1
+PNAME-DOB-GENDER-DRLIC,1
+NAME+PHONE+SSN+ACCT_NUM-GENERATION,1
+PNAME+DOB+PASSPORT+ACCT_NUM-DRLIC,1
+PNAME+DOB+PASSPORT+LOGIN_ID+ACCT_NUM (Ambiguous),1
+LIKELY_NAME+DOB+DRLIC+PASSPORT+LOGIN_ID+ACCT_NUM,1
+LIKELY_NAME+DOB+DRLIC+PASSPORT+ACCT_NUM,1
+PNAME+DOB+PHONE+ACCT_NUM-GENERATION,1
+PNAME+DOB+PHONE+ACCT_NUM-SSN-PASSPORT,1
+NAME+PHONE+PASSPORT+LOGIN_ID-DRLIC,1
+PNAME+DOB+PHONE+DRLIC-GENERATION,1
+PNAME+DOB+PHONE+LOGIN_ID+ACCT_NUM-GENDER,1
+NAME+PHONE+PASSPORT+LOGIN_ID+ACCT_NUM (Ambiguous),1
+PNAME+DOB+PHONE+LOGIN_ID-DRLIC,1
+PNAME+DOB+PHONE+LOGIN_ID-GENERATION,1
+PNAME+DOB+PHONE-SSN-DRLIC,1
+PNAME+DOB+PHONE+SSN-DRLIC,1
+PNAME+DOB+PHONE+SSN+DRLIC-GENERATION,1
+NAME+PHONE+LOGIN_ID+ACCT_NUM-DRLIC,1
+PNAME+DOB+PHONE+SSN+DRLIC+PASSPORT-GENERATION,1
+PNAME+DOB+PHONE+SSN+DRLIC+PASSPORT+LOGIN_ID (Ambiguous),1
+NAME+PHONE-GENERATION-SSN,1
+PNAME+DOB+PHONE+SSN+PASSPORT-DRLIC,1
+PNAME+DOB+PHONE+SSN+PASSPORT-GENERATION,1
+PNAME+DOB+PHONE+SSN+PASSPORT+LOGIN_ID (Ambiguous),1
+LIKELY_NAME+DOB+DRLIC+LOGIN_ID,1
+PNAME+DOB+SSN+ACCT_NUM-GENERATION,1
+PNAME+DOB+SSN-DRLIC,1
+NAME+PHONE+DRLIC+PASSPORT+LOGIN_ID (Ambiguous),1
+PNAME+DOB+SSN+DRLIC+ACCT_NUM-GENERATION,1
+NAME+PHONE+DRLIC+PASSPORT+ACCT_NUM,1
+PNAME+DOB+SSN+DRLIC+LOGIN_ID+ACCT_NUM (Ambiguous),1
+PNAME+DOB+SSN+DRLIC+LOGIN_ID (Ambiguous),1
+ACCT_NUM-PASSPORT,1
+PNAME+DOB+SSN+DRLIC+PASSPORT+LOGIN_ID (Ambiguous),1
+NAME+PHONE+DRLIC+PASSPORT,1
+PNAME+DOB+SSN+PASSPORT,1
+NAME+PHONE+DRLIC+LOGIN_ID+ACCT_NUM (Ambiguous),1
+NAME+PHONE+DRLIC-GENERATION,1
+PNAME+DOB+SSN+PASSPORT-DRLIC,1
+LIKELY_NAME+DOB+ADDRESS+SSN+DRLIC+PASSPORT,1
+NAME+PHONE-DOB-SSN-DRLIC-PASSPORT,1
+NAME+PHONE-DOB-GENDER-SSN-DRLIC-PASSPORT,1
+NAME+PHONE-DOB-GENDER-SSN-DRLIC,1
+NAME+PHONE-DOB-GENDER-PASSPORT,1
+PNAME+DRLIC-GENERATION,1
+LIKELY_NAME+DOB+ADDRESS+PHONE (Ambiguous),1
+LIKELY_NAME+DOB+ADDRESS+PASSPORT+LOGIN_ID,1
+NAME+PHONE-DOB-GENDER-DRLIC-PASSPORT,1
+PNAME-GENDER-PASSPORT,1
+PNAME+LOGIN_ID+ACCT_NUM-DOB-GENDER-SSN-DRLIC-PASSPORT,1
+PNAME+LOGIN_ID+ACCT_NUM-DRLIC,1
+NAME+PHONE+ACCT_NUM-PASSPORT,1
+NAME+PHONE+ACCT_NUM-GENDER,1
+NAME+PHONE+ACCT_NUM-DOB-SSN,1
+NAME+PHONE+ACCT_NUM-DOB,1
+NAME+PASSPORT-SSN,1
+NAME+PASSPORT+LOGIN_ID-DRLIC,1
+NAME+PASSPORT+LOGIN_ID (Ambiguous),1
+NAME+PASSPORT+LOGIN_ID+ACCT_NUM (Ambiguous),1
+NAME+PASSPORT+ACCT_NUM-GENERATION,1
+ACCT_NUM-GENDER,1
+NAME+LOGIN_ID-GENERATION-SSN-DRLIC,1
+NAME+LOGIN_ID-GENERATION,1
+LIKELY_NAME+ADDRESS-SSN-DRLIC,1
+PNAME+LOGIN_ID-GENERATION-DOB,1
+PNAME+LOGIN_ID-GENERATION-DOB-DRLIC,1
+PNAME+LOGIN_ID-GENERATION-DOB-GENDER-DRLIC,1
+PNAME+LOGIN_ID-GENERATION-DRLIC,1
+PNAME+LOGIN_ID-GENERATION-GENDER-SSN,1
+PNAME+LOGIN_ID-GENERATION-GENDER-SSN-PASSPORT,1
+PNAME+LOGIN_ID-GENERATION-SSN-DRLIC-PASSPORT,1
+LIKELY_NAME+ADDRESS-SSN,1
+LIKELY_NAME+ADDRESS+PHONE+SSN,1
+LIKELY_NAME+ADDRESS+PHONE+ACCT_NUM (Ambiguous),1
+LIKELY_NAME+ADDRESS+PASSPORT+LOGIN_ID+ACCT_NUM,1
+PNAME+PASSPORT+ACCT_NUM-DRLIC,1
+PNAME+PASSPORT-DRLIC,1
+PNAME+PASSPORT-GENERATION,1
+PNAME+PASSPORT-SSN,1
+PNAME+PHONE+ACCT_NUM,1
+LIKELY_NAME+ADDRESS-GENDER-SSN,1
+NAME+LOGIN_ID-DOB-GENDER-SSN-DRLIC-PASSPORT,1
+PNAME+PHONE-DOB-GENDER-DRLIC,1
+NAME+LOGIN_ID-DOB-GENDER-SSN-DRLIC,1
+PNAME+PHONE-DOB-SSN-DRLIC-PASSPORT,1
+PNAME+PHONE+DRLIC+PASSPORT+LOGIN_ID (Ambiguous),1
+PNAME+PHONE-GENDER-DRLIC,1
+PNAME+PHONE-GENDER-DRLIC-PASSPORT,1
+NAME+DRLIC+PASSPORT+LOGIN_ID+ACCT_NUM (Ambiguous),1
+NAME+DRLIC+PASSPORT-DOB,1
+PNAME+PHONE-GENDER-SSN-DRLIC-PASSPORT,1
+PNAME+PHONE+LOGIN_ID+ACCT_NUM-DRLIC,1
+PNAME+PHONE+LOGIN_ID-SSN-PASSPORT,1
+NAME+ADDRESS+DRLIC+LOGIN_ID (Ambiguous),1
+NAME+DRLIC+LOGIN_ID (Ambiguous),1
+PNAME+PHONE+PASSPORT+ACCT_NUM-GENERATION,1
+LIKELY_NAME+ADDRESS+DRLIC+LOGIN_ID+ACCT_NUM,1
+PNAME+PHONE+PASSPORT+LOGIN_ID+ACCT_NUM (Ambiguous),1
+NAME+DRLIC+LOGIN_ID+ACCT_NUM (Ambiguous),1
+LIKELY_NAME+ADDRESS+ACCT_NUM-DRLIC,1
+LIKELY_NAME+ACCT_NUM-DOB,1
+PNAME+PHONE-SSN-DRLIC-PASSPORT,1
+NAME+DRLIC-DOB-GENDER-SSN,1
+NAME+DRLIC-DOB-GENDER,1
+PNAME+PHONE+SSN+DRLIC+PASSPORT+LOGIN_ID+ACCT_NUM (Ambiguous),1
+NAME+DRLIC+ACCT_NUM-DRLIC,1
+NAME+DRLIC+ACCT_NUM,1
+PNAME+PHONE+SSN+PASSPORT-GENERATION,1
+SURNAME+SSN+PASSPORT-DRLIC,1
+NAME+ADDRESS-DRLIC-PASSPORT,1
+NAME+DOB+SSN+PASSPORT+LOGIN_ID-GENERATION,1
+NAME+DOB+SSN+PASSPORT+LOGIN_ID (Ambiguous),1
+NAME+DOB+SSN+PASSPORT,1
-GENERATION-GENDER-SSN-DRLIC,1
+NAME-DOB-SSN-PASSPORT,1
+NAME+DOB+SSN-GENDER-DRLIC,1
+NAME-DOB-SSN-DRLIC-PASSPORT,1
+PNAME+SSN+DRLIC+LOGIN_ID+ACCT_NUM,1
+NAME+ADDRESS+PHONE+ACCT_NUM-SSN-DRLIC,1
-GENERATION-GENDER,1
+PNAME+SSN+DRLIC+PASSPORT+LOGIN_ID (Ambiguous),1
+NAME+ADDRESS+DRLIC-SSN,1
+PNAME+SSN-GENERATION,1
+PNAME+SSN+LOGIN_ID+ACCT_NUM,1
+NAME-DOB-SSN,1
+PNAME+SSN+LOGIN_ID+ACCT_NUM-DRLIC,1
+NAME+DOB+PHONE+SSN+PASSPORT-GENERATION,1
-GENERATION-DRLIC,1
+PNAME+SSN+PASSPORT-DRLIC,1
-GENERATION-DOB-SSN-DRLIC-PASSPORT,1
+NAME+DOB+PHONE+SSN-GENERATION,1
-GENERATION-DOB-GENDER-SSN-DRLIC-PASSPORT,1
-GENERATION-DOB-GENDER-SSN-DRLIC,1
+DRLIC+LOGIN_ID-SSN-PASSPORT,1
+DRLIC+LOGIN_ID-DOB,1
+SSN+DRLIC+ACCT_NUM-GENERATION,1
+SSN+DRLIC-DOB,1
+NAME+DOB+PHONE+SSN+DRLIC,1
+SSN+DRLIC+LOGIN_ID-GENERATION,1
+NAME+ADDRESS-GENDER-DRLIC-PASSPORT,1
+NAME+DOB+PHONE+SSN,1
+NAME+DOB+PHONE+PASSPORT+LOGIN_ID (Ambiguous),1
+NAME+DOB+PHONE+PASSPORT+LOGIN_ID+ACCT_NUM (Ambiguous),1
+NAME+DOB+PHONE-PASSPORT,1
+NAME+DOB+PHONE-GENERATION,1
+NAME+DOB+PHONE+DRLIC+PASSPORT-GENERATION,1
+SSN-GENERATION-GENDER-DRLIC,1
+NAME+DOB+PHONE+DRLIC+LOGIN_ID (Ambiguous),1
+SSN+LOGIN_ID-DOB-PASSPORT,1
+NAME+DOB+PHONE+DRLIC-GENERATION,1
+DRLIC-GENDER-SSN-DRLIC-PASSPORT,1
+DRLIC-GENDER-DRLIC-PASSPORT,1
+DRLIC-GENDER-DRLIC,1
+SSN+PASSPORT+ACCT_NUM (Ambiguous),1
+SSN+PASSPORT+ACCT_NUM-DRLIC,1
+DRLIC-DOB-SSN-DRLIC-PASSPORT,1
+NAME+DOB+PHONE+DRLIC-DRLIC-PASSPORT,1
+DRLIC-DOB-GENDER-SSN-DRLIC-PASSPORT,1
+DRLIC-DOB-GENDER-DRLIC-PASSPORT,1
+DRLIC-DOB-GENDER-DRLIC,1
+SURNAME+ADDRESS+ACCT_NUM-DRLIC,1
+NAME+DOB+PHONE+ACCT_NUM-GENERATION,1
+NAME+DOB+PASSPORT+LOGIN_ID (Ambiguous),1
+DOB-SSN-PASSPORT,1
+NAME+DOB+PASSPORT+ACCT_NUM-SSN,1
+DOB+SSN-GENERATION,1
+NAME+DOB+PASSPORT+ACCT_NUM-DRLIC,1
+NAME-DOB-PASSPORT,1
+NAME+DOB+LOGIN_ID+ACCT_NUM (Ambiguous),1
+NAME+ADDRESS+PHONE-DOB,1
+SURNAME+ADDRESS+DRLIC-PASSPORT,1
+NAME+DOB-GENERATION-GENDER-SSN-DRLIC,1
+SURNAME+ADDRESS+DRLIC-SSN,1
+NAME+ADDRESS-GENDER-SSN-DRLIC-PASSPORT,1
+SURNAME+ADDRESS-GENERATION,1
+SURNAME+ADDRESS-GENERATION-DOB,1
+SURNAME+ADDRESS-GENERATION-DOB-SSN,1
+SURNAME+ADDRESS-GENERATION-DOB-SSN-PASSPORT,1
+SURNAME+ADDRESS-GENERATION-GENDER-SSN,1
+SURNAME+ADDRESS-GENERATION-GENDER-SSN-PASSPORT,1
+SURNAME+ADDRESS-GENERATION-SSN,1
+NAME+ADDRESS-GENERATION,1
+DOB+SSN+ACCT_NUM-DRLIC,1
+DOB-SSN,1
+NAME+ADDRESS-GENERATION-DOB-SSN,1
+DOB+PHONE+SSN+PASSPORT-GENERATION,1
+NAME+ADDRESS-GENERATION-SSN,1
+DOB+PHONE+SSN+PASSPORT+ACCT_NUM-GENERATION,1
+DOB+PHONE+SSN+LOGIN_ID-PASSPORT,1
+SURNAME+ADDRESS+PHONE+ACCT_NUM (Ambiguous),1
+DOB+PHONE+SSN+LOGIN_ID+ACCT_NUM-DRLIC,1
+NAME+ADDRESS+LOGIN_ID+ACCT_NUM,1
+SURNAME+ADDRESS+PHONE+DRLIC-DRLIC-PASSPORT,1
+NAME+ADDRESS+LOGIN_ID+ACCT_NUM (Ambiguous),1
+DOB+PHONE+SSN+DRLIC (Ambiguous),1
+DOB+PHONE+SSN (Ambiguous),1
+ACCT_NUM-DOB,1
+DOB+PHONE+SSN+ACCT_NUM-GENERATION,1
+SURNAME+ADDRESS+PHONE+LOGIN_ID-DRLIC,1
+DOB+PHONE+PASSPORT-SSN,1
+DOB+PHONE+PASSPORT-DRLIC,1
+SURNAME+ADDRESS+PHONE+PASSPORT+LOGIN_ID+ACCT_NUM-DOB,1
+SURNAME+ADDRESS+PHONE-SSN,1
+DOB+PHONE+LOGIN_ID-DRLIC,1
+DOB+PHONE-GENDER-SSN-PASSPORT,1
+DOB+PHONE-GENDER-PASSPORT,1
+DOB+PHONE-GENDER,1
+NAME+DOB+DRLIC+PASSPORT+LOGIN_ID (Ambiguous),1
+DOB+PHONE+DRLIC+LOGIN_ID-DRLIC,1
+DOB+PHONE+ACCT_NUM-SSN,1
+DOB+PASSPORT-DRLIC,1
+NAME+DOB+DRLIC+LOGIN_ID-SSN,1
+DOB+LOGIN_ID-GENERATION-GENDER-SSN-DRLIC,1
+NAME+DOB+DRLIC+LOGIN_ID+ACCT_NUM (Ambiguous),1
+SURNAME+ADDRESS+PHONE+SSN+PASSPORT+ACCT_NUM-DRLIC,1
+NAME+DOB+DRLIC+ACCT_NUM-SSN-PASSPORT,1
+SURNAME+ADDRESS+SSN+ACCT_NUM-DRLIC,1
+NAME+DOB+ADDRESS+SSN+PASSPORT,1
+SURNAME+ADDRESS+SSN-DRLIC,1
+NAME+DOB+ADDRESS+SSN+DRLIC+PASSPORT+LOGIN_ID (Ambiguous),1
+DOB-GENDER-SSN-PASSPORT,1
+SURNAME+ADDRESS+SSN+DRLIC+PASSPORT-GENERATION,1
+NAME+DOB+ADDRESS+SSN+DRLIC+LOGIN_ID+ACCT_NUM (Ambiguous),1
+NAME+DOB+ADDRESS+SSN+DRLIC-GENERATION,1
+NAME+ADDRESS+LOGIN_ID-SSN,1
+DOB+DRLIC+LOGIN_ID-GENERATION,1
+DOB+DRLIC+ACCT_NUM-DRLIC,1
+NAME+DOB+ADDRESS+PHONE+SSN+PASSPORT+LOGIN_ID (Ambiguous),1
+SURNAME+DOB+ADDRESS+ACCT_NUM-DRLIC,1
+SURNAME+DOB+ADDRESS-DRLIC,1
+NAME+DOB+ADDRESS+PHONE+SSN+PASSPORT+LOGIN_ID+ACCT_NUM (Ambiguous),1
+DOB+ADDRESS+SSN+LOGIN_ID+ACCT_NUM-DRLIC,1
+DOB+ADDRESS+SSN-GENERATION,1
+DOB+ADDRESS+SSN+DRLIC+LOGIN_ID (Ambiguous),1
+NAME+DOB+ADDRESS+PHONE+SSN+DRLIC+PASSPORT+LOGIN_ID+ACCT_NUM (Ambiguous),1
+SURNAME+DOB+ADDRESS+PHONE+ACCT_NUM-GENERATION,1
+NAME+DOB+ADDRESS+PHONE+SSN+DRLIC,1
+DOB+ADDRESS+SSN (Ambiguous),1
+DOB+ADDRESS+SSN+ACCT_NUM-GENERATION,1
+DOB+ADDRESS+PHONE+SSN+PASSPORT+LOGIN_ID (Ambiguous),1
+DOB+ADDRESS+PHONE+SSN+PASSPORT-DRLIC,1
+NAME+DOB+ADDRESS+PHONE+SSN+ACCT_NUM-GENERATION,1
+DOB+ADDRESS+PHONE+SSN+PASSPORT (Ambiguous),1
+DOB+ADDRESS+PHONE+SSN+PASSPORT+ACCT_NUM-DRLIC,1
+DOB+ADDRESS+PHONE+SSN+PASSPORT+ACCT_NUM (Ambiguous),1
+SURNAME+DOB+ADDRESS+PHONE+PASSPORT+ACCT_NUM-SSN,1
+DOB+ADDRESS+PHONE+SSN+LOGIN_ID (Ambiguous),1
+SURNAME+DOB+ADDRESS+PHONE-SSN,1
+DOB+ADDRESS+PHONE+SSN+LOGIN_ID+ACCT_NUM (Ambiguous),1
+SURNAME+DOB+ADDRESS+PHONE+SSN+ACCT_NUM-GENERATION,1
+NAME+DOB+ADDRESS+PHONE+PASSPORT+LOGIN_ID+ACCT_NUM (Ambiguous),1
+NAME+DOB+ADDRESS+PHONE+PASSPORT-DRLIC,1
+DOB+ADDRESS+PHONE+SSN-DRLIC-PASSPORT,1
+NAME+DOB+ADDRESS+PHONE+PASSPORT+ACCT_NUM-DRLIC,1
+DOB+ADDRESS+PHONE+SSN+DRLIC (Ambiguous),1
+DOB+ADDRESS+PHONE+SSN+DRLIC+ACCT_NUM-GENERATION,1
+SURNAME+DOB+ADDRESS+PHONE+SSN+PASSPORT-DRLIC,1
+NAME+DOB+ADDRESS+PHONE-PASSPORT,1
+NAME+DOB+ADDRESS+PHONE+LOGIN_ID-GENERATION,1
+DOB+ADDRESS+PHONE+SSN+ACCT_NUM (Ambiguous),1
+NAME+DOB+ADDRESS+PHONE-GENERATION,1
+DOB+ADDRESS+PHONE-SSN,1
+NAME+DOB+ADDRESS+PHONE-GENDER-SSN-PASSPORT,1
+NAME+DOB+ADDRESS+PHONE-GENDER,1
+DOB+ADDRESS+PHONE+PASSPORT-GENERATION,1
+NAME+DOB+ADDRESS+PHONE+DRLIC-SSN-DRLIC,1
+DOB+ADDRESS+PHONE+LOGIN_ID+ACCT_NUM-GENERATION,1
+DOB+ADDRESS+PHONE-GENERATION,1
+SURNAME-DOB-DRLIC,1
+DOB+ADDRESS+PHONE+DRLIC-GENERATION,1
+NAME+DOB+ADDRESS+PHONE+DRLIC-GENERATION,1
+DOB+ADDRESS+PHONE+DRLIC+ACCT_NUM-GENERATION,1
+NAME+DOB+ADDRESS+PHONE+DRLIC-DRLIC,1
+NAME+DOB+ADDRESS+PHONE+DRLIC+ACCT_NUM-GENERATION,1
+SURNAME-DOB-GENDER-DRLIC,1
+SURNAME-DOB-GENDER-DRLIC-PASSPORT,1
+SURNAME-DOB-GENDER-PASSPORT,1
+SURNAME-DOB-PASSPORT,1
+DOB+ADDRESS+PHONE+ACCT_NUM-SSN-PASSPORT,1
+DOB+ADDRESS+PHONE+ACCT_NUM-SSN,1
+SURNAME+DOB+PASSPORT+ACCT_NUM-DRLIC,1
+NAME+ADDRESS+PASSPORT+ACCT_NUM,1
+NAME+DOB+ADDRESS+PHONE+ACCT_NUM-GENDER-SSN,1
+SURNAME+DOB+PHONE+ACCT_NUM-PASSPORT,1
+NAME+DOB+ADDRESS+PASSPORT+LOGIN_ID (Ambiguous),1
+DOB+ADDRESS+LOGIN_ID-GENERATION,1
+DOB+ADDRESS+LOGIN_ID-DRLIC,1
+DOB+ADDRESS+LOGIN_ID+ACCT_NUM-SSN,1
+DOB+ADDRESS+LOGIN_ID+ACCT_NUM-GENERATION,1
+NAME+DOB+ADDRESS+PASSPORT+ACCT_NUM-DRLIC,1
+NAME+DOB+ADDRESS-PASSPORT,1
+NAME+DOB+ADDRESS+LOGIN_ID+ACCT_NUM (Ambiguous),1
+NAME+DOB+ADDRESS-GENERATION,1
+NAME+DOB+ADDRESS+DRLIC+PASSPORT+LOGIN_ID+ACCT_NUM (Ambiguous),1
+SURNAME+DOB+PHONE+PASSPORT-SSN,1
+SURNAME+DOB+PHONE-SSN,1
+SURNAME+DOB+PHONE+SSN+ACCT_NUM-DRLIC,1
+SURNAME+DOB+PHONE+SSN (Ambiguous),1
+SURNAME+DOB+PHONE+SSN+DRLIC (Ambiguous),1
+NAME+DOB+ADDRESS+ACCT_NUM-DRLIC,1
+DOB+ADDRESS+DRLIC+PASSPORT-GENERATION,1
+NAME+DOB+ACCT_NUM-SSN-PASSPORT,1
+SURNAME+DOB+PHONE+SSN-GENERATION,1
+DOB+ADDRESS+ACCT_NUM-SSN-PASSPORT,1
+DOB+ACCT_NUM-GENERATION,1
+NAME+ADDRESS+SSN+PASSPORT+LOGIN_ID (Ambiguous),1
+ADDRESS+SSN+PASSPORT+LOGIN_ID-DRLIC,1
+ADDRESS+SSN-PASSPORT,1
+ADDRESS+SSN+LOGIN_ID-GENERATION,1
+ADDRESS+SSN+LOGIN_ID-DOB,1
+NAME+ADDRESS+SSN+PASSPORT,1
+ADDRESS+SSN+LOGIN_ID+ACCT_NUM-DRLIC,1
+SURNAME-DOB-SSN-PASSPORT,1
+ADDRESS+SSN-GENERATION,1
+NAME+ADDRESS+SSN+DRLIC+PASSPORT+LOGIN_ID (Ambiguous),1
+SURNAME-DRLIC,1
+NAME+ADDRESS+SSN+DRLIC+LOGIN_ID (Ambiguous),1
+NAME+ADDRESS+SSN+DRLIC+LOGIN_ID+ACCT_NUM (Ambiguous),1
+NAME+ADDRESS+SSN+DRLIC-GENERATION,1
+NAME+ADDRESS+SSN+DRLIC,1
+NAME+ADDRESS+SSN-DOB-PASSPORT,1
+SURNAME+DRLIC-GENERATION-SSN,1
+ADDRESS+SSN+ACCT_NUM-GENERATION,1
+SURNAME-DRLIC-PASSPORT,1
+ADDRESS+SSN+ACCT_NUM (Ambiguous),1
+NAME+ADDRESS+PASSPORT+LOGIN_ID-GENERATION,1
+ADDRESS+PHONE+SSN+PASSPORT+LOGIN_ID-GENERATION,1
+NAME+ADDRESS+PHONE+SSN+PASSPORT-GENERATION,1
+SURNAME-GENERATION-DOB,1
+ADDRESS+PHONE+SSN+PASSPORT+LOGIN_ID+ACCT_NUM-DRLIC,1
+NAME+ADDRESS+PASSPORT-SSN,1
+NAME+ADDRESS+PHONE+SSN+LOGIN_ID-GENERATION,1
+ADDRESS+PHONE+SSN-GENDER,1
+NAME+ADDRESS+PHONE+SSN+LOGIN_ID-DRLIC,1
+ADDRESS+PHONE+SSN+DRLIC+PASSPORT-GENERATION,1
+ADDRESS+PHONE+SSN+DRLIC+ACCT_NUM-GENERATION,1
+ADDRESS+PHONE-SSN-DRLIC,1
+NAME+ADDRESS+PHONE+SSN+DRLIC-DOB,1
+ADDRESS+PHONE+PASSPORT-SSN,1
+NAME+ADDRESS+PHONE+ACCT_NUM-DOB,1
+ADDRESS+PHONE+PASSPORT-DRLIC,1
+SURNAME+LOGIN_ID-GENERATION-DOB,1
+SURNAME+LOGIN_ID-GENERATION-DOB-GENDER-SSN-PASSPORT,1
+SURNAME+LOGIN_ID-GENERATION-GENDER-PASSPORT,1
+SURNAME+LOGIN_ID-GENERATION-GENDER-SSN,1
+SURNAME+LOGIN_ID-GENERATION-SSN-PASSPORT,1
+ADDRESS+PHONE+DRLIC-SSN,1
+ADDRESS+PHONE+DRLIC-PASSPORT,1
+NAME+ADDRESS+PHONE-SSN-DRLIC,1
+ADDRESS+PHONE+DRLIC+ACCT_NUM-PASSPORT,1
+ADDRESS+PHONE+DRLIC+ACCT_NUM-GENERATION,1
+NAME+ADDRESS+PHONE+ACCT_NUM-DOB-PASSPORT,1
+ADDRESS+PHONE-DOB-SSN,1
+ADDRESS+PHONE-DOB-DRLIC-PASSPORT,1
+SURNAME+PHONE+ACCT_NUM-SSN-DRLIC,1
+SURNAME+PHONE-DOB-GENDER-DRLIC,1
+SURNAME+PHONE-DOB-GENDER-PASSPORT,1
+SURNAME+PHONE-DOB-GENDER-SSN-DRLIC-PASSPORT,1
+ADDRESS+PASSPORT+ACCT_NUM-DRLIC,1
+ADDRESS+LOGIN_ID-SSN,1
+ADDRESS+LOGIN_ID-DOB-SSN,1
+NAME+ADDRESS+PHONE+SSN+ACCT_NUM-DOB-PASSPORT,1
+NAME+ADDRESS+PHONE+PASSPORT-SSN,1
+SURNAME+PHONE-GENDER,1
+SURNAME+PHONE-GENDER-DRLIC,1
+NAME+ADDRESS+PHONE+PASSPORT+LOGIN_ID-DRLIC,1
+SURNAME+PHONE-GENDER-SSN-DRLIC-PASSPORT,1
+ADDRESS+LOGIN_ID-DOB-GENDER-SSN-PASSPORT,1
+ADDRESS+LOGIN_ID-DOB-GENDER-SSN,1
+NAME+ADDRESS+PHONE+PASSPORT+LOGIN_ID+ACCT_NUM-GENERATION,1
+NAME+ADDRESS+PHONE+PASSPORT+LOGIN_ID+ACCT_NUM (Ambiguous),1
+NAME+ADDRESS+PHONE+PASSPORT-DOB,1
+NAME+ADDRESS+PHONE+PASSPORT+ACCT_NUM,1
+NAME+ADDRESS+PHONE-PASSPORT,1
+SURNAME+PHONE+SSN-GENERATION,1
+NAME+ADDRESS+PHONE-GENERATION,1
+NAME+ADDRESS+PHONE+DRLIC-SSN,1
+NAME+ADDRESS+PHONE+DRLIC+PASSPORT+LOGIN_ID (Ambiguous),1
+NAME+ADDRESS+PHONE+DRLIC+PASSPORT+LOGIN_ID+ACCT_NUM (Ambiguous),1
+SURNAME+SSN+ACCT_NUM-DRLIC,1
+NAME+ADDRESS+PHONE+DRLIC+PASSPORT-GENERATION,1
+SURNAME+SSN-DOB-DRLIC-PASSPORT,1
+SURNAME+SSN-DOB-GENDER-DRLIC-PASSPORT,1
+ADDRESS+DRLIC-GENERATION,1
+ADDRESS+ACCT_NUM-PASSPORT,1
+ADDRESS+ACCT_NUM-GENERATION,1
+NAME+ADDRESS+PHONE+DRLIC-PASSPORT,1
+PHONE+SSN+DRLIC-GENERATION,1
+PHONE+SSN+DRLIC+LOGIN_ID+ACCT_NUM-DOB,1
+LIKELY_NAME+PHONE+SSN+DRLIC+PASSPORT+LOGIN_ID,1
+PHONE+SSN-DOB-PASSPORT,1
+PHONE+SSN+ACCT_NUM-DRLIC,1
+LIKELY_NAME+PHONE+SSN+DRLIC+PASSPORT+LOGIN_ID+ACCT_NUM,1
+PHONE+SSN+LOGIN_ID-DRLIC,1
+PHONE+SSN+LOGIN_ID-PASSPORT,1
+LIKELY_NAME+PHONE+DRLIC+PASSPORT+LOGIN_ID,1
